  0
SECTION
  2
HEADER
  9
$ACADVER
  1
AC1024
  9
$ACADMAINTVER
 70
6
  9
$DWGCODEPAGE
  3
ANSI_1252
  9
$LASTSAVEDBY
  1
ezdxf
  9
$INSBASE
 10
0.0
 20
0.0
 30
0.0
  9
$EXTMIN
 10
1e+20
 20
1e+20
 30
1e+20
  9
$EXTMAX
 10
-1e+20
 20
-1e+20
 30
-1e+20
  9
$LIMMIN
 10
0.0
 20
0.0
  9
$LIMMAX
 10
420.0
 20
297.0
  9
$ORTHOMODE
 70
0
  9
$REGENMODE
 70
1
  9
$FILLMODE
 70
1
  9
$QTEXTMODE
 70
0
  9
$MIRRTEXT
 70
1
  9
$LTSCALE
 40
1.0
  9
$ATTMODE
 70
1
  9
$TEXTSIZE
 40
2.5
  9
$TRACEWID
 40
1.0
  9
$TEXTSTYLE
  7
Standard
  9
$CLAYER
  8
0
  9
$CELTYPE
  6
ByLayer
  9
$CECOLOR
 62
256
  9
$CELTSCALE
 40
1.0
  9
$DISPSILH
 70
0
  9
$DIMSCALE
 40
1.0
  9
$DIMASZ
 40
2.5
  9
$DIMEXO
 40
0.625
  9
$DIMDLI
 40
3.75
  9
$DIMRND
 40
0.0
  9
$DIMDLE
 40
0.0
  9
$DIMEXE
 40
1.25
  9
$DIMTP
 40
0.0
  9
$DIMTM
 40
0.0
  9
$DIMTXT
 40
2.5
  9
$DIMCEN
 40
2.5
  9
$DIMTSZ
 40
0.0
  9
$DIMTOL
 70
0
  9
$DIMLIM
 70
0
  9
$DIMTIH
 70
0
  9
$DIMTOH
 70
0
  9
$DIMSE1
 70
0
  9
$DIMSE2
 70
0
  9
$DIMTAD
 70
1
  9
$DIMZIN
 70
8
  9
$DIMBLK
  1

  9
$DIMASO
 70
1
  9
$DIMSHO
 70
1
  9
$DIMPOST
  1

  9
$DIMAPOST
  1

  9
$DIMALT
 70
0
  9
$DIMALTD
 70
3
  9
$DIMALTF
 40
0.03937007874
  9
$DIMLFAC
 40
1.0
  9
$DIMTOFL
 70
1
  9
$DIMTVP
 40
0.0
  9
$DIMTIX
 70
0
  9
$DIMSOXD
 70
0
  9
$DIMSAH
 70
0
  9
$DIMBLK1
  1

  9
$DIMBLK2
  1

  9
$DIMSTYLE
  2
ISO-25
  9
$DIMCLRD
 70
0
  9
$DIMCLRE
 70
0
  9
$DIMCLRT
 70
0
  9
$DIMTFAC
 40
1.0
  9
$DIMGAP
 40
0.625
  9
$DIMJUST
 70
0
  9
$DIMSD1
 70
0
  9
$DIMSD2
 70
0
  9
$DIMTOLJ
 70
0
  9
$DIMTZIN
 70
8
  9
$DIMALTZ
 70
0
  9
$DIMALTTZ
 70
0
  9
$DIMUPT
 70
0
  9
$DIMDEC
 70
2
  9
$DIMTDEC
 70
2
  9
$DIMALTU
 70
2
  9
$DIMALTTD
 70
3
  9
$DIMTXSTY
  7
Standard
  9
$DIMAUNIT
 70
0
  9
$DIMADEC
 70
0
  9
$DIMALTRND
 40
0.0
  9
$DIMAZIN
 70
0
  9
$DIMDSEP
 70
44
  9
$DIMATFIT
 70
3
  9
$DIMFRAC
 70
0
  9
$DIMLDRBLK
  1

  9
$DIMLUNIT
 70
2
  9
$DIMLWD
 70
-2
  9
$DIMLWE
 70
-2
  9
$DIMTMOVE
 70
0
  9
$DIMFXL
 40
1.0
  9
$DIMFXLON
 70
0
  9
$DIMJOGANG
 40
0.785398163397
  9
$DIMTFILL
 70
0
  9
$DIMTFILLCLR
 70
0
  9
$DIMARCSYM
 70
0
  9
$DIMLTYPE
  6

  9
$DIMLTEX1
  6

  9
$DIMLTEX2
  6

  9
$DIMTXTDIRECTION
 70
0
  9
$LUNITS
 70
2
  9
$LUPREC
 70
4
  9
$SKETCHINC
 40
1.0
  9
$FILLETRAD
 40
10.0
  9
$AUNITS
 70
0
  9
$AUPREC
 70
2
  9
$MENU
  1
.
  9
$ELEVATION
 40
0.0
  9
$PELEVATION
 40
0.0
  9
$THICKNESS
 40
0.0
  9
$LIMCHECK
 70
0
  9
$CHAMFERA
 40
0.0
  9
$CHAMFERB
 40
0.0
  9
$CHAMFERC
 40
0.0
  9
$CHAMFERD
 40
0.0
  9
$SKPOLY
 70
0
  9
$TDCREATE
 40
2461182.7936689816
  9
$TDUCREATE
 40
2458532.153996898
  9
$TDUPDATE
 40
2461182.7936805557
  9
$TDUUPDATE
 40
2458532.1544311
  9
$TDINDWG
 40
0.0
  9
$TDUSRTIMER
 40
0.0
  9
$USRTIMER
 70
1
  9
$ANGBASE
 50
0.0
  9
$ANGDIR
 70
0
  9
$PDMODE
 70
0
  9
$PDSIZE
 40
0.0
  9
$PLINEWID
 40
0.0
  9
$SPLFRAME
 70
0
  9
$SPLINETYPE
 70
6
  9
$SPLINESEGS
 70
8
  9
$HANDSEED
  5
120D
  9
$SURFTAB1
 70
6
  9
$SURFTAB2
 70
6
  9
$SURFTYPE
 70
6
  9
$SURFU
 70
6
  9
$SURFV
 70
6
  9
$UCSBASE
  2

  9
$UCSNAME
  2

  9
$UCSORG
 10
0.0
 20
0.0
 30
0.0
  9
$UCSXDIR
 10
1.0
 20
0.0
 30
0.0
  9
$UCSYDIR
 10
0.0
 20
1.0
 30
0.0
  9
$UCSORTHOREF
  2

  9
$UCSORTHOVIEW
 70
0
  9
$UCSORGTOP
 10
0.0
 20
0.0
 30
0.0
  9
$UCSORGBOTTOM
 10
0.0
 20
0.0
 30
0.0
  9
$UCSORGLEFT
 10
0.0
 20
0.0
 30
0.0
  9
$UCSORGRIGHT
 10
0.0
 20
0.0
 30
0.0
  9
$UCSORGFRONT
 10
0.0
 20
0.0
 30
0.0
  9
$UCSORGBACK
 10
0.0
 20
0.0
 30
0.0
  9
$PUCSBASE
  2

  9
$PUCSNAME
  2

  9
$PUCSORG
 10
0.0
 20
0.0
 30
0.0
  9
$PUCSXDIR
 10
1.0
 20
0.0
 30
0.0
  9
$PUCSYDIR
 10
0.0
 20
1.0
 30
0.0
  9
$PUCSORTHOREF
  2

  9
$PUCSORTHOVIEW
 70
0
  9
$PUCSORGTOP
 10
0.0
 20
0.0
 30
0.0
  9
$PUCSORGBOTTOM
 10
0.0
 20
0.0
 30
0.0
  9
$PUCSORGLEFT
 10
0.0
 20
0.0
 30
0.0
  9
$PUCSORGRIGHT
 10
0.0
 20
0.0
 30
0.0
  9
$PUCSORGFRONT
 10
0.0
 20
0.0
 30
0.0
  9
$PUCSORGBACK
 10
0.0
 20
0.0
 30
0.0
  9
$USERI1
 70
0
  9
$USERI2
 70
0
  9
$USERI3
 70
0
  9
$USERI4
 70
0
  9
$USERI5
 70
0
  9
$USERR1
 40
0.0
  9
$USERR2
 40
0.0
  9
$USERR3
 40
0.0
  9
$USERR4
 40
0.0
  9
$USERR5
 40
0.0
  9
$WORLDVIEW
 70
1
  9
$SHADEDGE
 70
3
  9
$SHADEDIF
 70
70
  9
$TILEMODE
 70
1
  9
$MAXACTVP
 70
64
  9
$PINSBASE
 10
0.0
 20
0.0
 30
0.0
  9
$PLIMCHECK
 70
0
  9
$PEXTMIN
 10
1e+20
 20
1e+20
 30
1e+20
  9
$PEXTMAX
 10
-1e+20
 20
-1e+20
 30
-1e+20
  9
$PLIMMIN
 10
0.0
 20
0.0
  9
$PLIMMAX
 10
420.0
 20
297.0
  9
$UNITMODE
 70
0
  9
$VISRETAIN
 70
1
  9
$PLINEGEN
 70
0
  9
$PSLTSCALE
 70
1
  9
$TREEDEPTH
 70
3020
  9
$CMLSTYLE
  2
Standard
  9
$CMLJUST
 70
0
  9
$CMLSCALE
 40
20.0
  9
$PROXYGRAPHICS
 70
1
  9
$MEASUREMENT
 70
1
  9
$CELWEIGHT
370
-1
  9
$ENDCAPS
280
0
  9
$JOINSTYLE
280
0
  9
$LWDISPLAY
290
0
  9
$INSUNITS
 70
4
  9
$HYPERLINKBASE
  1

  9
$STYLESHEET
  1

  9
$XEDIT
290
1
  9
$CEPSNTYPE
380
0
  9
$PSTYLEMODE
290
1
  9
$FINGERPRINTGUID
  2
{9F50183C-173C-4376-BF1E-53217092C453}
  9
$VERSIONGUID
  2
{4300B219-B823-4B2E-BC50-A946F2908472}
  9
$EXTNAMES
290
1
  9
$PSVPSCALE
 40
0.0
  9
$OLESTARTUP
290
0
  9
$SORTENTS
280
127
  9
$INDEXCTL
280
0
  9
$HIDETEXT
280
1
  9
$XCLIPFRAME
280
1
  9
$HALOGAP
280
0
  9
$OBSCOLOR
 70
257
  9
$OBSLTYPE
280
0
  9
$INTERSECTIONDISPLAY
280
0
  9
$INTERSECTIONCOLOR
 70
257
  9
$DIMASSOC
280
2
  9
$PROJECTNAME
  1

  9
$CAMERADISPLAY
290
0
  9
$LENSLENGTH
 40
50.0
  9
$CAMERAHEIGHT
 40
0.0
  9
$STEPSPERSEC
 40
24.0
  9
$STEPSIZE
 40
100.0
  9
$3DDWFPREC
 40
2.0
  9
$PSOLWIDTH
 40
0.005
  9
$PSOLHEIGHT
 40
0.08
  9
$LOFTANG1
 40
1.570796326795
  9
$LOFTANG2
 40
1.570796326795
  9
$LOFTMAG1
 40
0.0
  9
$LOFTMAG2
 40
0.0
  9
$LOFTPARAM
 70
7
  9
$LOFTNORMALS
280
1
  9
$LATITUDE
 40
37.795
  9
$LONGITUDE
 40
-122.394
  9
$NORTHDIRECTION
 40
0.0
  9
$TIMEZONE
 70
-8000
  9
$LIGHTGLYPHDISPLAY
280
1
  9
$TILEMODELIGHTSYNCH
280
1
  9
$CMATERIAL
347
20
  9
$SOLIDHIST
280
0
  9
$SHOWHIST
280
1
  9
$DWFFRAME
280
2
  9
$DGNFRAME
280
2
  9
$REALWORLDSCALE
290
1
  9
$INTERFERECOLOR
 62
256
  9
$CSHADOW
280
0
  9
$SHADOWPLANELOCATION
 40
0.0
  0
ENDSEC
  0
SECTION
  2
CLASSES
  0
CLASS
  1
ACDBDICTIONARYWDFLT
  2
AcDbDictionaryWithDefault
  3
ObjectDBX Classes
 90
0
 91
0
280
0
281
0
  0
CLASS
  1
SUN
  2
AcDbSun
  3
SCENEOE
 90
1153
 91
0
280
0
281
0
  0
CLASS
  1
VISUALSTYLE
  2
AcDbVisualStyle
  3
ObjectDBX Classes
 90
4095
 91
0
280
0
281
0
  0
CLASS
  1
MATERIAL
  2
AcDbMaterial
  3
ObjectDBX Classes
 90
1153
 91
0
280
0
281
0
  0
CLASS
  1
SCALE
  2
AcDbScale
  3
ObjectDBX Classes
 90
1153
 91
0
280
0
281
0
  0
CLASS
  1
TABLESTYLE
  2
AcDbTableStyle
  3
ObjectDBX Classes
 90
4095
 91
0
280
0
281
0
  0
CLASS
  1
MLEADERSTYLE
  2
AcDbMLeaderStyle
  3
ACDB_MLEADERSTYLE_CLASS
 90
4095
 91
0
280
0
281
0
  0
CLASS
  1
DICTIONARYVAR
  2
AcDbDictionaryVar
  3
ObjectDBX Classes
 90
0
 91
0
280
0
281
0
  0
CLASS
  1
CELLSTYLEMAP
  2
AcDbCellStyleMap
  3
ObjectDBX Classes
 90
1152
 91
0
280
0
281
0
  0
CLASS
  1
MENTALRAYRENDERSETTINGS
  2
AcDbMentalRayRenderSettings
  3
SCENEOE
 90
1024
 91
0
280
0
281
0
  0
CLASS
  1
ACDBDETAILVIEWSTYLE
  2
AcDbDetailViewStyle
  3
ObjectDBX Classes
 90
1025
 91
0
280
0
281
0
  0
CLASS
  1
ACDBSECTIONVIEWSTYLE
  2
AcDbSectionViewStyle
  3
ObjectDBX Classes
 90
1025
 91
0
280
0
281
0
  0
CLASS
  1
RASTERVARIABLES
  2
AcDbRasterVariables
  3
ISM
 90
0
 91
0
280
0
281
0
  0
CLASS
  1
LAYOUT
  2
AcDbLayout
  3
ObjectDBX Classes
 90
0
 91
0
280
0
281
0
  0
CLASS
  1
ACDBPLACEHOLDER
  2
AcDbPlaceHolder
  3
ObjectDBX Classes
 90
0
 91
0
280
0
281
0
  0
ENDSEC
  0
SECTION
  2
TABLES
  0
TABLE
  2
VPORT
  5
8
330
0
100
AcDbSymbolTable
 70
1
  0
VPORT
  5
23
330
8
100
AcDbSymbolTableRecord
100
AcDbViewportTableRecord
  2
*Active
 70
0
 10
0.0
 20
0.0
 11
1.0
 21
1.0
 12
0.0
 22
0.0
 13
0.0
 23
0.0
 14
0.5
 24
0.5
 15
0.5
 25
0.5
 16
0.0
 26
0.0
 36
1.0
 17
0.0
 27
0.0
 37
0.0
 40
1000.0
 41
1.34
 42
50.0
 43
0.0
 44
0.0
 50
0.0
 51
0.0
 71
0
 72
1000
 73
1
 74
3
 75
0
 76
0
 77
0
 78
0
281
0
 65
0
146
0.0
  0
ENDTAB
  0
TABLE
  2
LTYPE
  5
2
330
0
100
AcDbSymbolTable
 70
3
  0
LTYPE
  5
24
330
2
100
AcDbSymbolTableRecord
100
AcDbLinetypeTableRecord
  2
ByBlock
 70
0
  3

 72
65
 73
0
 40
0.0
  0
LTYPE
  5
25
330
2
100
AcDbSymbolTableRecord
100
AcDbLinetypeTableRecord
  2
ByLayer
 70
0
  3

 72
65
 73
0
 40
0.0
  0
LTYPE
  5
26
330
2
100
AcDbSymbolTableRecord
100
AcDbLinetypeTableRecord
  2
Continuous
 70
0
  3

 72
65
 73
0
 40
0.0
  0
ENDTAB
  0
TABLE
  2
LAYER
  5
1
330
0
100
AcDbSymbolTable
 70
9
  0
LAYER
  5
27
330
1
100
AcDbSymbolTableRecord
100
AcDbLayerTableRecord
  2
0
 70
0
 62
7
  6
Continuous
370
-3
390
13
347
21
  0
LAYER
  5
28
330
1
100
AcDbSymbolTableRecord
100
AcDbLayerTableRecord
  2
Defpoints
 70
0
 62
7
  6
Continuous
290
0
370
-3
390
13
347
21
  0
LAYER
  5
2F
330
1
100
AcDbSymbolTableRecord
100
AcDbLayerTableRecord
  2
LINES
 70
0
 62
7
  6
Continuous
370
-3
390
13
347
21
  0
LAYER
  5
30
330
1
100
AcDbSymbolTableRecord
100
AcDbLayerTableRecord
  2
RECTANGLES
 70
0
 62
3
  6
Continuous
370
-3
390
13
347
21
  0
LAYER
  5
31
330
1
100
AcDbSymbolTableRecord
100
AcDbLayerTableRecord
  2
CIRCLES
 70
0
 62
1
  6
Continuous
370
-3
390
13
347
21
  0
LAYER
  5
32
330
1
100
AcDbSymbolTableRecord
100
AcDbLayerTableRecord
  2
ARCS
 70
0
 62
4
  6
Continuous
370
-3
390
13
347
21
  0
LAYER
  5
33
330
1
100
AcDbSymbolTableRecord
100
AcDbLayerTableRecord
  2
CURVES
 70
0
 62
6
  6
Continuous
370
-3
390
13
347
21
  0
LAYER
  5
34
330
1
100
AcDbSymbolTableRecord
100
AcDbLayerTableRecord
  2
TEXT
 70
0
 62
2
  6
Continuous
370
-3
390
13
347
21
  0
LAYER
  5
35
330
1
100
AcDbSymbolTableRecord
100
AcDbLayerTableRecord
  2
TITLE_BLOCK
 70
0
 62
5
  6
Continuous
370
-3
390
13
347
21
  0
ENDTAB
  0
TABLE
  2
STYLE
  5
5
330
0
100
AcDbSymbolTable
 70
1
  0
STYLE
  5
29
330
5
100
AcDbSymbolTableRecord
100
AcDbTextStyleTableRecord
  2
Standard
 70
0
 40
0.0
 41
1.0
 50
0.0
 71
0
 42
2.5
  3
txt
  4

  0
ENDTAB
  0
TABLE
  2
VIEW
  5
7
330
0
100
AcDbSymbolTable
 70
0
  0
ENDTAB
  0
TABLE
  2
UCS
  5
6
330
0
100
AcDbSymbolTable
 70
0
  0
ENDTAB
  0
TABLE
  2
APPID
  5
3
330
0
100
AcDbSymbolTable
 70
3
  0
APPID
  5
2A
330
3
100
AcDbSymbolTableRecord
100
AcDbRegAppTableRecord
  2
ACAD
 70
0
  0
APPID
  5
120A
330
3
100
AcDbSymbolTableRecord
100
AcDbRegAppTableRecord
  2
HATCHBACKGROUNDCOLOR
 70
0
  0
APPID
  5
120B
330
3
100
AcDbSymbolTableRecord
100
AcDbRegAppTableRecord
  2
EZDXF
 70
0
  0
ENDTAB
  0
TABLE
  2
DIMSTYLE
  5
4
330
0
100
AcDbSymbolTable
 70
1
100
AcDbDimStyleTable
  0
DIMSTYLE
105
2B
330
4
100
AcDbSymbolTableRecord
100
AcDbDimStyleTableRecord
  2
Standard
 70
0
 40
1.0
 41
2.5
 42
0.625
 43
3.75
 44
1.25
 45
0.0
 46
0.0
 47
0.0
 48
0.0
 49
2.5
140
2.5
141
2.5
142
0.0
143
0.03937007874
144
1.0
145
0.0
146
1.0
147
0.625
148
0.0
 69
0
 70
0
 71
0
 72
0
 73
0
 74
0
 75
0
 76
0
 77
1
 78
8
 79
3
170
0
171
3
172
1
173
0
174
0
175
0
176
0
177
0
178
0
179
2
271
2
272
2
273
2
274
3
275
0
276
0
277
2
278
44
279
0
280
0
281
0
282
0
283
0
284
8
285
0
286
0
288
0
289
3
290
0
371
-2
372
-2
  0
ENDTAB
  0
TABLE
  2
BLOCK_RECORD
  5
9
330
0
100
AcDbSymbolTable
 70
2
  0
BLOCK_RECORD
  5
17
330
9
100
AcDbSymbolTableRecord
100
AcDbBlockTableRecord
  2
*Model_Space
340
1A
 70
0
280
1
281
0
  0
BLOCK_RECORD
  5
1B
330
9
100
AcDbSymbolTableRecord
100
AcDbBlockTableRecord
  2
*Paper_Space
340
1E
 70
0
280
1
281
0
  0
ENDTAB
  0
ENDSEC
  0
SECTION
  2
BLOCKS
  0
BLOCK
  5
18
330
17
100
AcDbEntity
  8
0
100
AcDbBlockBegin
  2
*Model_Space
 70
0
 10
0.0
 20
0.0
 30
0.0
  3
*Model_Space
  1

  0
ENDBLK
  5
19
330
17
100
AcDbEntity
  8
0
100
AcDbBlockEnd
  0
BLOCK
  5
1C
330
1B
100
AcDbEntity
  8
0
100
AcDbBlockBegin
  2
*Paper_Space
 70
0
 10
0.0
 20
0.0
 30
0.0
  3
*Paper_Space
  1

  0
ENDBLK
  5
1D
330
1B
100
AcDbEntity
  8
0
100
AcDbBlockEnd
  0
ENDSEC
  0
SECTION
  2
ENTITIES
  0
LINE
  5
36
330
17
100
AcDbEntity
  8
LINES
100
AcDbLine
 10
734.68
 20
806.4399999999999
 30
0.0
 11
735.16
 21
806.68
 31
0.0
  0
LINE
  5
37
330
17
100
AcDbEntity
  8
LINES
100
AcDbLine
 10
736.12
 20
806.4399999999999
 30
0.0
 11
736.72
 21
806.68
 31
0.0
  0
LINE
  5
38
330
17
100
AcDbEntity
  8
LINES
100
AcDbLine
 10
453.03999999999996
 20
808.24
 30
0.0
 11
453.15999999999997
 21
809.68
 31
0.0
  0
LINE
  5
39
330
17
100
AcDbEntity
  8
LINES
100
AcDbLine
 10
453.03999999999996
 20
806.4399999999999
 30
0.0
 11
453.52
 21
806.68
 31
0.0
  0
LINE
  5
3A
330
17
100
AcDbEntity
  8
LINES
100
AcDbLine
 10
274.71999999999997
 20
808.24
 30
0.0
 11
275.8
 21
809.68
 31
0.0
  0
LINE
  5
3B
330
17
100
AcDbEntity
  8
LINES
100
AcDbLine
 10
274.0
 20
806.4399999999999
 30
0.0
 11
274.59999999999997
 21
806.68
 31
0.0
  0
LINE
  5
3C
330
17
100
AcDbEntity
  8
LINES
100
AcDbLine
 10
45.04
 20
770.92
 30
0.0
 11
46.84
 21
770.92
 31
0.0
  0
LINE
  5
3D
330
17
100
AcDbEntity
  8
LINES
100
AcDbLine
 10
44.92
 20
770.8
 30
0.0
 11
47.08
 21
770.8
 31
0.0
  0
LINE
  5
3E
330
17
100
AcDbEntity
  8
LINES
100
AcDbLine
 10
44.92
 20
656.56
 30
0.0
 11
44.92
 21
660.4
 31
0.0
  0
LINE
  5
3F
330
17
100
AcDbEntity
  8
LINES
100
AcDbLine
 10
45.04
 20
656.8
 30
0.0
 11
45.04
 21
660.16
 31
0.0
  0
LINE
  5
40
330
17
100
AcDbEntity
  8
LINES
100
AcDbLine
 10
44.92
 20
468.03999999999996
 30
0.0
 11
44.92
 21
471.88
 31
0.0
  0
LINE
  5
41
330
17
100
AcDbEntity
  8
LINES
100
AcDbLine
 10
45.04
 20
468.28
 30
0.0
 11
45.04
 21
471.64
 31
0.0
  0
LINE
  5
42
330
17
100
AcDbEntity
  8
LINES
100
AcDbLine
 10
44.92
 20
373.84
 30
0.0
 11
44.92
 21
377.56
 31
0.0
  0
LINE
  5
43
330
17
100
AcDbEntity
  8
LINES
100
AcDbLine
 10
45.04
 20
373.96
 30
0.0
 11
45.04
 21
377.44
 31
0.0
  0
LINE
  5
44
330
17
100
AcDbEntity
  8
LINES
100
AcDbLine
 10
927.64
 20
797.0799999999999
 30
0.0
 11
930.28
 21
797.0799999999999
 31
0.0
  0
LINE
  5
45
330
17
100
AcDbEntity
  8
LINES
100
AcDbLine
 10
927.4
 20
796.72
 30
0.0
 11
930.64
 21
796.72
 31
0.0
  0
LINE
  5
46
330
17
100
AcDbEntity
  8
LINES
100
AcDbLine
 10
932.68
 20
795.4
 30
0.0
 11
932.68
 21
801.04
 31
0.0
  0
LINE
  5
47
330
17
100
AcDbEntity
  8
LINES
100
AcDbLine
 10
932.92
 20
795.76
 30
0.0
 11
932.92
 21
800.8
 31
0.0
  0
LINE
  5
48
330
17
100
AcDbEntity
  8
RECTANGLES
100
AcDbLine
 10
943.36
 20
795.4
 30
0.0
 11
943.5999999999999
 21
795.4
 31
0.0
  0
LINE
  5
49
330
17
100
AcDbEntity
  8
RECTANGLES
100
AcDbLine
 10
943.5999999999999
 20
795.4
 30
0.0
 11
943.5999999999999
 21
801.04
 31
0.0
  0
LINE
  5
4A
330
17
100
AcDbEntity
  8
RECTANGLES
100
AcDbLine
 10
943.5999999999999
 20
801.04
 30
0.0
 11
943.36
 21
801.04
 31
0.0
  0
LINE
  5
4B
330
17
100
AcDbEntity
  8
RECTANGLES
100
AcDbLine
 10
943.36
 20
801.04
 30
0.0
 11
943.36
 21
795.4
 31
0.0
  0
LINE
  5
4C
330
17
100
AcDbEntity
  8
LINES
100
AcDbLine
 10
951.52
 20
797.0799999999999
 30
0.0
 11
954.16
 21
797.0799999999999
 31
0.0
  0
LINE
  5
4D
330
17
100
AcDbEntity
  8
LINES
100
AcDbLine
 10
951.28
 20
796.72
 30
0.0
 11
954.52
 21
796.72
 31
0.0
  0
LINE
  5
4E
330
17
100
AcDbEntity
  8
RECTANGLES
100
AcDbLine
 10
956.0799999999999
 20
800.8
 30
0.0
 11
959.56
 21
800.8
 31
0.0
  0
LINE
  5
4F
330
17
100
AcDbEntity
  8
RECTANGLES
100
AcDbLine
 10
959.56
 20
800.8
 30
0.0
 11
959.56
 21
801.04
 31
0.0
  0
LINE
  5
50
330
17
100
AcDbEntity
  8
RECTANGLES
100
AcDbLine
 10
959.56
 20
801.04
 30
0.0
 11
956.0799999999999
 21
801.04
 31
0.0
  0
LINE
  5
51
330
17
100
AcDbEntity
  8
RECTANGLES
100
AcDbLine
 10
956.0799999999999
 20
801.04
 30
0.0
 11
956.0799999999999
 21
800.8
 31
0.0
  0
LINE
  5
52
330
17
100
AcDbEntity
  8
RECTANGLES
100
AcDbLine
 10
961.12
 20
795.4
 30
0.0
 11
961.36
 21
795.4
 31
0.0
  0
LINE
  5
53
330
17
100
AcDbEntity
  8
RECTANGLES
100
AcDbLine
 10
961.36
 20
795.4
 30
0.0
 11
961.36
 21
801.04
 31
0.0
  0
LINE
  5
54
330
17
100
AcDbEntity
  8
RECTANGLES
100
AcDbLine
 10
961.36
 20
801.04
 30
0.0
 11
961.12
 21
801.04
 31
0.0
  0
LINE
  5
55
330
17
100
AcDbEntity
  8
RECTANGLES
100
AcDbLine
 10
961.12
 20
801.04
 30
0.0
 11
961.12
 21
795.4
 31
0.0
  0
LINE
  5
56
330
17
100
AcDbEntity
  8
LINES
100
AcDbLine
 10
987.4
 20
797.0799999999999
 30
0.0
 11
990.04
 21
797.0799999999999
 31
0.0
  0
LINE
  5
57
330
17
100
AcDbEntity
  8
LINES
100
AcDbLine
 10
987.16
 20
796.72
 30
0.0
 11
990.28
 21
796.72
 31
0.0
  0
LINE
  5
58
330
17
100
AcDbEntity
  8
RECTANGLES
100
AcDbLine
 10
991.9599999999999
 20
800.8
 30
0.0
 11
995.3199999999999
 21
800.8
 31
0.0
  0
LINE
  5
59
330
17
100
AcDbEntity
  8
RECTANGLES
100
AcDbLine
 10
995.3199999999999
 20
800.8
 30
0.0
 11
995.3199999999999
 21
801.04
 31
0.0
  0
LINE
  5
5A
330
17
100
AcDbEntity
  8
RECTANGLES
100
AcDbLine
 10
995.3199999999999
 20
801.04
 30
0.0
 11
991.9599999999999
 21
801.04
 31
0.0
  0
LINE
  5
5B
330
17
100
AcDbEntity
  8
RECTANGLES
100
AcDbLine
 10
991.9599999999999
 20
801.04
 30
0.0
 11
991.9599999999999
 21
800.8
 31
0.0
  0
LINE
  5
5C
330
17
100
AcDbEntity
  8
LINES
100
AcDbLine
 10
997.0
 20
795.4
 30
0.0
 11
997.0
 21
801.04
 31
0.0
  0
LINE
  5
5D
330
17
100
AcDbEntity
  8
LINES
100
AcDbLine
 10
997.24
 20
795.76
 30
0.0
 11
997.24
 21
800.8
 31
0.0
  0
LINE
  5
5E
330
17
100
AcDbEntity
  8
RECTANGLES
100
AcDbLine
 10
1007.3199999999999
 20
795.4
 30
0.0
 11
1007.56
 21
795.4
 31
0.0
  0
LINE
  5
5F
330
17
100
AcDbEntity
  8
RECTANGLES
100
AcDbLine
 10
1007.56
 20
795.4
 30
0.0
 11
1007.56
 21
801.04
 31
0.0
  0
LINE
  5
60
330
17
100
AcDbEntity
  8
RECTANGLES
100
AcDbLine
 10
1007.56
 20
801.04
 30
0.0
 11
1007.3199999999999
 21
801.04
 31
0.0
  0
LINE
  5
61
330
17
100
AcDbEntity
  8
RECTANGLES
100
AcDbLine
 10
1007.3199999999999
 20
801.04
 30
0.0
 11
1007.3199999999999
 21
795.4
 31
0.0
  0
LINE
  5
62
330
17
100
AcDbEntity
  8
LINES
100
AcDbLine
 10
1009.9599999999999
 20
797.0799999999999
 30
0.0
 11
1012.5999999999999
 21
797.0799999999999
 31
0.0
  0
LINE
  5
63
330
17
100
AcDbEntity
  8
LINES
100
AcDbLine
 10
1009.7199999999999
 20
796.72
 30
0.0
 11
1012.8399999999999
 21
796.72
 31
0.0
  0
LINE
  5
64
330
17
100
AcDbEntity
  8
RECTANGLES
100
AcDbLine
 10
1029.6399999999999
 20
795.4
 30
0.0
 11
1029.88
 21
795.4
 31
0.0
  0
LINE
  5
65
330
17
100
AcDbEntity
  8
RECTANGLES
100
AcDbLine
 10
1029.88
 20
795.4
 30
0.0
 11
1029.88
 21
801.04
 31
0.0
  0
LINE
  5
66
330
17
100
AcDbEntity
  8
RECTANGLES
100
AcDbLine
 10
1029.88
 20
801.04
 30
0.0
 11
1029.6399999999999
 21
801.04
 31
0.0
  0
LINE
  5
67
330
17
100
AcDbEntity
  8
RECTANGLES
100
AcDbLine
 10
1029.6399999999999
 20
801.04
 30
0.0
 11
1029.6399999999999
 21
795.4
 31
0.0
  0
LINE
  5
68
330
17
100
AcDbEntity
  8
RECTANGLES
100
AcDbLine
 10
1036.7199999999998
 20
800.8
 30
0.0
 11
1040.2
 21
800.8
 31
0.0
  0
LINE
  5
69
330
17
100
AcDbEntity
  8
RECTANGLES
100
AcDbLine
 10
1040.2
 20
800.8
 30
0.0
 11
1040.2
 21
801.04
 31
0.0
  0
LINE
  5
6A
330
17
100
AcDbEntity
  8
RECTANGLES
100
AcDbLine
 10
1040.2
 20
801.04
 30
0.0
 11
1036.7199999999998
 21
801.04
 31
0.0
  0
LINE
  5
6B
330
17
100
AcDbEntity
  8
RECTANGLES
100
AcDbLine
 10
1036.7199999999998
 20
801.04
 30
0.0
 11
1036.7199999999998
 21
800.8
 31
0.0
  0
LINE
  5
6C
330
17
100
AcDbEntity
  8
LINES
100
AcDbLine
 10
1044.1599999999999
 20
802.72
 30
0.0
 11
1044.1599999999999
 21
811.36
 31
0.0
  0
LINE
  5
6D
330
17
100
AcDbEntity
  8
LINES
100
AcDbLine
 10
954.76
 20
802.9599999999999
 30
0.0
 11
954.76
 21
811.48
 31
0.0
  0
LINE
  5
6E
330
17
100
AcDbEntity
  8
LINES
100
AcDbLine
 10
865.24
 20
802.9599999999999
 30
0.0
 11
865.24
 21
811.48
 31
0.0
  0
LINE
  5
6F
330
17
100
AcDbEntity
  8
LINES
100
AcDbLine
 10
783.52
 20
802.72
 30
0.0
 11
783.52
 21
811.36
 31
0.0
  0
LINE
  5
70
330
17
100
AcDbEntity
  8
LINES
100
AcDbLine
 10
587.1999999999999
 20
802.72
 30
0.0
 11
587.1999999999999
 21
811.36
 31
0.0
  0
LINE
  5
71
330
17
100
AcDbEntity
  8
LINES
100
AcDbLine
 10
497.79999999999995
 20
802.72
 30
0.0
 11
497.79999999999995
 21
811.36
 31
0.0
  0
LINE
  5
72
330
17
100
AcDbEntity
  8
LINES
100
AcDbLine
 10
408.28
 20
802.72
 30
0.0
 11
408.28
 21
811.36
 31
0.0
  0
LINE
  5
73
330
17
100
AcDbEntity
  8
LINES
100
AcDbLine
 10
318.76
 20
802.72
 30
0.0
 11
318.76
 21
811.36
 31
0.0
  0
LINE
  5
74
330
17
100
AcDbEntity
  8
LINES
100
AcDbLine
 10
229.35999999999999
 20
802.72
 30
0.0
 11
229.35999999999999
 21
811.36
 31
0.0
  0
LINE
  5
75
330
17
100
AcDbEntity
  8
LINES
100
AcDbLine
 10
139.83999999999997
 20
802.72
 30
0.0
 11
139.83999999999997
 21
811.36
 31
0.0
  0
LINE
  5
76
330
17
100
AcDbEntity
  8
LINES
100
AcDbLine
 10
42.879999999999995
 20
705.64
 30
0.0
 11
52.24
 21
705.64
 31
0.0
  0
LINE
  5
77
330
17
100
AcDbEntity
  8
LINES
100
AcDbLine
 10
42.879999999999995
 20
611.3199999999999
 30
0.0
 11
52.24
 21
611.3199999999999
 31
0.0
  0
LINE
  5
78
330
17
100
AcDbEntity
  8
LINES
100
AcDbLine
 10
42.879999999999995
 20
517.12
 30
0.0
 11
52.24
 21
517.12
 31
0.0
  0
LINE
  5
79
330
17
100
AcDbEntity
  8
LINES
100
AcDbLine
 10
42.879999999999995
 20
422.8
 30
0.0
 11
52.24
 21
422.8
 31
0.0
  0
LINE
  5
7A
330
17
100
AcDbEntity
  8
LINES
100
AcDbLine
 10
42.879999999999995
 20
328.59999999999997
 30
0.0
 11
52.24
 21
328.59999999999997
 31
0.0
  0
LINE
  5
7B
330
17
100
AcDbEntity
  8
LINES
100
AcDbLine
 10
42.879999999999995
 20
234.28
 30
0.0
 11
52.24
 21
234.28
 31
0.0
  0
LINE
  5
7C
330
17
100
AcDbEntity
  8
LINES
100
AcDbLine
 10
42.879999999999995
 20
140.07999999999998
 30
0.0
 11
52.24
 21
140.07999999999998
 31
0.0
  0
LINE
  5
7D
330
17
100
AcDbEntity
  8
LINES
100
AcDbLine
 10
820.36
 20
39.519999999999996
 30
0.0
 11
820.36
 21
802.72
 31
0.0
  0
LINE
  5
7E
330
17
100
AcDbEntity
  8
LINES
100
AcDbLine
 10
569.8
 20
39.519999999999996
 30
0.0
 11
884.0799999999999
 21
39.519999999999996
 31
0.0
  0
LINE
  5
7F
330
17
100
AcDbEntity
  8
LINES
100
AcDbLine
 10
820.36
 20
794.3199999999999
 30
0.0
 11
1137.1599999999999
 21
794.3199999999999
 31
0.0
  0
LINE
  5
80
330
17
100
AcDbEntity
  8
LINES
100
AcDbLine
 10
830.56
 20
469.35999999999996
 30
0.0
 11
830.56
 21
794.3199999999999
 31
0.0
  0
LINE
  5
81
330
17
100
AcDbEntity
  8
LINES
100
AcDbLine
 10
854.4399999999999
 20
469.35999999999996
 30
0.0
 11
854.4399999999999
 21
794.3199999999999
 31
0.0
  0
LINE
  5
82
330
17
100
AcDbEntity
  8
RECTANGLES
100
AcDbLine
 10
837.52
 20
788.56
 30
0.0
 11
837.76
 21
788.56
 31
0.0
  0
LINE
  5
83
330
17
100
AcDbEntity
  8
RECTANGLES
100
AcDbLine
 10
837.76
 20
788.56
 30
0.0
 11
837.76
 21
792.64
 31
0.0
  0
LINE
  5
84
330
17
100
AcDbEntity
  8
RECTANGLES
100
AcDbLine
 10
837.76
 20
792.64
 30
0.0
 11
837.52
 21
792.64
 31
0.0
  0
LINE
  5
85
330
17
100
AcDbEntity
  8
RECTANGLES
100
AcDbLine
 10
837.52
 20
792.64
 30
0.0
 11
837.52
 21
788.56
 31
0.0
  0
LINE
  5
86
330
17
100
AcDbEntity
  8
LINES
100
AcDbLine
 10
839.0799999999999
 20
788.56
 30
0.0
 11
841.6
 21
792.64
 31
0.0
  0
LINE
  5
87
330
17
100
AcDbEntity
  8
LINES
100
AcDbLine
 10
843.16
 20
788.56
 30
0.0
 11
843.16
 21
792.64
 31
0.0
  0
LINE
  5
88
330
17
100
AcDbEntity
  8
LINES
100
AcDbLine
 10
843.4
 20
788.8
 30
0.0
 11
843.4
 21
792.4
 31
0.0
  0
LINE
  5
89
330
17
100
AcDbEntity
  8
LINES
100
AcDbLine
 10
1008.88
 20
788.68
 30
0.0
 11
1008.88
 21
792.76
 31
0.0
  0
LINE
  5
8A
330
17
100
AcDbEntity
  8
LINES
100
AcDbLine
 10
1009.0
 20
788.92
 30
0.0
 11
1009.0
 21
792.64
 31
0.0
  0
LINE
  5
8B
330
17
100
AcDbEntity
  8
LINES
100
AcDbLine
 10
1012.9599999999999
 20
788.68
 30
0.0
 11
1012.9599999999999
 21
792.76
 31
0.0
  0
LINE
  5
8C
330
17
100
AcDbEntity
  8
LINES
100
AcDbLine
 10
1013.0799999999999
 20
788.92
 30
0.0
 11
1013.0799999999999
 21
792.64
 31
0.0
  0
LINE
  5
8D
330
17
100
AcDbEntity
  8
RECTANGLES
100
AcDbLine
 10
1028.56
 20
788.68
 30
0.0
 11
1028.6799999999998
 21
788.68
 31
0.0
  0
LINE
  5
8E
330
17
100
AcDbEntity
  8
RECTANGLES
100
AcDbLine
 10
1028.6799999999998
 20
788.68
 30
0.0
 11
1028.6799999999998
 21
792.76
 31
0.0
  0
LINE
  5
8F
330
17
100
AcDbEntity
  8
RECTANGLES
100
AcDbLine
 10
1028.6799999999998
 20
792.76
 30
0.0
 11
1028.56
 21
792.76
 31
0.0
  0
LINE
  5
90
330
17
100
AcDbEntity
  8
RECTANGLES
100
AcDbLine
 10
1028.56
 20
792.76
 30
0.0
 11
1028.56
 21
788.68
 31
0.0
  0
LINE
  5
91
330
17
100
AcDbEntity
  8
RECTANGLES
100
AcDbLine
 10
1033.7199999999998
 20
792.64
 30
0.0
 11
1036.24
 21
792.64
 31
0.0
  0
LINE
  5
92
330
17
100
AcDbEntity
  8
RECTANGLES
100
AcDbLine
 10
1036.24
 20
792.64
 30
0.0
 11
1036.24
 21
792.76
 31
0.0
  0
LINE
  5
93
330
17
100
AcDbEntity
  8
RECTANGLES
100
AcDbLine
 10
1036.24
 20
792.76
 30
0.0
 11
1033.7199999999998
 21
792.76
 31
0.0
  0
LINE
  5
94
330
17
100
AcDbEntity
  8
RECTANGLES
100
AcDbLine
 10
1033.7199999999998
 20
792.76
 30
0.0
 11
1033.7199999999998
 21
792.64
 31
0.0
  0
LINE
  5
95
330
17
100
AcDbEntity
  8
RECTANGLES
100
AcDbLine
 10
1037.44
 20
788.68
 30
0.0
 11
1037.6799999999998
 21
788.68
 31
0.0
  0
LINE
  5
96
330
17
100
AcDbEntity
  8
RECTANGLES
100
AcDbLine
 10
1037.6799999999998
 20
788.68
 30
0.0
 11
1037.6799999999998
 21
792.76
 31
0.0
  0
LINE
  5
97
330
17
100
AcDbEntity
  8
RECTANGLES
100
AcDbLine
 10
1037.6799999999998
 20
792.76
 30
0.0
 11
1037.44
 21
792.76
 31
0.0
  0
LINE
  5
98
330
17
100
AcDbEntity
  8
RECTANGLES
100
AcDbLine
 10
1037.44
 20
792.76
 30
0.0
 11
1037.44
 21
788.68
 31
0.0
  0
LINE
  5
99
330
17
100
AcDbEntity
  8
RECTANGLES
100
AcDbLine
 10
1123.96
 20
792.64
 30
0.0
 11
1126.48
 21
792.64
 31
0.0
  0
LINE
  5
9A
330
17
100
AcDbEntity
  8
RECTANGLES
100
AcDbLine
 10
1126.48
 20
792.64
 30
0.0
 11
1126.48
 21
792.76
 31
0.0
  0
LINE
  5
9B
330
17
100
AcDbEntity
  8
RECTANGLES
100
AcDbLine
 10
1126.48
 20
792.76
 30
0.0
 11
1123.96
 21
792.76
 31
0.0
  0
LINE
  5
9C
330
17
100
AcDbEntity
  8
RECTANGLES
100
AcDbLine
 10
1123.96
 20
792.76
 30
0.0
 11
1123.96
 21
792.64
 31
0.0
  0
LINE
  5
9D
330
17
100
AcDbEntity
  8
LINES
100
AcDbLine
 10
1116.6399999999999
 20
469.35999999999996
 30
0.0
 11
1116.6399999999999
 21
794.3199999999999
 31
0.0
  0
LINE
  5
9E
330
17
100
AcDbEntity
  8
LINES
100
AcDbLine
 10
820.36
 20
783.16
 30
0.0
 11
1137.1599999999999
 21
783.16
 31
0.0
  0
LINE
  5
9F
330
17
100
AcDbEntity
  8
LINES
100
AcDbLine
 10
694.0
 20
802.72
 30
0.0
 11
694.0
 21
811.36
 31
0.0
  0
LINE
  5
A0
330
17
100
AcDbEntity
  8
RECTANGLES
100
AcDbLine
 10
44.92
 20
81.16
 30
0.0
 11
45.04
 21
81.16
 31
0.0
  0
LINE
  5
A1
330
17
100
AcDbEntity
  8
RECTANGLES
100
AcDbLine
 10
45.04
 20
81.16
 30
0.0
 11
45.04
 21
85.0
 31
0.0
  0
LINE
  5
A2
330
17
100
AcDbEntity
  8
RECTANGLES
100
AcDbLine
 10
45.04
 20
85.0
 30
0.0
 11
44.92
 21
85.0
 31
0.0
  0
LINE
  5
A3
330
17
100
AcDbEntity
  8
RECTANGLES
100
AcDbLine
 10
44.92
 20
85.0
 30
0.0
 11
44.92
 21
81.16
 31
0.0
  0
LINE
  5
A4
330
17
100
AcDbEntity
  8
RECTANGLES
100
AcDbLine
 10
47.2
 20
81.16
 30
0.0
 11
47.44
 21
81.16
 31
0.0
  0
LINE
  5
A5
330
17
100
AcDbEntity
  8
RECTANGLES
100
AcDbLine
 10
47.44
 20
81.16
 30
0.0
 11
47.44
 21
85.0
 31
0.0
  0
LINE
  5
A6
330
17
100
AcDbEntity
  8
RECTANGLES
100
AcDbLine
 10
47.44
 20
85.0
 30
0.0
 11
47.2
 21
85.0
 31
0.0
  0
LINE
  5
A7
330
17
100
AcDbEntity
  8
RECTANGLES
100
AcDbLine
 10
47.2
 20
85.0
 30
0.0
 11
47.2
 21
81.16
 31
0.0
  0
LINE
  5
A8
330
17
100
AcDbEntity
  8
LINES
100
AcDbLine
 10
45.04
 20
83.19999999999999
 30
0.0
 11
47.2
 21
83.19999999999999
 31
0.0
  0
LINE
  5
A9
330
17
100
AcDbEntity
  8
LINES
100
AcDbLine
 10
45.04
 20
82.96000000000001
 30
0.0
 11
47.2
 21
82.96000000000001
 31
0.0
  0
LINE
  5
AA
330
17
100
AcDbEntity
  8
LINES
100
AcDbLine
 10
1137.1599999999999
 20
149.2
 30
0.0
 11
1146.6399999999999
 21
149.2
 31
0.0
  0
LINE
  5
AB
330
17
100
AcDbEntity
  8
LINES
100
AcDbLine
 10
1137.1599999999999
 20
234.28
 30
0.0
 11
1146.6399999999999
 21
234.28
 31
0.0
  0
LINE
  5
AC
330
17
100
AcDbEntity
  8
LINES
100
AcDbLine
 10
1137.1599999999999
 20
328.59999999999997
 30
0.0
 11
1146.6399999999999
 21
328.59999999999997
 31
0.0
  0
LINE
  5
AD
330
17
100
AcDbEntity
  8
LINES
100
AcDbLine
 10
1137.1599999999999
 20
422.8
 30
0.0
 11
1146.6399999999999
 21
422.8
 31
0.0
  0
LINE
  5
AE
330
17
100
AcDbEntity
  8
LINES
100
AcDbLine
 10
1137.1599999999999
 20
517.12
 30
0.0
 11
1146.6399999999999
 21
517.12
 31
0.0
  0
LINE
  5
AF
330
17
100
AcDbEntity
  8
LINES
100
AcDbLine
 10
1137.1599999999999
 20
611.3199999999999
 30
0.0
 11
1146.6399999999999
 21
611.3199999999999
 31
0.0
  0
LINE
  5
B0
330
17
100
AcDbEntity
  8
LINES
100
AcDbLine
 10
1137.1599999999999
 20
705.64
 30
0.0
 11
1146.6399999999999
 21
705.64
 31
0.0
  0
LINE
  5
B1
330
17
100
AcDbEntity
  8
LINES
100
AcDbLine
 10
1140.6399999999999
 20
373.84
 30
0.0
 11
1140.6399999999999
 21
377.56
 31
0.0
  0
LINE
  5
B2
330
17
100
AcDbEntity
  8
LINES
100
AcDbLine
 10
1140.8799999999999
 20
373.96
 30
0.0
 11
1140.8799999999999
 21
377.44
 31
0.0
  0
LINE
  5
B3
330
17
100
AcDbEntity
  8
LINES
100
AcDbLine
 10
1140.6399999999999
 20
468.03999999999996
 30
0.0
 11
1140.6399999999999
 21
471.88
 31
0.0
  0
LINE
  5
B4
330
17
100
AcDbEntity
  8
LINES
100
AcDbLine
 10
1140.8799999999999
 20
468.28
 30
0.0
 11
1140.8799999999999
 21
471.64
 31
0.0
  0
LINE
  5
B5
330
17
100
AcDbEntity
  8
LINES
100
AcDbLine
 10
1140.6399999999999
 20
656.56
 30
0.0
 11
1140.6399999999999
 21
660.4
 31
0.0
  0
LINE
  5
B6
330
17
100
AcDbEntity
  8
LINES
100
AcDbLine
 10
1140.8799999999999
 20
656.8
 30
0.0
 11
1140.8799999999999
 21
660.16
 31
0.0
  0
LINE
  5
B7
330
17
100
AcDbEntity
  8
LINES
100
AcDbLine
 10
1140.8799999999999
 20
770.92
 30
0.0
 11
1142.68
 21
770.92
 31
0.0
  0
LINE
  5
B8
330
17
100
AcDbEntity
  8
LINES
100
AcDbLine
 10
1140.6399999999999
 20
770.8
 30
0.0
 11
1142.8
 21
770.8
 31
0.0
  0
LINE
  5
B9
330
17
100
AcDbEntity
  8
LINES
100
AcDbLine
 10
694.0
 20
31.0
 30
0.0
 11
694.0
 21
39.519999999999996
 31
0.0
  0
LINE
  5
BA
330
17
100
AcDbEntity
  8
LINES
100
AcDbLine
 10
139.83999999999997
 20
31.0
 30
0.0
 11
139.83999999999997
 21
39.519999999999996
 31
0.0
  0
LINE
  5
BB
330
17
100
AcDbEntity
  8
LINES
100
AcDbLine
 10
229.35999999999999
 20
31.0
 30
0.0
 11
229.35999999999999
 21
39.519999999999996
 31
0.0
  0
LINE
  5
BC
330
17
100
AcDbEntity
  8
LINES
100
AcDbLine
 10
290.44
 20
31.0
 30
0.0
 11
290.44
 21
39.519999999999996
 31
0.0
  0
LINE
  5
BD
330
17
100
AcDbEntity
  8
LINES
100
AcDbLine
 10
332.68
 20
31.0
 30
0.0
 11
332.68
 21
39.519999999999996
 31
0.0
  0
LINE
  5
BE
330
17
100
AcDbEntity
  8
LINES
100
AcDbLine
 10
481.59999999999997
 20
31.0
 30
0.0
 11
481.59999999999997
 21
39.519999999999996
 31
0.0
  0
LINE
  5
BF
330
17
100
AcDbEntity
  8
LINES
100
AcDbLine
 10
783.52
 20
31.0
 30
0.0
 11
783.52
 21
39.519999999999996
 31
0.0
  0
LINE
  5
C0
330
17
100
AcDbEntity
  8
LINES
100
AcDbLine
 10
274.71999999999997
 20
34.48
 30
0.0
 11
275.8
 21
36.04
 31
0.0
  0
LINE
  5
C1
330
17
100
AcDbEntity
  8
LINES
100
AcDbLine
 10
274.0
 20
32.68
 30
0.0
 11
274.59999999999997
 21
33.04
 31
0.0
  0
LINE
  5
C2
330
17
100
AcDbEntity
  8
LINES
100
AcDbLine
 10
439.12
 20
34.48
 30
0.0
 11
439.35999999999996
 21
36.04
 31
0.0
  0
LINE
  5
C3
330
17
100
AcDbEntity
  8
LINES
100
AcDbLine
 10
439.12
 20
32.68
 30
0.0
 11
439.59999999999997
 21
33.04
 31
0.0
  0
LINE
  5
C4
330
17
100
AcDbEntity
  8
LINES
100
AcDbLine
 10
734.68
 20
32.68
 30
0.0
 11
735.16
 21
33.04
 31
0.0
  0
LINE
  5
C5
330
17
100
AcDbEntity
  8
LINES
100
AcDbLine
 10
736.12
 20
32.68
 30
0.0
 11
736.72
 21
33.04
 31
0.0
  0
LINE
  5
C6
330
17
100
AcDbEntity
  8
LINES
100
AcDbLine
 10
820.36
 20
469.35999999999996
 30
0.0
 11
1137.1599999999999
 21
469.35999999999996
 31
0.0
  0
LINE
  5
C7
330
17
100
AcDbEntity
  8
LINES
100
AcDbLine
 10
820.36
 20
459.88
 30
0.0
 11
1137.1599999999999
 21
459.88
 31
0.0
  0
LINE
  5
C8
330
17
100
AcDbEntity
  8
LINES
100
AcDbLine
 10
944.68
 20
469.35999999999996
 30
0.0
 11
944.68
 21
794.3199999999999
 31
0.0
  0
LINE
  5
C9
330
17
100
AcDbEntity
  8
RECTANGLES
100
AcDbLine
 10
872.4399999999999
 20
788.56
 30
0.0
 11
872.68
 21
788.56
 31
0.0
  0
LINE
  5
CA
330
17
100
AcDbEntity
  8
RECTANGLES
100
AcDbLine
 10
872.68
 20
788.56
 30
0.0
 11
872.68
 21
792.64
 31
0.0
  0
LINE
  5
CB
330
17
100
AcDbEntity
  8
RECTANGLES
100
AcDbLine
 10
872.68
 20
792.64
 30
0.0
 11
872.4399999999999
 21
792.64
 31
0.0
  0
LINE
  5
CC
330
17
100
AcDbEntity
  8
RECTANGLES
100
AcDbLine
 10
872.4399999999999
 20
792.64
 30
0.0
 11
872.4399999999999
 21
788.56
 31
0.0
  0
LINE
  5
CD
330
17
100
AcDbEntity
  8
RECTANGLES
100
AcDbLine
 10
873.76
 20
792.4
 30
0.0
 11
876.4
 21
792.4
 31
0.0
  0
LINE
  5
CE
330
17
100
AcDbEntity
  8
RECTANGLES
100
AcDbLine
 10
876.4
 20
792.4
 30
0.0
 11
876.4
 21
792.64
 31
0.0
  0
LINE
  5
CF
330
17
100
AcDbEntity
  8
RECTANGLES
100
AcDbLine
 10
876.4
 20
792.64
 30
0.0
 11
873.76
 21
792.64
 31
0.0
  0
LINE
  5
D0
330
17
100
AcDbEntity
  8
RECTANGLES
100
AcDbLine
 10
873.76
 20
792.64
 30
0.0
 11
873.76
 21
792.4
 31
0.0
  0
LINE
  5
D1
330
17
100
AcDbEntity
  8
LINES
100
AcDbLine
 10
877.48
 20
788.56
 30
0.0
 11
877.48
 21
792.64
 31
0.0
  0
LINE
  5
D2
330
17
100
AcDbEntity
  8
LINES
100
AcDbLine
 10
877.7199999999999
 20
788.8
 30
0.0
 11
877.7199999999999
 21
792.4
 31
0.0
  0
LINE
  5
D3
330
17
100
AcDbEntity
  8
LINES
100
AcDbLine
 10
898.36
 20
788.56
 30
0.0
 11
898.36
 21
792.64
 31
0.0
  0
LINE
  5
D4
330
17
100
AcDbEntity
  8
LINES
100
AcDbLine
 10
898.6
 20
788.8
 30
0.0
 11
898.6
 21
792.4
 31
0.0
  0
LINE
  5
D5
330
17
100
AcDbEntity
  8
LINES
100
AcDbLine
 10
902.4399999999999
 20
788.56
 30
0.0
 11
902.4399999999999
 21
792.64
 31
0.0
  0
LINE
  5
D6
330
17
100
AcDbEntity
  8
LINES
100
AcDbLine
 10
902.68
 20
788.8
 30
0.0
 11
902.68
 21
792.4
 31
0.0
  0
LINE
  5
D7
330
17
100
AcDbEntity
  8
LINES
100
AcDbLine
 10
834.16
 20
787.72
 30
0.0
 11
835.6
 21
787.72
 31
0.0
  0
LINE
  5
D8
330
17
100
AcDbEntity
  8
LINES
100
AcDbLine
 10
834.88
 20
783.52
 30
0.0
 11
834.88
 21
787.72
 31
0.0
  0
LINE
  5
D9
330
17
100
AcDbEntity
  8
LINES
100
AcDbLine
 10
834.16
 20
783.52
 30
0.0
 11
835.6
 21
783.52
 31
0.0
  0
LINE
  5
DA
330
17
100
AcDbEntity
  8
LINES
100
AcDbLine
 10
483.88
 20
87.16
 30
0.0
 11
483.88
 21
91.84
 31
0.0
  0
LINE
  5
DB
330
17
100
AcDbEntity
  8
LINES
100
AcDbLine
 10
482.79999999999995
 20
91.84
 30
0.0
 11
484.84
 21
91.84
 31
0.0
  0
LINE
  5
DC
330
17
100
AcDbEntity
  8
LINES
100
AcDbLine
 10
486.15999999999997
 20
88.47999999999999
 30
0.0
 11
486.15999999999997
 21
90.52
 31
0.0
  0
LINE
  5
DD
330
17
100
AcDbEntity
  8
LINES
100
AcDbLine
 10
488.2
 20
88.47999999999999
 30
0.0
 11
488.2
 21
90.52
 31
0.0
  0
LINE
  5
DE
330
17
100
AcDbEntity
  8
LINES
100
AcDbLine
 10
490.47999999999996
 20
87.16
 30
0.0
 11
490.47999999999996
 21
91.84
 31
0.0
  0
LINE
  5
DF
330
17
100
AcDbEntity
  8
LINES
100
AcDbLine
 10
489.4
 20
91.84
 30
0.0
 11
491.44
 21
91.84
 31
0.0
  0
LINE
  5
E0
330
17
100
AcDbEntity
  8
LINES
100
AcDbLine
 10
493.12
 20
88.47999999999999
 30
0.0
 11
494.79999999999995
 21
88.47999999999999
 31
0.0
  0
LINE
  5
E1
330
17
100
AcDbEntity
  8
LINES
100
AcDbLine
 10
501.03999999999996
 20
87.16
 30
0.0
 11
501.03999999999996
 21
91.84
 31
0.0
  0
LINE
  5
E2
330
17
100
AcDbEntity
  8
LINES
100
AcDbLine
 10
502.24
 20
87.16
 30
0.0
 11
503.2
 21
87.16
 31
0.0
  0
LINE
  5
E3
330
17
100
AcDbEntity
  8
LINES
100
AcDbLine
 10
504.28
 20
88.6
 30
0.0
 11
504.28
 21
90.4
 31
0.0
  0
LINE
  5
E4
330
17
100
AcDbEntity
  8
LINES
100
AcDbLine
 10
631.9599999999999
 20
87.16
 30
0.0
 11
631.9599999999999
 21
91.84
 31
0.0
  0
LINE
  5
E5
330
17
100
AcDbEntity
  8
LINES
100
AcDbLine
 10
630.88
 20
91.84
 30
0.0
 11
632.92
 21
91.84
 31
0.0
  0
LINE
  5
E6
330
17
100
AcDbEntity
  8
LINES
100
AcDbLine
 10
634.24
 20
88.47999999999999
 30
0.0
 11
634.24
 21
90.52
 31
0.0
  0
LINE
  5
E7
330
17
100
AcDbEntity
  8
LINES
100
AcDbLine
 10
636.28
 20
88.47999999999999
 30
0.0
 11
636.28
 21
90.52
 31
0.0
  0
LINE
  5
E8
330
17
100
AcDbEntity
  8
LINES
100
AcDbLine
 10
638.56
 20
87.16
 30
0.0
 11
638.56
 21
91.84
 31
0.0
  0
LINE
  5
E9
330
17
100
AcDbEntity
  8
LINES
100
AcDbLine
 10
637.48
 20
91.84
 30
0.0
 11
639.52
 21
91.84
 31
0.0
  0
LINE
  5
EA
330
17
100
AcDbEntity
  8
LINES
100
AcDbLine
 10
641.1999999999999
 20
88.47999999999999
 30
0.0
 11
642.88
 21
88.47999999999999
 31
0.0
  0
LINE
  5
EB
330
17
100
AcDbEntity
  8
LINES
100
AcDbLine
 10
649.12
 20
87.16
 30
0.0
 11
649.12
 21
91.84
 31
0.0
  0
LINE
  5
EC
330
17
100
AcDbEntity
  8
LINES
100
AcDbLine
 10
688.0
 20
87.4
 30
0.0
 11
688.72
 21
87.4
 31
0.0
  0
LINE
  5
ED
330
17
100
AcDbEntity
  8
LINES
100
AcDbLine
 10
686.92
 20
88.72
 30
0.0
 11
686.92
 21
91.24
 31
0.0
  0
LINE
  5
EE
330
17
100
AcDbEntity
  8
LINES
100
AcDbLine
 10
688.0
 20
92.44
 30
0.0
 11
688.72
 21
92.44
 31
0.0
  0
LINE
  5
EF
330
17
100
AcDbEntity
  8
LINES
100
AcDbLine
 10
693.16
 20
87.4
 30
0.0
 11
693.16
 21
92.44
 31
0.0
  0
LINE
  5
F0
330
17
100
AcDbEntity
  8
LINES
100
AcDbLine
 10
694.48
 20
90.28
 30
0.0
 11
695.92
 21
90.28
 31
0.0
  0
LINE
  5
F1
330
17
100
AcDbEntity
  8
LINES
100
AcDbLine
 10
702.4
 20
87.4
 30
0.0
 11
702.4
 21
92.44
 31
0.0
  0
LINE
  5
F2
330
17
100
AcDbEntity
  8
LINES
100
AcDbLine
 10
701.1999999999999
 20
92.44
 30
0.0
 11
703.48
 21
92.44
 31
0.0
  0
LINE
  5
F3
330
17
100
AcDbEntity
  8
LINES
100
AcDbLine
 10
704.8
 20
88.0
 30
0.0
 11
704.8
 21
88.24
 31
0.0
  0
LINE
  5
F4
330
17
100
AcDbEntity
  8
LINES
100
AcDbLine
 10
704.8
 20
89.91999999999999
 30
0.0
 11
704.8
 21
90.28
 31
0.0
  0
LINE
  5
F5
330
17
100
AcDbEntity
  8
LINES
100
AcDbLine
 10
733.8399999999999
 20
89.08
 30
0.0
 11
734.92
 21
89.08
 31
0.0
  0
LINE
  5
F6
330
17
100
AcDbEntity
  8
LINES
100
AcDbLine
 10
742.48
 20
86.8
 30
0.0
 11
743.1999999999999
 21
86.8
 31
0.0
  0
LINE
  5
F7
330
17
100
AcDbEntity
  8
LINES
100
AcDbLine
 10
741.4
 20
88.12
 30
0.0
 11
741.4
 21
90.52
 31
0.0
  0
LINE
  5
F8
330
17
100
AcDbEntity
  8
LINES
100
AcDbLine
 10
742.48
 20
91.84
 30
0.0
 11
743.1999999999999
 21
91.84
 31
0.0
  0
LINE
  5
F9
330
17
100
AcDbEntity
  8
LINES
100
AcDbLine
 10
744.52
 20
87.4
 30
0.0
 11
744.52
 21
87.64
 31
0.0
  0
LINE
  5
FA
330
17
100
AcDbEntity
  8
LINES
100
AcDbLine
 10
744.52
 20
89.32
 30
0.0
 11
744.52
 21
89.56
 31
0.0
  0
LINE
  5
FB
330
17
100
AcDbEntity
  8
LINES
100
AcDbLine
 10
780.76
 20
87.4
 30
0.0
 11
781.6
 21
87.4
 31
0.0
  0
LINE
  5
FC
330
17
100
AcDbEntity
  8
LINES
100
AcDbLine
 10
779.8
 20
88.72
 30
0.0
 11
779.8
 21
91.24
 31
0.0
  0
LINE
  5
FD
330
17
100
AcDbEntity
  8
LINES
100
AcDbLine
 10
780.76
 20
92.44
 30
0.0
 11
781.6
 21
92.44
 31
0.0
  0
LINE
  5
FE
330
17
100
AcDbEntity
  8
LINES
100
AcDbLine
 10
782.92
 20
88.84
 30
0.0
 11
782.92
 21
91.0
 31
0.0
  0
LINE
  5
FF
330
17
100
AcDbEntity
  8
LINES
100
AcDbLine
 10
785.0799999999999
 20
88.84
 30
0.0
 11
785.0799999999999
 21
91.0
 31
0.0
  0
LINE
  5
100
330
17
100
AcDbEntity
  8
LINES
100
AcDbLine
 10
791.1999999999999
 20
87.4
 30
0.0
 11
791.1999999999999
 21
92.44
 31
0.0
  0
LINE
  5
101
330
17
100
AcDbEntity
  8
LINES
100
AcDbLine
 10
790.0
 20
92.44
 30
0.0
 11
792.28
 21
92.44
 31
0.0
  0
LINE
  5
102
330
17
100
AcDbEntity
  8
LINES
100
AcDbLine
 10
793.6
 20
89.68
 30
0.0
 11
794.68
 21
89.68
 31
0.0
  0
LINE
  5
103
330
17
100
AcDbEntity
  8
LINES
100
AcDbLine
 10
794.92
 20
87.4
 30
0.0
 11
795.88
 21
89.68
 31
0.0
  0
LINE
  5
104
330
17
100
AcDbEntity
  8
LINES
100
AcDbLine
 10
797.56
 20
88.84
 30
0.0
 11
799.48
 21
88.84
 31
0.0
  0
LINE
  5
105
330
17
100
AcDbEntity
  8
LINES
100
AcDbLine
 10
802.24
 20
87.4
 30
0.0
 11
802.9599999999999
 21
87.4
 31
0.0
  0
LINE
  5
106
330
17
100
AcDbEntity
  8
LINES
100
AcDbLine
 10
801.16
 20
88.72
 30
0.0
 11
801.16
 21
91.24
 31
0.0
  0
LINE
  5
107
330
17
100
AcDbEntity
  8
LINES
100
AcDbLine
 10
802.24
 20
92.44
 30
0.0
 11
802.9599999999999
 21
92.44
 31
0.0
  0
LINE
  5
108
330
17
100
AcDbEntity
  8
LINES
100
AcDbLine
 10
805.48
 20
87.4
 30
0.0
 11
805.48
 21
92.44
 31
0.0
  0
LINE
  5
109
330
17
100
AcDbEntity
  8
LINES
100
AcDbLine
 10
804.28
 20
92.44
 30
0.0
 11
806.56
 21
92.44
 31
0.0
  0
LINE
  5
10A
330
17
100
AcDbEntity
  8
LINES
100
AcDbLine
 10
807.88
 20
88.84
 30
0.0
 11
807.88
 21
91.0
 31
0.0
  0
LINE
  5
10B
330
17
100
AcDbEntity
  8
LINES
100
AcDbLine
 10
810.16
 20
88.84
 30
0.0
 11
810.16
 21
91.0
 31
0.0
  0
LINE
  5
10C
330
17
100
AcDbEntity
  8
LINES
100
AcDbLine
 10
811.48
 20
89.68
 30
0.0
 11
812.56
 21
89.68
 31
0.0
  0
LINE
  5
10D
330
17
100
AcDbEntity
  8
LINES
100
AcDbLine
 10
812.8
 20
87.4
 30
0.0
 11
813.64
 21
89.68
 31
0.0
  0
LINE
  5
10E
330
17
100
AcDbEntity
  8
LINES
100
AcDbLine
 10
814.9599999999999
 20
88.0
 30
0.0
 11
814.9599999999999
 21
88.24
 31
0.0
  0
LINE
  5
10F
330
17
100
AcDbEntity
  8
LINES
100
AcDbLine
 10
814.9599999999999
 20
89.91999999999999
 30
0.0
 11
814.9599999999999
 21
90.28
 31
0.0
  0
LINE
  5
110
330
17
100
AcDbEntity
  8
LINES
100
AcDbLine
 10
54.16
 20
96.64
 30
0.0
 11
54.16
 21
98.2
 31
0.0
  0
LINE
  5
111
330
17
100
AcDbEntity
  8
LINES
100
AcDbLine
 10
54.879999999999995
 20
99.16
 30
0.0
 11
55.72
 21
99.16
 31
0.0
  0
LINE
  5
112
330
17
100
AcDbEntity
  8
LINES
100
AcDbLine
 10
56.559999999999995
 20
97.6
 30
0.0
 11
57.519999999999996
 21
97.6
 31
0.0
  0
LINE
  5
113
330
17
100
AcDbEntity
  8
LINES
100
AcDbLine
 10
61.12
 20
97.6
 30
0.0
 11
62.08
 21
97.6
 31
0.0
  0
LINE
  5
114
330
17
100
AcDbEntity
  8
LINES
100
AcDbLine
 10
63.28
 20
97.24
 30
0.0
 11
64.12
 21
97.24
 31
0.0
  0
LINE
  5
115
330
17
100
AcDbEntity
  8
LINES
100
AcDbLine
 10
64.24
 20
95.67999999999999
 30
0.0
 11
64.84
 21
97.24
 31
0.0
  0
LINE
  5
116
330
17
100
AcDbEntity
  8
LINES
100
AcDbLine
 10
66.03999999999999
 20
96.64
 30
0.0
 11
67.36
 21
96.64
 31
0.0
  0
LINE
  5
117
330
17
100
AcDbEntity
  8
LINES
100
AcDbLine
 10
74.32
 20
96.64
 30
0.0
 11
74.32
 21
98.2
 31
0.0
  0
LINE
  5
118
330
17
100
AcDbEntity
  8
LINES
100
AcDbLine
 10
75.75999999999999
 20
96.64
 30
0.0
 11
75.75999999999999
 21
98.2
 31
0.0
  0
LINE
  5
119
330
17
100
AcDbEntity
  8
LINES
100
AcDbLine
 10
77.44
 20
95.67999999999999
 30
0.0
 11
77.44
 21
99.16
 31
0.0
  0
LINE
  5
11A
330
17
100
AcDbEntity
  8
LINES
100
AcDbLine
 10
76.72
 20
99.16
 30
0.0
 11
78.28
 21
99.16
 31
0.0
  0
LINE
  5
11B
330
17
100
AcDbEntity
  8
LINES
100
AcDbLine
 10
79.12
 20
97.6
 30
0.0
 11
80.08
 21
97.6
 31
0.0
  0
LINE
  5
11C
330
17
100
AcDbEntity
  8
LINES
100
AcDbLine
 10
81.64
 20
97.12
 30
0.0
 11
82.48
 21
97.72
 31
0.0
  0
LINE
  5
11D
330
17
100
AcDbEntity
  8
LINES
100
AcDbLine
 10
56.32
 20
88.12
 30
0.0
 11
56.32
 21
88.36
 31
0.0
  0
LINE
  5
11E
330
17
100
AcDbEntity
  8
LINES
100
AcDbLine
 10
58.36
 20
89.68
 30
0.0
 11
59.199999999999996
 21
89.68
 31
0.0
  0
LINE
  5
11F
330
17
100
AcDbEntity
  8
LINES
100
AcDbLine
 10
59.32
 20
88.12
 30
0.0
 11
59.92
 21
89.68
 31
0.0
  0
LINE
  5
120
330
17
100
AcDbEntity
  8
LINES
100
AcDbLine
 10
60.879999999999995
 20
89.08
 30
0.0
 11
60.879999999999995
 21
90.64
 31
0.0
  0
LINE
  5
121
330
17
100
AcDbEntity
  8
LINES
100
AcDbLine
 10
62.32
 20
89.08
 30
0.0
 11
62.32
 21
90.64
 31
0.0
  0
LINE
  5
122
330
17
100
AcDbEntity
  8
LINES
100
AcDbLine
 10
63.28
 20
89.08
 30
0.0
 11
63.28
 21
90.64
 31
0.0
  0
LINE
  5
123
330
17
100
AcDbEntity
  8
LINES
100
AcDbLine
 10
64.84
 20
89.08
 30
0.0
 11
64.84
 21
90.64
 31
0.0
  0
LINE
  5
124
330
17
100
AcDbEntity
  8
LINES
100
AcDbLine
 10
66.52
 20
88.12
 30
0.0
 11
66.52
 21
91.6
 31
0.0
  0
LINE
  5
125
330
17
100
AcDbEntity
  8
LINES
100
AcDbLine
 10
65.68
 20
91.6
 30
0.0
 11
67.24
 21
91.6
 31
0.0
  0
LINE
  5
126
330
17
100
AcDbEntity
  8
LINES
100
AcDbLine
 10
69.4
 20
89.08
 30
0.0
 11
69.4
 21
90.64
 31
0.0
  0
LINE
  5
127
330
17
100
AcDbEntity
  8
LINES
100
AcDbLine
 10
70.12
 20
91.6
 30
0.0
 11
70.96000000000001
 21
91.6
 31
0.0
  0
LINE
  5
128
330
17
100
AcDbEntity
  8
LINES
100
AcDbLine
 10
72.03999999999999
 20
89.08
 30
0.0
 11
73.36
 21
89.08
 31
0.0
  0
LINE
  5
129
330
17
100
AcDbEntity
  8
LINES
100
AcDbLine
 10
74.56
 20
89.68
 30
0.0
 11
75.28
 21
89.68
 31
0.0
  0
LINE
  5
12A
330
17
100
AcDbEntity
  8
LINES
100
AcDbLine
 10
77.32
 20
89.56
 30
0.0
 11
78.16
 21
90.16
 31
0.0
  0
LINE
  5
12B
330
17
100
AcDbEntity
  8
LINES
100
AcDbLine
 10
80.67999999999999
 20
90.03999999999999
 30
0.0
 11
81.88
 21
90.03999999999999
 31
0.0
  0
LINE
  5
12C
330
17
100
AcDbEntity
  8
LINES
100
AcDbLine
 10
82.84
 20
89.08
 30
0.0
 11
82.84
 21
90.64
 31
0.0
  0
LINE
  5
12D
330
17
100
AcDbEntity
  8
LINES
100
AcDbLine
 10
84.28
 20
89.08
 30
0.0
 11
84.28
 21
90.64
 31
0.0
  0
LINE
  5
12E
330
17
100
AcDbEntity
  8
LINES
100
AcDbLine
 10
85.24
 20
89.68
 30
0.0
 11
85.96
 21
89.68
 31
0.0
  0
LINE
  5
12F
330
17
100
AcDbEntity
  8
LINES
100
AcDbLine
 10
86.2
 20
88.12
 30
0.0
 11
86.8
 21
89.68
 31
0.0
  0
LINE
  5
130
330
17
100
AcDbEntity
  8
LINES
100
AcDbLine
 10
88.84
 20
88.12
 30
0.0
 11
89.67999999999999
 21
88.12
 31
0.0
  0
LINE
  5
131
330
17
100
AcDbEntity
  8
LINES
100
AcDbLine
 10
88.84
 20
90.03999999999999
 30
0.0
 11
89.67999999999999
 21
90.03999999999999
 31
0.0
  0
LINE
  5
132
330
17
100
AcDbEntity
  8
LINES
100
AcDbLine
 10
91.36
 20
89.08
 30
0.0
 11
91.36
 21
91.6
 31
0.0
  0
LINE
  5
133
330
17
100
AcDbEntity
  8
LINES
100
AcDbLine
 10
92.8
 20
89.08
 30
0.0
 11
92.8
 21
91.6
 31
0.0
  0
LINE
  5
134
330
17
100
AcDbEntity
  8
LINES
100
AcDbLine
 10
94.48
 20
88.12
 30
0.0
 11
94.48
 21
91.6
 31
0.0
  0
LINE
  5
135
330
17
100
AcDbEntity
  8
LINES
100
AcDbLine
 10
93.75999999999999
 20
91.6
 30
0.0
 11
95.32
 21
91.6
 31
0.0
  0
LINE
  5
136
330
17
100
AcDbEntity
  8
LINES
100
AcDbLine
 10
97.0
 20
88.12
 30
0.0
 11
97.0
 21
91.6
 31
0.0
  0
LINE
  5
137
330
17
100
AcDbEntity
  8
LINES
100
AcDbLine
 10
96.16
 20
91.6
 30
0.0
 11
97.72
 21
91.6
 31
0.0
  0
LINE
  5
138
330
17
100
AcDbEntity
  8
LINES
100
AcDbLine
 10
103.24
 20
90.03999999999999
 30
0.0
 11
104.08
 21
90.03999999999999
 31
0.0
  0
LINE
  5
139
330
17
100
AcDbEntity
  8
LINES
100
AcDbLine
 10
107.44
 20
88.12
 30
0.0
 11
108.16
 21
88.12
 31
0.0
  0
LINE
  5
13A
330
17
100
AcDbEntity
  8
LINES
100
AcDbLine
 10
109.0
 20
89.19999999999999
 30
0.0
 11
109.0
 21
90.52
 31
0.0
  0
LINE
  5
13B
330
17
100
AcDbEntity
  8
LINES
100
AcDbLine
 10
109.96
 20
88.12
 30
0.0
 11
109.96
 21
91.6
 31
0.0
  0
LINE
  5
13C
330
17
100
AcDbEntity
  8
LINES
100
AcDbLine
 10
113.32
 20
89.08
 30
0.0
 11
113.32
 21
90.64
 31
0.0
  0
LINE
  5
13D
330
17
100
AcDbEntity
  8
LINES
100
AcDbLine
 10
114.03999999999999
 20
91.6
 30
0.0
 11
114.75999999999999
 21
91.6
 31
0.0
  0
LINE
  5
13E
330
17
100
AcDbEntity
  8
LINES
100
AcDbLine
 10
116.92
 20
90.03999999999999
 30
0.0
 11
118.11999999999999
 21
90.03999999999999
 31
0.0
  0
LINE
  5
13F
330
17
100
AcDbEntity
  8
LINES
100
AcDbLine
 10
119.08
 20
88.12
 30
0.0
 11
119.08
 21
91.6
 31
0.0
  0
LINE
  5
140
330
17
100
AcDbEntity
  8
LINES
100
AcDbLine
 10
120.75999999999999
 20
88.12
 30
0.0
 11
120.75999999999999
 21
91.6
 31
0.0
  0
LINE
  5
141
330
17
100
AcDbEntity
  8
LINES
100
AcDbLine
 10
119.92
 20
91.6
 30
0.0
 11
121.47999999999999
 21
91.6
 31
0.0
  0
LINE
  5
142
330
17
100
AcDbEntity
  8
LINES
100
AcDbLine
 10
123.16
 20
88.12
 30
0.0
 11
123.16
 21
91.6
 31
0.0
  0
LINE
  5
143
330
17
100
AcDbEntity
  8
LINES
100
AcDbLine
 10
122.44
 20
91.6
 30
0.0
 11
123.88
 21
91.6
 31
0.0
  0
LINE
  5
144
330
17
100
AcDbEntity
  8
LINES
100
AcDbLine
 10
124.83999999999999
 20
88.12
 30
0.0
 11
124.83999999999999
 21
91.6
 31
0.0
  0
LINE
  5
145
330
17
100
AcDbEntity
  8
LINES
100
AcDbLine
 10
128.2
 20
89.08
 30
0.0
 11
128.2
 21
90.64
 31
0.0
  0
LINE
  5
146
330
17
100
AcDbEntity
  8
LINES
100
AcDbLine
 10
128.92000000000002
 20
91.6
 30
0.0
 11
129.76
 21
91.6
 31
0.0
  0
LINE
  5
147
330
17
100
AcDbEntity
  8
LINES
100
AcDbLine
 10
130.95999999999998
 20
89.56
 30
0.0
 11
131.8
 21
90.16
 31
0.0
  0
LINE
  5
148
330
17
100
AcDbEntity
  8
LINES
100
AcDbLine
 10
134.56
 20
89.08
 30
0.0
 11
135.88
 21
89.08
 31
0.0
  0
LINE
  5
149
330
17
100
AcDbEntity
  8
LINES
100
AcDbLine
 10
137.07999999999998
 20
89.68
 30
0.0
 11
137.8
 21
89.68
 31
0.0
  0
LINE
  5
14A
330
17
100
AcDbEntity
  8
LINES
100
AcDbLine
 10
137.92000000000002
 20
88.12
 30
0.0
 11
138.51999999999998
 21
89.68
 31
0.0
  0
LINE
  5
14B
330
17
100
AcDbEntity
  8
LINES
100
AcDbLine
 10
139.48
 20
90.03999999999999
 30
0.0
 11
140.44
 21
90.03999999999999
 31
0.0
  0
LINE
  5
14C
330
17
100
AcDbEntity
  8
LINES
100
AcDbLine
 10
146.07999999999998
 20
88.12
 30
0.0
 11
146.07999999999998
 21
91.6
 31
0.0
  0
LINE
  5
14D
330
17
100
AcDbEntity
  8
LINES
100
AcDbLine
 10
145.24
 20
91.6
 30
0.0
 11
146.79999999999998
 21
91.6
 31
0.0
  0
LINE
  5
14E
330
17
100
AcDbEntity
  8
LINES
100
AcDbLine
 10
147.64
 20
89.08
 30
0.0
 11
147.64
 21
90.64
 31
0.0
  0
LINE
  5
14F
330
17
100
AcDbEntity
  8
LINES
100
AcDbLine
 10
149.2
 20
89.08
 30
0.0
 11
149.2
 21
90.64
 31
0.0
  0
LINE
  5
150
330
17
100
AcDbEntity
  8
LINES
100
AcDbLine
 10
151.35999999999999
 20
88.12
 30
0.0
 11
151.35999999999999
 21
91.6
 31
0.0
  0
LINE
  5
151
330
17
100
AcDbEntity
  8
LINES
100
AcDbLine
 10
155.44
 20
88.12
 30
0.0
 11
155.92
 21
88.12
 31
0.0
  0
LINE
  5
152
330
17
100
AcDbEntity
  8
LINES
100
AcDbLine
 10
154.72
 20
88.96000000000001
 30
0.0
 11
154.72
 21
90.75999999999999
 31
0.0
  0
LINE
  5
153
330
17
100
AcDbEntity
  8
LINES
100
AcDbLine
 10
155.44
 20
91.6
 30
0.0
 11
155.92
 21
91.6
 31
0.0
  0
LINE
  5
154
330
17
100
AcDbEntity
  8
LINES
100
AcDbLine
 10
158.92
 20
89.08
 30
0.0
 11
158.92
 21
91.6
 31
0.0
  0
LINE
  5
155
330
17
100
AcDbEntity
  8
LINES
100
AcDbLine
 10
160.48
 20
89.08
 30
0.0
 11
160.48
 21
91.6
 31
0.0
  0
LINE
  5
156
330
17
100
AcDbEntity
  8
LINES
100
AcDbLine
 10
161.44
 20
88.12
 30
0.0
 11
162.04
 21
88.12
 31
0.0
  0
LINE
  5
157
330
17
100
AcDbEntity
  8
LINES
100
AcDbLine
 10
162.88
 20
89.19999999999999
 30
0.0
 11
162.88
 21
90.52
 31
0.0
  0
LINE
  5
158
330
17
100
AcDbEntity
  8
LINES
100
AcDbLine
 10
163.84
 20
90.03999999999999
 30
0.0
 11
164.79999999999998
 21
90.03999999999999
 31
0.0
  0
LINE
  5
159
330
17
100
AcDbEntity
  8
LINES
100
AcDbLine
 10
166.0
 20
88.12
 30
0.0
 11
166.72
 21
88.12
 31
0.0
  0
LINE
  5
15A
330
17
100
AcDbEntity
  8
LINES
100
AcDbLine
 10
167.56
 20
89.19999999999999
 30
0.0
 11
167.56
 21
90.52
 31
0.0
  0
LINE
  5
15B
330
17
100
AcDbEntity
  8
LINES
100
AcDbLine
 10
169.6
 20
88.12
 30
0.0
 11
169.6
 21
91.6
 31
0.0
  0
LINE
  5
15C
330
17
100
AcDbEntity
  8
LINES
100
AcDbLine
 10
174.16
 20
88.12
 30
0.0
 11
174.88
 21
88.12
 31
0.0
  0
LINE
  5
15D
330
17
100
AcDbEntity
  8
LINES
100
AcDbLine
 10
175.72
 20
89.19999999999999
 30
0.0
 11
175.72
 21
90.52
 31
0.0
  0
LINE
  5
15E
330
17
100
AcDbEntity
  8
LINES
100
AcDbLine
 10
176.68
 20
88.12
 30
0.0
 11
176.68
 21
91.6
 31
0.0
  0
LINE
  5
15F
330
17
100
AcDbEntity
  8
LINES
100
AcDbLine
 10
180.28
 20
90.75999999999999
 30
0.0
 11
180.4
 21
91.6
 31
0.0
  0
LINE
  5
160
330
17
100
AcDbEntity
  8
LINES
100
AcDbLine
 10
181.6
 20
89.08
 30
0.0
 11
182.44
 21
89.56
 31
0.0
  0
LINE
  5
161
330
17
100
AcDbEntity
  8
LINES
100
AcDbLine
 10
183.51999999999998
 20
87.4
 30
0.0
 11
183.64
 21
88.12
 31
0.0
  0
LINE
  5
162
330
17
100
AcDbEntity
  8
LINES
100
AcDbLine
 10
185.79999999999998
 20
88.12
 30
0.0
 11
186.51999999999998
 21
88.12
 31
0.0
  0
LINE
  5
163
330
17
100
AcDbEntity
  8
LINES
100
AcDbLine
 10
187.35999999999999
 20
89.19999999999999
 30
0.0
 11
187.35999999999999
 21
90.52
 31
0.0
  0
LINE
  5
164
330
17
100
AcDbEntity
  8
LINES
100
AcDbLine
 10
188.2
 20
88.12
 30
0.0
 11
188.2
 21
91.6
 31
0.0
  0
LINE
  5
165
330
17
100
AcDbEntity
  8
LINES
100
AcDbLine
 10
191.92
 20
90.88
 30
0.0
 11
192.04
 21
91.6
 31
0.0
  0
LINE
  5
166
330
17
100
AcDbEntity
  8
LINES
100
AcDbLine
 10
193.12
 20
89.08
 30
0.0
 11
193.95999999999998
 21
89.56
 31
0.0
  0
LINE
  5
167
330
17
100
AcDbEntity
  8
LINES
100
AcDbLine
 10
199.35999999999999
 20
89.08
 30
0.0
 11
200.68
 21
89.08
 31
0.0
  0
LINE
  5
168
330
17
100
AcDbEntity
  8
LINES
100
AcDbLine
 10
202.72
 20
88.12
 30
0.0
 11
202.72
 21
89.91999999999999
 31
0.0
  0
LINE
  5
169
330
17
100
AcDbEntity
  8
LINES
100
AcDbLine
 10
205.72
 20
88.12
 30
0.0
 11
206.56
 21
88.12
 31
0.0
  0
LINE
  5
16A
330
17
100
AcDbEntity
  8
LINES
100
AcDbLine
 10
205.72
 20
90.03999999999999
 30
0.0
 11
206.56
 21
90.03999999999999
 31
0.0
  0
LINE
  5
16B
330
17
100
AcDbEntity
  8
LINES
100
AcDbLine
 10
208.23999999999998
 20
90.03999999999999
 30
0.0
 11
209.07999999999998
 21
90.03999999999999
 31
0.0
  0
LINE
  5
16C
330
17
100
AcDbEntity
  8
LINES
100
AcDbLine
 10
211.84
 20
89.56
 30
0.0
 11
212.79999999999998
 21
90.16
 31
0.0
  0
LINE
  5
16D
330
17
100
AcDbEntity
  8
LINES
100
AcDbLine
 10
216.16
 20
88.12
 30
0.0
 11
216.16
 21
91.6
 31
0.0
  0
LINE
  5
16E
330
17
100
AcDbEntity
  8
LINES
100
AcDbLine
 10
217.0
 20
89.08
 30
0.0
 11
217.0
 21
90.64
 31
0.0
  0
LINE
  5
16F
330
17
100
AcDbEntity
  8
LINES
100
AcDbLine
 10
217.84
 20
91.6
 30
0.0
 11
218.56
 21
91.6
 31
0.0
  0
LINE
  5
170
330
17
100
AcDbEntity
  8
LINES
100
AcDbLine
 10
219.51999999999998
 20
88.12
 30
0.0
 11
219.51999999999998
 21
91.6
 31
0.0
  0
LINE
  5
171
330
17
100
AcDbEntity
  8
LINES
100
AcDbLine
 10
219.51999999999998
 20
90.03999999999999
 30
0.0
 11
220.95999999999998
 21
90.03999999999999
 31
0.0
  0
LINE
  5
172
330
17
100
AcDbEntity
  8
LINES
100
AcDbLine
 10
220.95999999999998
 20
88.12
 30
0.0
 11
220.95999999999998
 21
91.6
 31
0.0
  0
LINE
  5
173
330
17
100
AcDbEntity
  8
LINES
100
AcDbLine
 10
222.64
 20
88.12
 30
0.0
 11
222.64
 21
91.6
 31
0.0
  0
LINE
  5
174
330
17
100
AcDbEntity
  8
LINES
100
AcDbLine
 10
221.92
 20
91.6
 30
0.0
 11
223.48
 21
91.6
 31
0.0
  0
LINE
  5
175
330
17
100
AcDbEntity
  8
LINES
100
AcDbLine
 10
227.44
 20
88.12
 30
0.0
 11
227.44
 21
89.91999999999999
 31
0.0
  0
LINE
  5
176
330
17
100
AcDbEntity
  8
LINES
100
AcDbLine
 10
230.44
 20
88.12
 30
0.0
 11
231.16
 21
88.12
 31
0.0
  0
LINE
  5
177
330
17
100
AcDbEntity
  8
LINES
100
AcDbLine
 10
232.0
 20
89.19999999999999
 30
0.0
 11
232.0
 21
90.52
 31
0.0
  0
LINE
  5
178
330
17
100
AcDbEntity
  8
LINES
100
AcDbLine
 10
232.84
 20
88.12
 30
0.0
 11
232.84
 21
91.6
 31
0.0
  0
LINE
  5
179
330
17
100
AcDbEntity
  8
LINES
100
AcDbLine
 10
233.79999999999998
 20
90.03999999999999
 30
0.0
 11
235.0
 21
90.03999999999999
 31
0.0
  0
LINE
  5
17A
330
17
100
AcDbEntity
  8
LINES
100
AcDbLine
 10
235.95999999999998
 20
90.03999999999999
 30
0.0
 11
237.16
 21
90.03999999999999
 31
0.0
  0
LINE
  5
17B
330
17
100
AcDbEntity
  8
LINES
100
AcDbLine
 10
238.12
 20
90.03999999999999
 30
0.0
 11
238.95999999999998
 21
90.03999999999999
 31
0.0
  0
LINE
  5
17C
330
17
100
AcDbEntity
  8
LINES
100
AcDbLine
 10
240.16
 20
89.68
 30
0.0
 11
241.0
 21
89.68
 31
0.0
  0
LINE
  5
17D
330
17
100
AcDbEntity
  8
LINES
100
AcDbLine
 10
241.12
 20
88.12
 30
0.0
 11
241.72
 21
89.68
 31
0.0
  0
LINE
  5
17E
330
17
100
AcDbEntity
  8
LINES
100
AcDbLine
 10
242.67999999999998
 20
90.03999999999999
 30
0.0
 11
243.51999999999998
 21
90.03999999999999
 31
0.0
  0
LINE
  5
17F
330
17
100
AcDbEntity
  8
LINES
100
AcDbLine
 10
247.95999999999998
 20
88.12
 30
0.0
 11
247.95999999999998
 21
91.6
 31
0.0
  0
LINE
  5
180
330
17
100
AcDbEntity
  8
LINES
100
AcDbLine
 10
247.23999999999998
 20
91.6
 30
0.0
 11
248.67999999999998
 21
91.6
 31
0.0
  0
LINE
  5
181
330
17
100
AcDbEntity
  8
LINES
100
AcDbLine
 10
250.84
 20
90.03999999999999
 30
0.0
 11
252.04
 21
90.03999999999999
 31
0.0
  0
LINE
  5
182
330
17
100
AcDbEntity
  8
LINES
100
AcDbLine
 10
253.0
 20
89.68
 30
0.0
 11
253.72
 21
89.68
 31
0.0
  0
LINE
  5
183
330
17
100
AcDbEntity
  8
LINES
100
AcDbLine
 10
253.95999999999998
 20
88.12
 30
0.0
 11
254.56
 21
89.68
 31
0.0
  0
LINE
  5
184
330
17
100
AcDbEntity
  8
LINES
100
AcDbLine
 10
255.39999999999998
 20
89.08
 30
0.0
 11
255.39999999999998
 21
90.64
 31
0.0
  0
LINE
  5
185
330
17
100
AcDbEntity
  8
LINES
100
AcDbLine
 10
256.96
 20
89.08
 30
0.0
 11
256.96
 21
90.64
 31
0.0
  0
LINE
  5
186
330
17
100
AcDbEntity
  8
LINES
100
AcDbLine
 10
262.12
 20
89.08
 30
0.0
 11
263.44
 21
89.08
 31
0.0
  0
LINE
  5
187
330
17
100
AcDbEntity
  8
LINES
100
AcDbLine
 10
265.24
 20
88.12
 30
0.0
 11
265.84000000000003
 21
88.12
 31
0.0
  0
LINE
  5
188
330
17
100
AcDbEntity
  8
LINES
100
AcDbLine
 10
264.64
 20
89.08
 30
0.0
 11
264.64
 21
90.75999999999999
 31
0.0
  0
LINE
  5
189
330
17
100
AcDbEntity
  8
LINES
100
AcDbLine
 10
265.24
 20
91.6
 30
0.0
 11
265.84000000000003
 21
91.6
 31
0.0
  0
LINE
  5
18A
330
17
100
AcDbEntity
  8
LINES
100
AcDbLine
 10
267.52
 20
88.12
 30
0.0
 11
267.52
 21
91.6
 31
0.0
  0
LINE
  5
18B
330
17
100
AcDbEntity
  8
LINES
100
AcDbLine
 10
266.67999999999995
 20
91.6
 30
0.0
 11
268.24
 21
91.6
 31
0.0
  0
LINE
  5
18C
330
17
100
AcDbEntity
  8
LINES
100
AcDbLine
 10
269.2
 20
89.08
 30
0.0
 11
269.2
 21
91.6
 31
0.0
  0
LINE
  5
18D
330
17
100
AcDbEntity
  8
LINES
100
AcDbLine
 10
270.64
 20
89.08
 30
0.0
 11
270.64
 21
91.6
 31
0.0
  0
LINE
  5
18E
330
17
100
AcDbEntity
  8
LINES
100
AcDbLine
 10
271.84000000000003
 20
89.08
 30
0.0
 11
273.15999999999997
 21
89.08
 31
0.0
  0
LINE
  5
18F
330
17
100
AcDbEntity
  8
LINES
100
AcDbLine
 10
277.71999999999997
 20
88.12
 30
0.0
 11
278.32
 21
88.12
 31
0.0
  0
LINE
  5
190
330
17
100
AcDbEntity
  8
LINES
100
AcDbLine
 10
279.15999999999997
 20
89.19999999999999
 30
0.0
 11
279.15999999999997
 21
90.52
 31
0.0
  0
LINE
  5
191
330
17
100
AcDbEntity
  8
LINES
100
AcDbLine
 10
280.12
 20
88.12
 30
0.0
 11
280.12
 21
91.6
 31
0.0
  0
LINE
  5
192
330
17
100
AcDbEntity
  8
LINES
100
AcDbLine
 10
283.84
 20
90.88
 30
0.0
 11
283.96
 21
91.6
 31
0.0
  0
LINE
  5
193
330
17
100
AcDbEntity
  8
LINES
100
AcDbLine
 10
285.03999999999996
 20
89.08
 30
0.0
 11
285.88
 21
89.56
 31
0.0
  0
LINE
  5
194
330
17
100
AcDbEntity
  8
LINES
100
AcDbLine
 10
288.15999999999997
 20
88.12
 30
0.0
 11
288.88
 21
88.12
 31
0.0
  0
LINE
  5
195
330
17
100
AcDbEntity
  8
LINES
100
AcDbLine
 10
289.71999999999997
 20
89.19999999999999
 30
0.0
 11
289.71999999999997
 21
90.52
 31
0.0
  0
LINE
  5
196
330
17
100
AcDbEntity
  8
LINES
100
AcDbLine
 10
290.68
 20
89.08
 30
0.0
 11
290.68
 21
91.6
 31
0.0
  0
LINE
  5
197
330
17
100
AcDbEntity
  8
LINES
100
AcDbLine
 10
292.12
 20
89.08
 30
0.0
 11
292.12
 21
91.6
 31
0.0
  0
LINE
  5
198
330
17
100
AcDbEntity
  8
LINES
100
AcDbLine
 10
293.08
 20
90.03999999999999
 30
0.0
 11
294.03999999999996
 21
90.03999999999999
 31
0.0
  0
LINE
  5
199
330
17
100
AcDbEntity
  8
LINES
100
AcDbLine
 10
296.44
 20
89.68
 30
0.0
 11
297.15999999999997
 21
89.68
 31
0.0
  0
LINE
  5
19A
330
17
100
AcDbEntity
  8
LINES
100
AcDbLine
 10
297.4
 20
88.12
 30
0.0
 11
298.0
 21
89.68
 31
0.0
  0
LINE
  5
19B
330
17
100
AcDbEntity
  8
LINES
100
AcDbLine
 10
298.84
 20
89.08
 30
0.0
 11
298.84
 21
90.64
 31
0.0
  0
LINE
  5
19C
330
17
100
AcDbEntity
  8
LINES
100
AcDbLine
 10
300.4
 20
89.08
 30
0.0
 11
300.4
 21
90.64
 31
0.0
  0
LINE
  5
19D
330
17
100
AcDbEntity
  8
LINES
100
AcDbLine
 10
301.36
 20
89.08
 30
0.0
 11
301.36
 21
91.6
 31
0.0
  0
LINE
  5
19E
330
17
100
AcDbEntity
  8
LINES
100
AcDbLine
 10
302.8
 20
89.08
 30
0.0
 11
302.8
 21
91.6
 31
0.0
  0
LINE
  5
19F
330
17
100
AcDbEntity
  8
LINES
100
AcDbLine
 10
306.15999999999997
 20
88.12
 30
0.0
 11
306.88
 21
88.12
 31
0.0
  0
LINE
  5
1A0
330
17
100
AcDbEntity
  8
LINES
100
AcDbLine
 10
307.71999999999997
 20
89.19999999999999
 30
0.0
 11
307.71999999999997
 21
90.52
 31
0.0
  0
LINE
  5
1A1
330
17
100
AcDbEntity
  8
LINES
100
AcDbLine
 10
308.68
 20
89.32
 30
0.0
 11
309.88
 21
89.32
 31
0.0
  0
LINE
  5
1A2
330
17
100
AcDbEntity
  8
LINES
100
AcDbLine
 10
310.71999999999997
 20
89.08
 30
0.0
 11
310.71999999999997
 21
90.64
 31
0.0
  0
LINE
  5
1A3
330
17
100
AcDbEntity
  8
LINES
100
AcDbLine
 10
312.28
 20
89.08
 30
0.0
 11
312.28
 21
90.64
 31
0.0
  0
LINE
  5
1A4
330
17
100
AcDbEntity
  8
LINES
100
AcDbLine
 10
313.24
 20
90.03999999999999
 30
0.0
 11
314.44
 21
90.03999999999999
 31
0.0
  0
LINE
  5
1A5
330
17
100
AcDbEntity
  8
LINES
100
AcDbLine
 10
315.28
 20
90.03999999999999
 30
0.0
 11
316.59999999999997
 21
90.03999999999999
 31
0.0
  0
LINE
  5
1A6
330
17
100
AcDbEntity
  8
LINES
100
AcDbLine
 10
317.44
 20
88.12
 30
0.0
 11
317.44
 21
88.36
 31
0.0
  0
LINE
  5
1A7
330
17
100
AcDbEntity
  8
LINES
100
AcDbLine
 10
801.16
 20
102.64
 30
0.0
 11
801.16
 21
105.16
 31
0.0
  0
LINE
  5
1A8
330
17
100
AcDbEntity
  8
LINES
100
AcDbLine
 10
800.56
 20
105.16
 30
0.0
 11
801.64
 21
105.16
 31
0.0
  0
LINE
  5
1A9
330
17
100
AcDbEntity
  8
LINES
100
AcDbLine
 10
802.36
 20
103.84
 30
0.0
 11
802.9599999999999
 21
103.84
 31
0.0
  0
LINE
  5
1AA
330
17
100
AcDbEntity
  8
LINES
100
AcDbLine
 10
803.0799999999999
 20
102.64
 30
0.0
 11
803.4399999999999
 21
103.84
 31
0.0
  0
LINE
  5
1AB
330
17
100
AcDbEntity
  8
LINES
100
AcDbLine
 10
804.4
 20
103.36
 30
0.0
 11
805.36
 21
103.36
 31
0.0
  0
LINE
  5
1AC
330
17
100
AcDbEntity
  8
LINES
100
AcDbLine
 10
806.68
 20
102.64
 30
0.0
 11
807.16
 21
102.64
 31
0.0
  0
LINE
  5
1AD
330
17
100
AcDbEntity
  8
LINES
100
AcDbLine
 10
806.1999999999999
 20
103.24
 30
0.0
 11
806.1999999999999
 21
104.56
 31
0.0
  0
LINE
  5
1AE
330
17
100
AcDbEntity
  8
LINES
100
AcDbLine
 10
806.68
 20
105.16
 30
0.0
 11
807.16
 21
105.16
 31
0.0
  0
LINE
  5
1AF
330
17
100
AcDbEntity
  8
LINES
100
AcDbLine
 10
807.76
 20
104.08
 30
0.0
 11
808.48
 21
104.08
 31
0.0
  0
LINE
  5
1B0
330
17
100
AcDbEntity
  8
LINES
100
AcDbLine
 10
809.4399999999999
 20
102.64
 30
0.0
 11
809.92
 21
102.64
 31
0.0
  0
LINE
  5
1B1
330
17
100
AcDbEntity
  8
LINES
100
AcDbLine
 10
810.52
 20
103.48
 30
0.0
 11
810.52
 21
104.44
 31
0.0
  0
LINE
  5
1B2
330
17
100
AcDbEntity
  8
LINES
100
AcDbLine
 10
812.0799999999999
 20
103.84
 30
0.0
 11
812.68
 21
103.84
 31
0.0
  0
LINE
  5
1B3
330
17
100
AcDbEntity
  8
LINES
100
AcDbLine
 10
813.88
 20
102.64
 30
0.0
 11
813.88
 21
105.16
 31
0.0
  0
LINE
  5
1B4
330
17
100
AcDbEntity
  8
LINES
100
AcDbLine
 10
814.6
 20
103.84
 30
0.0
 11
815.1999999999999
 21
103.84
 31
0.0
  0
LINE
  5
1B5
330
17
100
AcDbEntity
  8
LINES
100
AcDbLine
 10
816.4
 20
104.08
 30
0.0
 11
817.12
 21
104.08
 31
0.0
  0
LINE
  5
1B6
330
17
100
AcDbEntity
  8
LINES
100
AcDbLine
 10
776.56
 20
102.52
 30
0.0
 11
776.56
 21
105.03999999999999
 31
0.0
  0
LINE
  5
1B7
330
17
100
AcDbEntity
  8
LINES
100
AcDbLine
 10
777.88
 20
102.52
 30
0.0
 11
777.88
 21
105.03999999999999
 31
0.0
  0
LINE
  5
1B8
330
17
100
AcDbEntity
  8
LINES
100
AcDbLine
 10
777.28
 20
105.03999999999999
 30
0.0
 11
778.36
 21
105.03999999999999
 31
0.0
  0
LINE
  5
1B9
330
17
100
AcDbEntity
  8
LINES
100
AcDbLine
 10
779.0799999999999
 20
103.96
 30
0.0
 11
779.8
 21
103.96
 31
0.0
  0
LINE
  5
1BA
330
17
100
AcDbEntity
  8
LINES
100
AcDbLine
 10
785.4399999999999
 20
103.24
 30
0.0
 11
785.4399999999999
 21
105.03999999999999
 31
0.0
  0
LINE
  5
1BB
330
17
100
AcDbEntity
  8
LINES
100
AcDbLine
 10
786.52
 20
103.24
 30
0.0
 11
786.52
 21
105.03999999999999
 31
0.0
  0
LINE
  5
1BC
330
17
100
AcDbEntity
  8
LINES
100
AcDbLine
 10
789.28
 20
102.52
 30
0.0
 11
789.88
 21
102.52
 31
0.0
  0
LINE
  5
1BD
330
17
100
AcDbEntity
  8
LINES
100
AcDbLine
 10
789.28
 20
103.96
 30
0.0
 11
789.88
 21
103.96
 31
0.0
  0
LINE
  5
1BE
330
17
100
AcDbEntity
  8
LINES
100
AcDbLine
 10
791.0799999999999
 20
103.96
 30
0.0
 11
791.8
 21
103.96
 31
0.0
  0
LINE
  5
1BF
330
17
100
AcDbEntity
  8
LINES
100
AcDbLine
 10
792.64
 20
103.6
 30
0.0
 11
793.24
 21
103.6
 31
0.0
  0
LINE
  5
1C0
330
17
100
AcDbEntity
  8
LINES
100
AcDbLine
 10
793.36
 20
102.52
 30
0.0
 11
793.8399999999999
 21
103.6
 31
0.0
  0
LINE
  5
1C1
330
17
100
AcDbEntity
  8
LINES
100
AcDbLine
 10
751.12
 20
103.84
 30
0.0
 11
751.6
 21
103.84
 31
0.0
  0
LINE
  5
1C2
330
17
100
AcDbEntity
  8
LINES
100
AcDbLine
 10
752.92
 20
102.64
 30
0.0
 11
752.92
 21
105.16
 31
0.0
  0
LINE
  5
1C3
330
17
100
AcDbEntity
  8
LINES
100
AcDbLine
 10
753.52
 20
103.84
 30
0.0
 11
754.12
 21
103.84
 31
0.0
  0
LINE
  5
1C4
330
17
100
AcDbEntity
  8
LINES
100
AcDbLine
 10
755.3199999999999
 20
104.08
 30
0.0
 11
756.04
 21
104.08
 31
0.0
  0
LINE
  5
1C5
330
17
100
AcDbEntity
  8
LINES
100
AcDbLine
 10
758.0799999999999
 20
103.72
 30
0.0
 11
758.68
 21
104.08
 31
0.0
  0
LINE
  5
1C6
330
17
100
AcDbEntity
  8
LINES
100
AcDbLine
 10
759.64
 20
103.36
 30
0.0
 11
759.64
 21
105.16
 31
0.0
  0
LINE
  5
1C7
330
17
100
AcDbEntity
  8
LINES
100
AcDbLine
 10
760.8399999999999
 20
103.36
 30
0.0
 11
760.8399999999999
 21
105.16
 31
0.0
  0
LINE
  5
1C8
330
17
100
AcDbEntity
  8
LINES
100
AcDbLine
 10
761.4399999999999
 20
103.84
 30
0.0
 11
762.04
 21
103.84
 31
0.0
  0
LINE
  5
1C9
330
17
100
AcDbEntity
  8
LINES
100
AcDbLine
 10
763.24
 20
103.84
 30
0.0
 11
763.8399999999999
 21
103.84
 31
0.0
  0
LINE
  5
1CA
330
17
100
AcDbEntity
  8
LINES
100
AcDbLine
 10
765.16
 20
103.36
 30
0.0
 11
765.16
 21
104.44
 31
0.0
  0
LINE
  5
1CB
330
17
100
AcDbEntity
  8
LINES
100
AcDbLine
 10
766.24
 20
103.36
 30
0.0
 11
766.24
 21
104.44
 31
0.0
  0
LINE
  5
1CC
330
17
100
AcDbEntity
  8
LINES
100
AcDbLine
 10
766.9599999999999
 20
103.84
 30
0.0
 11
767.4399999999999
 21
103.84
 31
0.0
  0
LINE
  5
1CD
330
17
100
AcDbEntity
  8
LINES
100
AcDbLine
 10
767.56
 20
102.64
 30
0.0
 11
768.04
 21
103.84
 31
0.0
  0
LINE
  5
1CE
330
17
100
AcDbEntity
  8
LINES
100
AcDbLine
 10
769.24
 20
102.64
 30
0.0
 11
769.24
 21
105.16
 31
0.0
  0
LINE
  5
1CF
330
17
100
AcDbEntity
  8
LINES
100
AcDbLine
 10
768.76
 20
105.16
 30
0.0
 11
769.8399999999999
 21
105.16
 31
0.0
  0
LINE
  5
1D0
330
17
100
AcDbEntity
  8
LINES
100
AcDbLine
 10
726.16
 20
103.72
 30
0.0
 11
726.88
 21
104.08
 31
0.0
  0
LINE
  5
1D1
330
17
100
AcDbEntity
  8
LINES
100
AcDbLine
 10
728.3199999999999
 20
102.64
 30
0.0
 11
728.68
 21
102.64
 31
0.0
  0
LINE
  5
1D2
330
17
100
AcDbEntity
  8
LINES
100
AcDbLine
 10
727.72
 20
103.24
 30
0.0
 11
727.72
 21
104.56
 31
0.0
  0
LINE
  5
1D3
330
17
100
AcDbEntity
  8
LINES
100
AcDbLine
 10
728.3199999999999
 20
105.16
 30
0.0
 11
728.68
 21
105.16
 31
0.0
  0
LINE
  5
1D4
330
17
100
AcDbEntity
  8
LINES
100
AcDbLine
 10
729.4
 20
103.84
 30
0.0
 11
729.88
 21
103.84
 31
0.0
  0
LINE
  5
1D5
330
17
100
AcDbEntity
  8
LINES
100
AcDbLine
 10
730.0
 20
102.64
 30
0.0
 11
730.48
 21
103.84
 31
0.0
  0
LINE
  5
1D6
330
17
100
AcDbEntity
  8
LINES
100
AcDbLine
 10
731.1999999999999
 20
104.08
 30
0.0
 11
731.8
 21
104.08
 31
0.0
  0
LINE
  5
1D7
330
17
100
AcDbEntity
  8
LINES
100
AcDbLine
 10
735.28
 20
104.08
 30
0.0
 11
735.88
 21
104.08
 31
0.0
  0
LINE
  5
1D8
330
17
100
AcDbEntity
  8
LINES
100
AcDbLine
 10
736.8399999999999
 20
102.64
 30
0.0
 11
737.3199999999999
 21
102.64
 31
0.0
  0
LINE
  5
1D9
330
17
100
AcDbEntity
  8
LINES
100
AcDbLine
 10
737.92
 20
103.48
 30
0.0
 11
737.92
 21
104.44
 31
0.0
  0
LINE
  5
1DA
330
17
100
AcDbEntity
  8
LINES
100
AcDbLine
 10
739.6
 20
102.64
 30
0.0
 11
739.72
 21
102.64
 31
0.0
  0
LINE
  5
1DB
330
17
100
AcDbEntity
  8
LINES
100
AcDbLine
 10
740.1999999999999
 20
103.24
 30
0.0
 11
740.1999999999999
 21
105.16
 31
0.0
  0
LINE
  5
1DC
330
17
100
AcDbEntity
  8
LINES
100
AcDbLine
 10
740.92
 20
103.36
 30
0.0
 11
740.92
 21
104.44
 31
0.0
  0
LINE
  5
1DD
330
17
100
AcDbEntity
  8
LINES
100
AcDbLine
 10
742.0
 20
103.36
 30
0.0
 11
742.0
 21
104.44
 31
0.0
  0
LINE
  5
1DE
330
17
100
AcDbEntity
  8
LINES
100
AcDbLine
 10
742.72
 20
102.64
 30
0.0
 11
742.72
 21
105.16
 31
0.0
  0
LINE
  5
1DF
330
17
100
AcDbEntity
  8
LINES
100
AcDbLine
 10
745.72
 20
102.64
 30
0.0
 11
745.72
 21
105.16
 31
0.0
  0
LINE
  5
1E0
330
17
100
AcDbEntity
  8
LINES
100
AcDbLine
 10
745.24
 20
105.16
 30
0.0
 11
746.3199999999999
 21
105.16
 31
0.0
  0
LINE
  5
1E1
330
17
100
AcDbEntity
  8
LINES
100
AcDbLine
 10
701.0799999999999
 20
103.72
 30
0.0
 11
701.68
 21
104.08
 31
0.0
  0
LINE
  5
1E2
330
17
100
AcDbEntity
  8
LINES
100
AcDbLine
 10
702.64
 20
103.36
 30
0.0
 11
702.64
 21
104.44
 31
0.0
  0
LINE
  5
1E3
330
17
100
AcDbEntity
  8
LINES
100
AcDbLine
 10
703.8399999999999
 20
103.36
 30
0.0
 11
703.8399999999999
 21
104.44
 31
0.0
  0
LINE
  5
1E4
330
17
100
AcDbEntity
  8
LINES
100
AcDbLine
 10
705.04
 20
102.64
 30
0.0
 11
705.4
 21
102.64
 31
0.0
  0
LINE
  5
1E5
330
17
100
AcDbEntity
  8
LINES
100
AcDbLine
 10
704.4399999999999
 20
103.24
 30
0.0
 11
704.4399999999999
 21
104.56
 31
0.0
  0
LINE
  5
1E6
330
17
100
AcDbEntity
  8
LINES
100
AcDbLine
 10
705.04
 20
105.16
 30
0.0
 11
705.4
 21
105.16
 31
0.0
  0
LINE
  5
1E7
330
17
100
AcDbEntity
  8
LINES
100
AcDbLine
 10
706.0
 20
102.64
 30
0.0
 11
706.0
 21
105.16
 31
0.0
  0
LINE
  5
1E8
330
17
100
AcDbEntity
  8
LINES
100
AcDbLine
 10
706.0
 20
103.6
 30
0.0
 11
707.1999999999999
 21
105.16
 31
0.0
  0
LINE
  5
1E9
330
17
100
AcDbEntity
  8
LINES
100
AcDbLine
 10
706.48
 20
102.64
 30
0.0
 11
707.1999999999999
 21
104.2
 31
0.0
  0
LINE
  5
1EA
330
17
100
AcDbEntity
  8
LINES
100
AcDbLine
 10
707.92
 20
104.08
 30
0.0
 11
708.52
 21
104.08
 31
0.0
  0
LINE
  5
1EB
330
17
100
AcDbEntity
  8
LINES
100
AcDbLine
 10
710.0799999999999
 20
102.64
 30
0.0
 11
710.0799999999999
 21
105.16
 31
0.0
  0
LINE
  5
1EC
330
17
100
AcDbEntity
  8
LINES
100
AcDbLine
 10
709.48
 20
105.16
 30
0.0
 11
710.56
 21
105.16
 31
0.0
  0
LINE
  5
1ED
330
17
100
AcDbEntity
  8
LINES
100
AcDbLine
 10
714.64
 20
104.08
 30
0.0
 11
715.36
 21
104.08
 31
0.0
  0
LINE
  5
1EE
330
17
100
AcDbEntity
  8
LINES
100
AcDbLine
 10
717.88
 20
102.64
 30
0.0
 11
718.36
 21
102.64
 31
0.0
  0
LINE
  5
1EF
330
17
100
AcDbEntity
  8
LINES
100
AcDbLine
 10
718.9599999999999
 20
103.48
 30
0.0
 11
718.9599999999999
 21
104.44
 31
0.0
  0
LINE
  5
1F0
330
17
100
AcDbEntity
  8
LINES
100
AcDbLine
 10
676.36
 20
104.08
 30
0.0
 11
677.1999999999999
 21
104.08
 31
0.0
  0
LINE
  5
1F1
330
17
100
AcDbEntity
  8
LINES
100
AcDbLine
 10
677.92
 20
102.64
 30
0.0
 11
677.92
 21
105.16
 31
0.0
  0
LINE
  5
1F2
330
17
100
AcDbEntity
  8
LINES
100
AcDbLine
 10
678.64
 20
104.08
 30
0.0
 11
679.24
 21
104.08
 31
0.0
  0
LINE
  5
1F3
330
17
100
AcDbEntity
  8
LINES
100
AcDbLine
 10
681.76
 20
102.64
 30
0.0
 11
682.24
 21
102.64
 31
0.0
  0
LINE
  5
1F4
330
17
100
AcDbEntity
  8
LINES
100
AcDbLine
 10
682.84
 20
103.48
 30
0.0
 11
682.84
 21
104.44
 31
0.0
  0
LINE
  5
1F5
330
17
100
AcDbEntity
  8
LINES
100
AcDbLine
 10
686.92
 20
104.08
 30
0.0
 11
687.64
 21
104.08
 31
0.0
  0
LINE
  5
1F6
330
17
100
AcDbEntity
  8
LINES
100
AcDbLine
 10
690.16
 20
102.64
 30
0.0
 11
690.64
 21
102.64
 31
0.0
  0
LINE
  5
1F7
330
17
100
AcDbEntity
  8
LINES
100
AcDbLine
 10
691.24
 20
103.48
 30
0.0
 11
691.24
 21
104.44
 31
0.0
  0
LINE
  5
1F8
330
17
100
AcDbEntity
  8
LINES
100
AcDbLine
 10
652.9599999999999
 20
103.72
 30
0.0
 11
653.68
 21
104.08
 31
0.0
  0
LINE
  5
1F9
330
17
100
AcDbEntity
  8
LINES
100
AcDbLine
 10
654.52
 20
102.64
 30
0.0
 11
654.52
 21
105.16
 31
0.0
  0
LINE
  5
1FA
330
17
100
AcDbEntity
  8
LINES
100
AcDbLine
 10
654.52
 20
104.08
 30
0.0
 11
655.72
 21
104.08
 31
0.0
  0
LINE
  5
1FB
330
17
100
AcDbEntity
  8
LINES
100
AcDbLine
 10
655.72
 20
102.64
 30
0.0
 11
655.72
 21
105.16
 31
0.0
  0
LINE
  5
1FC
330
17
100
AcDbEntity
  8
LINES
100
AcDbLine
 10
656.3199999999999
 20
103.36
 30
0.0
 11
656.3199999999999
 21
104.44
 31
0.0
  0
LINE
  5
1FD
330
17
100
AcDbEntity
  8
LINES
100
AcDbLine
 10
657.52
 20
103.36
 30
0.0
 11
657.52
 21
104.44
 31
0.0
  0
LINE
  5
1FE
330
17
100
AcDbEntity
  8
LINES
100
AcDbLine
 10
658.12
 20
103.84
 30
0.0
 11
658.72
 21
103.84
 31
0.0
  0
LINE
  5
1FF
330
17
100
AcDbEntity
  8
LINES
100
AcDbLine
 10
663.4
 20
104.08
 30
0.0
 11
664.0
 21
104.08
 31
0.0
  0
LINE
  5
200
330
17
100
AcDbEntity
  8
LINES
100
AcDbLine
 10
666.52
 20
102.64
 30
0.0
 11
667.0
 21
102.64
 31
0.0
  0
LINE
  5
201
330
17
100
AcDbEntity
  8
LINES
100
AcDbLine
 10
667.72
 20
103.48
 30
0.0
 11
667.72
 21
104.44
 31
0.0
  0
LINE
  5
202
330
17
100
AcDbEntity
  8
LINES
100
AcDbLine
 10
483.4
 20
43.84
 30
0.0
 11
484.24
 21
43.84
 31
0.0
  0
LINE
  5
203
330
17
100
AcDbEntity
  8
LINES
100
AcDbLine
 10
484.35999999999996
 20
42.28
 30
0.0
 11
484.96
 21
43.84
 31
0.0
  0
LINE
  5
204
330
17
100
AcDbEntity
  8
LINES
100
AcDbLine
 10
485.91999999999996
 20
44.2
 30
0.0
 11
486.76
 21
44.2
 31
0.0
  0
LINE
  5
205
330
17
100
AcDbEntity
  8
LINES
100
AcDbLine
 10
506.32
 20
42.28
 30
0.0
 11
507.03999999999996
 21
42.28
 31
0.0
  0
LINE
  5
206
330
17
100
AcDbEntity
  8
LINES
100
AcDbLine
 10
507.88
 20
43.36
 30
0.0
 11
507.88
 21
44.68
 31
0.0
  0
LINE
  5
207
330
17
100
AcDbEntity
  8
LINES
100
AcDbLine
 10
509.08
 20
43.24
 30
0.0
 11
510.28
 21
43.24
 31
0.0
  0
LINE
  5
208
330
17
100
AcDbEntity
  8
LINES
100
AcDbLine
 10
512.3199999999999
 20
42.28
 30
0.0
 11
512.3199999999999
 21
45.76
 31
0.0
  0
LINE
  5
209
330
17
100
AcDbEntity
  8
LINES
100
AcDbLine
 10
511.47999999999996
 20
45.76
 30
0.0
 11
513.04
 21
45.76
 31
0.0
  0
LINE
  5
20A
330
17
100
AcDbEntity
  8
LINES
100
AcDbLine
 10
514.0
 20
44.2
 30
0.0
 11
514.8399999999999
 21
44.2
 31
0.0
  0
LINE
  5
20B
330
17
100
AcDbEntity
  8
LINES
100
AcDbLine
 10
523.8399999999999
 20
42.28
 30
0.0
 11
524.56
 21
42.28
 31
0.0
  0
LINE
  5
20C
330
17
100
AcDbEntity
  8
LINES
100
AcDbLine
 10
523.8399999999999
 20
44.2
 30
0.0
 11
524.56
 21
44.2
 31
0.0
  0
LINE
  5
20D
330
17
100
AcDbEntity
  8
LINES
100
AcDbLine
 10
527.2
 20
42.28
 30
0.0
 11
527.2
 21
43.96
 31
0.0
  0
LINE
  5
20E
330
17
100
AcDbEntity
  8
LINES
100
AcDbLine
 10
543.16
 20
42.28
 30
0.0
 11
543.76
 21
42.28
 31
0.0
  0
LINE
  5
20F
330
17
100
AcDbEntity
  8
LINES
100
AcDbLine
 10
542.56
 20
43.12
 30
0.0
 11
542.56
 21
44.8
 31
0.0
  0
LINE
  5
210
330
17
100
AcDbEntity
  8
LINES
100
AcDbLine
 10
543.16
 20
45.76
 30
0.0
 11
543.76
 21
45.76
 31
0.0
  0
LINE
  5
211
330
17
100
AcDbEntity
  8
LINES
100
AcDbLine
 10
544.6
 20
42.28
 30
0.0
 11
544.6
 21
45.76
 31
0.0
  0
LINE
  5
212
330
17
100
AcDbEntity
  8
LINES
100
AcDbLine
 10
544.6
 20
44.2
 30
0.0
 11
546.16
 21
44.2
 31
0.0
  0
LINE
  5
213
330
17
100
AcDbEntity
  8
LINES
100
AcDbLine
 10
546.16
 20
42.28
 30
0.0
 11
546.16
 21
45.76
 31
0.0
  0
LINE
  5
214
330
17
100
AcDbEntity
  8
LINES
100
AcDbLine
 10
547.12
 20
42.28
 30
0.0
 11
547.12
 21
45.76
 31
0.0
  0
LINE
  5
215
330
17
100
AcDbEntity
  8
LINES
100
AcDbLine
 10
547.12
 20
43.6
 30
0.0
 11
548.56
 21
45.76
 31
0.0
  0
LINE
  5
216
330
17
100
AcDbEntity
  8
LINES
100
AcDbLine
 10
547.72
 20
42.28
 30
0.0
 11
548.56
 21
44.44
 31
0.0
  0
LINE
  5
217
330
17
100
AcDbEntity
  8
LINES
100
AcDbLine
 10
549.52
 20
42.28
 30
0.0
 11
549.52
 21
42.519999999999996
 31
0.0
  0
LINE
  5
218
330
17
100
AcDbEntity
  8
LINES
100
AcDbLine
 10
561.4
 20
43.24
 30
0.0
 11
562.72
 21
43.24
 31
0.0
  0
LINE
  5
219
330
17
100
AcDbEntity
  8
LINES
100
AcDbLine
 10
563.92
 20
43.84
 30
0.0
 11
564.64
 21
43.84
 31
0.0
  0
LINE
  5
21A
330
17
100
AcDbEntity
  8
LINES
100
AcDbLine
 10
566.3199999999999
 20
43.84
 30
0.0
 11
567.16
 21
43.84
 31
0.0
  0
LINE
  5
21B
330
17
100
AcDbEntity
  8
LINES
100
AcDbLine
 10
568.72
 20
42.28
 30
0.0
 11
568.72
 21
42.519999999999996
 31
0.0
  0
LINE
  5
21C
330
17
100
AcDbEntity
  8
LINES
100
AcDbLine
 10
617.56
 20
42.28
 30
0.0
 11
618.28
 21
42.28
 31
0.0
  0
LINE
  5
21D
330
17
100
AcDbEntity
  8
LINES
100
AcDbLine
 10
619.12
 20
43.36
 30
0.0
 11
619.12
 21
44.68
 31
0.0
  0
LINE
  5
21E
330
17
100
AcDbEntity
  8
LINES
100
AcDbLine
 10
619.9599999999999
 20
44.2
 30
0.0
 11
620.92
 21
44.2
 31
0.0
  0
LINE
  5
21F
330
17
100
AcDbEntity
  8
LINES
100
AcDbLine
 10
622.48
 20
43.72
 30
0.0
 11
623.3199999999999
 21
44.32
 31
0.0
  0
LINE
  5
220
330
17
100
AcDbEntity
  8
LINES
100
AcDbLine
 10
625.24
 20
42.28
 30
0.0
 11
625.84
 21
42.28
 31
0.0
  0
LINE
  5
221
330
17
100
AcDbEntity
  8
LINES
100
AcDbLine
 10
624.52
 20
43.12
 30
0.0
 11
624.52
 21
44.8
 31
0.0
  0
LINE
  5
222
330
17
100
AcDbEntity
  8
LINES
100
AcDbLine
 10
625.24
 20
45.76
 30
0.0
 11
625.84
 21
45.76
 31
0.0
  0
LINE
  5
223
330
17
100
AcDbEntity
  8
LINES
100
AcDbLine
 10
626.68
 20
43.84
 30
0.0
 11
627.52
 21
43.84
 31
0.0
  0
LINE
  5
224
330
17
100
AcDbEntity
  8
LINES
100
AcDbLine
 10
627.64
 20
42.28
 30
0.0
 11
628.24
 21
43.84
 31
0.0
  0
LINE
  5
225
330
17
100
AcDbEntity
  8
LINES
100
AcDbLine
 10
629.0799999999999
 20
42.28
 30
0.0
 11
629.0799999999999
 21
45.76
 31
0.0
  0
LINE
  5
226
330
17
100
AcDbEntity
  8
LINES
100
AcDbLine
 10
630.04
 20
43.84
 30
0.0
 11
630.76
 21
43.84
 31
0.0
  0
LINE
  5
227
330
17
100
AcDbEntity
  8
LINES
100
AcDbLine
 10
633.28
 20
42.28
 30
0.0
 11
633.28
 21
45.76
 31
0.0
  0
LINE
  5
228
330
17
100
AcDbEntity
  8
LINES
100
AcDbLine
 10
632.4399999999999
 20
45.76
 30
0.0
 11
634.0
 21
45.76
 31
0.0
  0
LINE
  5
229
330
17
100
AcDbEntity
  8
LINES
100
AcDbLine
 10
634.9599999999999
 20
42.28
 30
0.0
 11
634.9599999999999
 21
45.76
 31
0.0
  0
LINE
  5
22A
330
17
100
AcDbEntity
  8
LINES
100
AcDbLine
 10
635.8
 20
43.24
 30
0.0
 11
635.8
 21
44.8
 31
0.0
  0
LINE
  5
22B
330
17
100
AcDbEntity
  8
LINES
100
AcDbLine
 10
637.36
 20
43.24
 30
0.0
 11
637.36
 21
44.8
 31
0.0
  0
LINE
  5
22C
330
17
100
AcDbEntity
  8
LINES
100
AcDbLine
 10
578.0799999999999
 20
31.0
 30
0.0
 11
578.0799999999999
 21
39.519999999999996
 31
0.0
  0
LINE
  5
22D
330
17
100
AcDbEntity
  8
LINES
100
AcDbLine
 10
865.24
 20
31.0
 30
0.0
 11
865.24
 21
39.519999999999996
 31
0.0
  0
LINE
  5
22E
330
17
100
AcDbEntity
  8
LINES
100
AcDbLine
 10
954.76
 20
31.0
 30
0.0
 11
954.76
 21
39.519999999999996
 31
0.0
  0
LINE
  5
22F
330
17
100
AcDbEntity
  8
LINES
100
AcDbLine
 10
1044.1599999999999
 20
31.0
 30
0.0
 11
1044.1599999999999
 21
39.519999999999996
 31
0.0
  0
LINE
  5
230
330
17
100
AcDbEntity
  8
LINES
100
AcDbLine
 10
949.36
 20
462.03999999999996
 30
0.0
 11
949.36
 21
467.68
 31
0.0
  0
LINE
  5
231
330
17
100
AcDbEntity
  8
LINES
100
AcDbLine
 10
949.5999999999999
 20
462.28
 30
0.0
 11
949.5999999999999
 21
467.32
 31
0.0
  0
LINE
  5
232
330
17
100
AcDbEntity
  8
LINES
100
AcDbLine
 10
959.8
 20
462.03999999999996
 30
0.0
 11
959.8
 21
467.68
 31
0.0
  0
LINE
  5
233
330
17
100
AcDbEntity
  8
LINES
100
AcDbLine
 10
960.04
 20
462.28
 30
0.0
 11
960.04
 21
467.32
 31
0.0
  0
LINE
  5
234
330
17
100
AcDbEntity
  8
RECTANGLES
100
AcDbLine
 10
969.88
 20
467.32
 30
0.0
 11
973.24
 21
467.32
 31
0.0
  0
LINE
  5
235
330
17
100
AcDbEntity
  8
RECTANGLES
100
AcDbLine
 10
973.24
 20
467.32
 30
0.0
 11
973.24
 21
467.68
 31
0.0
  0
LINE
  5
236
330
17
100
AcDbEntity
  8
RECTANGLES
100
AcDbLine
 10
973.24
 20
467.68
 30
0.0
 11
969.88
 21
467.68
 31
0.0
  0
LINE
  5
237
330
17
100
AcDbEntity
  8
RECTANGLES
100
AcDbLine
 10
969.88
 20
467.68
 30
0.0
 11
969.88
 21
467.32
 31
0.0
  0
LINE
  5
238
330
17
100
AcDbEntity
  8
RECTANGLES
100
AcDbLine
 10
974.92
 20
462.03999999999996
 30
0.0
 11
975.16
 21
462.03999999999996
 31
0.0
  0
LINE
  5
239
330
17
100
AcDbEntity
  8
RECTANGLES
100
AcDbLine
 10
975.16
 20
462.03999999999996
 30
0.0
 11
975.16
 21
467.68
 31
0.0
  0
LINE
  5
23A
330
17
100
AcDbEntity
  8
RECTANGLES
100
AcDbLine
 10
975.16
 20
467.68
 30
0.0
 11
974.92
 21
467.68
 31
0.0
  0
LINE
  5
23B
330
17
100
AcDbEntity
  8
RECTANGLES
100
AcDbLine
 10
974.92
 20
467.68
 30
0.0
 11
974.92
 21
462.03999999999996
 31
0.0
  0
LINE
  5
23C
330
17
100
AcDbEntity
  8
LINES
100
AcDbLine
 10
1001.1999999999999
 20
463.59999999999997
 30
0.0
 11
1003.8399999999999
 21
463.59999999999997
 31
0.0
  0
LINE
  5
23D
330
17
100
AcDbEntity
  8
LINES
100
AcDbLine
 10
1000.8399999999999
 20
463.35999999999996
 30
0.0
 11
1004.0799999999999
 21
463.35999999999996
 31
0.0
  0
LINE
  5
23E
330
17
100
AcDbEntity
  8
RECTANGLES
100
AcDbLine
 10
1005.64
 20
467.32
 30
0.0
 11
1009.12
 21
467.32
 31
0.0
  0
LINE
  5
23F
330
17
100
AcDbEntity
  8
RECTANGLES
100
AcDbLine
 10
1009.12
 20
467.32
 30
0.0
 11
1009.12
 21
467.68
 31
0.0
  0
LINE
  5
240
330
17
100
AcDbEntity
  8
RECTANGLES
100
AcDbLine
 10
1009.12
 20
467.68
 30
0.0
 11
1005.64
 21
467.68
 31
0.0
  0
LINE
  5
241
330
17
100
AcDbEntity
  8
RECTANGLES
100
AcDbLine
 10
1005.64
 20
467.68
 30
0.0
 11
1005.64
 21
467.32
 31
0.0
  0
LINE
  5
242
330
17
100
AcDbEntity
  8
LINES
100
AcDbLine
 10
1010.68
 20
462.03999999999996
 30
0.0
 11
1010.68
 21
467.68
 31
0.0
  0
LINE
  5
243
330
17
100
AcDbEntity
  8
LINES
100
AcDbLine
 10
1010.92
 20
462.28
 30
0.0
 11
1010.92
 21
467.32
 31
0.0
  0
LINE
  5
244
330
17
100
AcDbEntity
  8
RECTANGLES
100
AcDbLine
 10
1021.12
 20
462.03999999999996
 30
0.0
 11
1021.36
 21
462.03999999999996
 31
0.0
  0
LINE
  5
245
330
17
100
AcDbEntity
  8
RECTANGLES
100
AcDbLine
 10
1021.36
 20
462.03999999999996
 30
0.0
 11
1021.36
 21
467.68
 31
0.0
  0
LINE
  5
246
330
17
100
AcDbEntity
  8
RECTANGLES
100
AcDbLine
 10
1021.36
 20
467.68
 30
0.0
 11
1021.12
 21
467.68
 31
0.0
  0
LINE
  5
247
330
17
100
AcDbEntity
  8
RECTANGLES
100
AcDbLine
 10
1021.12
 20
467.68
 30
0.0
 11
1021.12
 21
462.03999999999996
 31
0.0
  0
LINE
  5
248
330
17
100
AcDbEntity
  8
LINES
100
AcDbLine
 10
1023.76
 20
463.59999999999997
 30
0.0
 11
1026.4
 21
463.59999999999997
 31
0.0
  0
LINE
  5
249
330
17
100
AcDbEntity
  8
LINES
100
AcDbLine
 10
1023.4
 20
463.35999999999996
 30
0.0
 11
1026.6399999999999
 21
463.35999999999996
 31
0.0
  0
LINE
  5
24A
330
17
100
AcDbEntity
  8
RECTANGLES
100
AcDbLine
 10
1043.32
 20
462.03999999999996
 30
0.0
 11
1043.68
 21
462.03999999999996
 31
0.0
  0
LINE
  5
24B
330
17
100
AcDbEntity
  8
RECTANGLES
100
AcDbLine
 10
1043.68
 20
462.03999999999996
 30
0.0
 11
1043.68
 21
467.68
 31
0.0
  0
LINE
  5
24C
330
17
100
AcDbEntity
  8
RECTANGLES
100
AcDbLine
 10
1043.68
 20
467.68
 30
0.0
 11
1043.32
 21
467.68
 31
0.0
  0
LINE
  5
24D
330
17
100
AcDbEntity
  8
RECTANGLES
100
AcDbLine
 10
1043.32
 20
467.68
 30
0.0
 11
1043.32
 21
462.03999999999996
 31
0.0
  0
LINE
  5
24E
330
17
100
AcDbEntity
  8
RECTANGLES
100
AcDbLine
 10
1050.52
 20
467.32
 30
0.0
 11
1054.0
 21
467.32
 31
0.0
  0
LINE
  5
24F
330
17
100
AcDbEntity
  8
RECTANGLES
100
AcDbLine
 10
1054.0
 20
467.32
 30
0.0
 11
1054.0
 21
467.68
 31
0.0
  0
LINE
  5
250
330
17
100
AcDbEntity
  8
RECTANGLES
100
AcDbLine
 10
1054.0
 20
467.68
 30
0.0
 11
1050.52
 21
467.68
 31
0.0
  0
LINE
  5
251
330
17
100
AcDbEntity
  8
RECTANGLES
100
AcDbLine
 10
1050.52
 20
467.68
 30
0.0
 11
1050.52
 21
467.32
 31
0.0
  0
LINE
  5
252
330
17
100
AcDbEntity
  8
LINES
100
AcDbLine
 10
856.36
 20
155.56
 30
0.0
 11
857.1999999999999
 21
155.56
 31
0.0
  0
LINE
  5
253
330
17
100
AcDbEntity
  8
LINES
100
AcDbLine
 10
855.16
 20
156.64
 30
0.0
 11
855.16
 21
159.04
 31
0.0
  0
LINE
  5
254
330
17
100
AcDbEntity
  8
LINES
100
AcDbLine
 10
856.36
 20
160.24
 30
0.0
 11
857.1999999999999
 21
160.24
 31
0.0
  0
LINE
  5
255
330
17
100
AcDbEntity
  8
LINES
100
AcDbLine
 10
858.76
 20
156.39999999999998
 30
0.0
 11
858.76
 21
158.68
 31
0.0
  0
LINE
  5
256
330
17
100
AcDbEntity
  8
LINES
100
AcDbLine
 10
862.9599999999999
 20
155.56
 30
0.0
 11
862.9599999999999
 21
160.24
 31
0.0
  0
LINE
  5
257
330
17
100
AcDbEntity
  8
LINES
100
AcDbLine
 10
862.48
 20
158.68
 30
0.0
 11
864.04
 21
158.68
 31
0.0
  0
LINE
  5
258
330
17
100
AcDbEntity
  8
LINES
100
AcDbLine
 10
871.9599999999999
 20
155.56
 30
0.0
 11
873.28
 21
155.56
 31
0.0
  0
LINE
  5
259
330
17
100
AcDbEntity
  8
LINES
100
AcDbLine
 10
871.24
 20
156.28
 30
0.0
 11
871.24
 21
157.6
 31
0.0
  0
LINE
  5
25A
330
17
100
AcDbEntity
  8
LINES
100
AcDbLine
 10
876.88
 20
155.56
 30
0.0
 11
876.88
 21
157.72
 31
0.0
  0
LINE
  5
25B
330
17
100
AcDbEntity
  8
LINES
100
AcDbLine
 10
878.8
 20
154.0
 30
0.0
 11
879.64
 21
154.0
 31
0.0
  0
LINE
  5
25C
330
17
100
AcDbEntity
  8
LINES
100
AcDbLine
 10
878.4399999999999
 20
156.39999999999998
 30
0.0
 11
878.4399999999999
 21
157.72
 31
0.0
  0
LINE
  5
25D
330
17
100
AcDbEntity
  8
LINES
100
AcDbLine
 10
879.4
 20
155.56
 30
0.0
 11
880.6
 21
155.56
 31
0.0
  0
LINE
  5
25E
330
17
100
AcDbEntity
  8
LINES
100
AcDbLine
 10
882.64
 20
155.56
 30
0.0
 11
882.64
 21
160.24
 31
0.0
  0
LINE
  5
25F
330
17
100
AcDbEntity
  8
LINES
100
AcDbLine
 10
882.16
 20
158.68
 30
0.0
 11
883.7199999999999
 21
158.68
 31
0.0
  0
LINE
  5
260
330
17
100
AcDbEntity
  8
LINES
100
AcDbLine
 10
885.16
 20
155.56
 30
0.0
 11
885.16
 21
160.24
 31
0.0
  0
LINE
  5
261
330
17
100
AcDbEntity
  8
LINES
100
AcDbLine
 10
885.16
 20
158.68
 30
0.0
 11
886.36
 21
158.68
 31
0.0
  0
LINE
  5
262
330
17
100
AcDbEntity
  8
LINES
100
AcDbLine
 10
887.3199999999999
 20
155.56
 30
0.0
 11
887.3199999999999
 21
157.72
 31
0.0
  0
LINE
  5
263
330
17
100
AcDbEntity
  8
LINES
100
AcDbLine
 10
831.04
 20
157.48
 30
0.0
 11
832.12
 21
157.48
 31
0.0
  0
LINE
  5
264
330
17
100
AcDbEntity
  8
LINES
100
AcDbLine
 10
837.64
 20
156.64
 30
0.0
 11
837.64
 21
158.8
 31
0.0
  0
LINE
  5
265
330
17
100
AcDbEntity
  8
LINES
100
AcDbLine
 10
839.68
 20
156.64
 30
0.0
 11
839.68
 21
158.8
 31
0.0
  0
LINE
  5
266
330
17
100
AcDbEntity
  8
LINES
100
AcDbLine
 10
912.4
 20
155.32
 30
0.0
 11
912.4
 21
155.68
 31
0.0
  0
LINE
  5
267
330
17
100
AcDbEntity
  8
LINES
100
AcDbLine
 10
914.56
 20
157.36
 30
0.0
 11
916.0
 21
158.07999999999998
 31
0.0
  0
LINE
  5
268
330
17
100
AcDbEntity
  8
LINES
100
AcDbLine
 10
918.04
 20
155.32
 30
0.0
 11
918.04
 21
155.68
 31
0.0
  0
LINE
  5
269
330
17
100
AcDbEntity
  8
LINES
100
AcDbLine
 10
820.36
 20
162.76
 30
0.0
 11
1137.1599999999999
 21
162.76
 31
0.0
  0
LINE
  5
26A
330
17
100
AcDbEntity
  8
RECTANGLES
100
AcDbLine
 10
955.7199999999999
 20
155.44
 30
0.0
 11
955.9599999999999
 21
155.44
 31
0.0
  0
LINE
  5
26B
330
17
100
AcDbEntity
  8
RECTANGLES
100
AcDbLine
 10
955.9599999999999
 20
155.44
 30
0.0
 11
955.9599999999999
 21
158.92000000000002
 31
0.0
  0
LINE
  5
26C
330
17
100
AcDbEntity
  8
RECTANGLES
100
AcDbLine
 10
955.9599999999999
 20
158.92000000000002
 30
0.0
 11
955.7199999999999
 21
158.92000000000002
 31
0.0
  0
LINE
  5
26D
330
17
100
AcDbEntity
  8
RECTANGLES
100
AcDbLine
 10
955.7199999999999
 20
158.92000000000002
 30
0.0
 11
955.7199999999999
 21
155.44
 31
0.0
  0
LINE
  5
26E
330
17
100
AcDbEntity
  8
RECTANGLES
100
AcDbLine
 10
958.12
 20
155.44
 30
0.0
 11
958.48
 21
155.44
 31
0.0
  0
LINE
  5
26F
330
17
100
AcDbEntity
  8
RECTANGLES
100
AcDbLine
 10
958.48
 20
155.44
 30
0.0
 11
958.48
 21
160.72
 31
0.0
  0
LINE
  5
270
330
17
100
AcDbEntity
  8
RECTANGLES
100
AcDbLine
 10
958.48
 20
160.72
 30
0.0
 11
958.12
 21
160.72
 31
0.0
  0
LINE
  5
271
330
17
100
AcDbEntity
  8
RECTANGLES
100
AcDbLine
 10
958.12
 20
160.72
 30
0.0
 11
958.12
 21
155.44
 31
0.0
  0
LINE
  5
272
330
17
100
AcDbEntity
  8
RECTANGLES
100
AcDbLine
 10
957.4
 20
158.68
 30
0.0
 11
959.1999999999999
 21
158.68
 31
0.0
  0
LINE
  5
273
330
17
100
AcDbEntity
  8
RECTANGLES
100
AcDbLine
 10
959.1999999999999
 20
158.68
 30
0.0
 11
959.1999999999999
 21
158.92000000000002
 31
0.0
  0
LINE
  5
274
330
17
100
AcDbEntity
  8
RECTANGLES
100
AcDbLine
 10
959.1999999999999
 20
158.92000000000002
 30
0.0
 11
957.4
 21
158.92000000000002
 31
0.0
  0
LINE
  5
275
330
17
100
AcDbEntity
  8
RECTANGLES
100
AcDbLine
 10
957.4
 20
158.92000000000002
 30
0.0
 11
957.4
 21
158.68
 31
0.0
  0
LINE
  5
276
330
17
100
AcDbEntity
  8
RECTANGLES
100
AcDbLine
 10
970.7199999999999
 20
160.12
 30
0.0
 11
970.9599999999999
 21
160.12
 31
0.0
  0
LINE
  5
277
330
17
100
AcDbEntity
  8
RECTANGLES
100
AcDbLine
 10
970.9599999999999
 20
160.12
 30
0.0
 11
970.9599999999999
 21
160.48
 31
0.0
  0
LINE
  5
278
330
17
100
AcDbEntity
  8
RECTANGLES
100
AcDbLine
 10
970.9599999999999
 20
160.48
 30
0.0
 11
970.7199999999999
 21
160.48
 31
0.0
  0
LINE
  5
279
330
17
100
AcDbEntity
  8
RECTANGLES
100
AcDbLine
 10
970.7199999999999
 20
160.48
 30
0.0
 11
970.7199999999999
 21
160.12
 31
0.0
  0
LINE
  5
27A
330
17
100
AcDbEntity
  8
RECTANGLES
100
AcDbLine
 10
970.7199999999999
 20
155.44
 30
0.0
 11
970.9599999999999
 21
155.44
 31
0.0
  0
LINE
  5
27B
330
17
100
AcDbEntity
  8
RECTANGLES
100
AcDbLine
 10
970.9599999999999
 20
155.44
 30
0.0
 11
970.9599999999999
 21
158.92000000000002
 31
0.0
  0
LINE
  5
27C
330
17
100
AcDbEntity
  8
RECTANGLES
100
AcDbLine
 10
970.9599999999999
 20
158.92000000000002
 30
0.0
 11
970.7199999999999
 21
158.92000000000002
 31
0.0
  0
LINE
  5
27D
330
17
100
AcDbEntity
  8
RECTANGLES
100
AcDbLine
 10
970.7199999999999
 20
158.92000000000002
 30
0.0
 11
970.7199999999999
 21
155.44
 31
0.0
  0
LINE
  5
27E
330
17
100
AcDbEntity
  8
RECTANGLES
100
AcDbLine
 10
973.0
 20
153.76
 30
0.0
 11
973.24
 21
153.76
 31
0.0
  0
LINE
  5
27F
330
17
100
AcDbEntity
  8
RECTANGLES
100
AcDbLine
 10
973.24
 20
153.76
 30
0.0
 11
973.24
 21
158.92000000000002
 31
0.0
  0
LINE
  5
280
330
17
100
AcDbEntity
  8
RECTANGLES
100
AcDbLine
 10
973.24
 20
158.92000000000002
 30
0.0
 11
973.0
 21
158.92000000000002
 31
0.0
  0
LINE
  5
281
330
17
100
AcDbEntity
  8
RECTANGLES
100
AcDbLine
 10
973.0
 20
158.92000000000002
 30
0.0
 11
973.0
 21
153.76
 31
0.0
  0
LINE
  5
282
330
17
100
AcDbEntity
  8
RECTANGLES
100
AcDbLine
 10
996.16
 20
155.44
 30
0.0
 11
996.4
 21
155.44
 31
0.0
  0
LINE
  5
283
330
17
100
AcDbEntity
  8
RECTANGLES
100
AcDbLine
 10
996.4
 20
155.44
 30
0.0
 11
996.4
 21
158.92000000000002
 31
0.0
  0
LINE
  5
284
330
17
100
AcDbEntity
  8
RECTANGLES
100
AcDbLine
 10
996.4
 20
158.92000000000002
 30
0.0
 11
996.16
 21
158.92000000000002
 31
0.0
  0
LINE
  5
285
330
17
100
AcDbEntity
  8
RECTANGLES
100
AcDbLine
 10
996.16
 20
158.92000000000002
 30
0.0
 11
996.16
 21
155.44
 31
0.0
  0
LINE
  5
286
330
17
100
AcDbEntity
  8
RECTANGLES
100
AcDbLine
 10
1006.24
 20
155.44
 30
0.0
 11
1006.48
 21
155.44
 31
0.0
  0
LINE
  5
287
330
17
100
AcDbEntity
  8
RECTANGLES
100
AcDbLine
 10
1006.48
 20
155.44
 30
0.0
 11
1006.48
 21
160.72
 31
0.0
  0
LINE
  5
288
330
17
100
AcDbEntity
  8
RECTANGLES
100
AcDbLine
 10
1006.48
 20
160.72
 30
0.0
 11
1006.24
 21
160.72
 31
0.0
  0
LINE
  5
289
330
17
100
AcDbEntity
  8
RECTANGLES
100
AcDbLine
 10
1006.24
 20
160.72
 30
0.0
 11
1006.24
 21
155.44
 31
0.0
  0
LINE
  5
28A
330
17
100
AcDbEntity
  8
RECTANGLES
100
AcDbLine
 10
1005.52
 20
158.68
 30
0.0
 11
1007.1999999999999
 21
158.68
 31
0.0
  0
LINE
  5
28B
330
17
100
AcDbEntity
  8
RECTANGLES
100
AcDbLine
 10
1007.1999999999999
 20
158.68
 30
0.0
 11
1007.1999999999999
 21
158.92000000000002
 31
0.0
  0
LINE
  5
28C
330
17
100
AcDbEntity
  8
RECTANGLES
100
AcDbLine
 10
1007.1999999999999
 20
158.92000000000002
 30
0.0
 11
1005.52
 21
158.92000000000002
 31
0.0
  0
LINE
  5
28D
330
17
100
AcDbEntity
  8
RECTANGLES
100
AcDbLine
 10
1005.52
 20
158.92000000000002
 30
0.0
 11
1005.52
 21
158.68
 31
0.0
  0
LINE
  5
28E
330
17
100
AcDbEntity
  8
RECTANGLES
100
AcDbLine
 10
1008.76
 20
155.44
 30
0.0
 11
1009.0
 21
155.44
 31
0.0
  0
LINE
  5
28F
330
17
100
AcDbEntity
  8
RECTANGLES
100
AcDbLine
 10
1009.0
 20
155.44
 30
0.0
 11
1009.0
 21
160.72
 31
0.0
  0
LINE
  5
290
330
17
100
AcDbEntity
  8
RECTANGLES
100
AcDbLine
 10
1009.0
 20
160.72
 30
0.0
 11
1008.76
 21
160.72
 31
0.0
  0
LINE
  5
291
330
17
100
AcDbEntity
  8
RECTANGLES
100
AcDbLine
 10
1008.76
 20
160.72
 30
0.0
 11
1008.76
 21
155.44
 31
0.0
  0
LINE
  5
292
330
17
100
AcDbEntity
  8
LINES
100
AcDbLine
 10
820.36
 20
152.2
 30
0.0
 11
1137.1599999999999
 21
152.2
 31
0.0
  0
LINE
  5
293
330
17
100
AcDbEntity
  8
LINES
100
AcDbLine
 10
42.879999999999995
 20
811.36
 30
0.0
 11
1146.6399999999999
 21
811.36
 31
0.0
  0
LINE
  5
294
330
17
100
AcDbEntity
  8
LINES
100
AcDbLine
 10
54.519999999999996
 20
60.76
 30
0.0
 11
54.519999999999996
 21
61.84
 31
0.0
  0
LINE
  5
295
330
17
100
AcDbEntity
  8
LINES
100
AcDbLine
 10
55.72
 20
60.76
 30
0.0
 11
55.72
 21
61.12
 31
0.0
  0
LINE
  5
296
330
17
100
AcDbEntity
  8
LINES
100
AcDbLine
 10
54.519999999999996
 20
61.84
 30
0.0
 11
55.12
 21
61.84
 31
0.0
  0
LINE
  5
297
330
17
100
AcDbEntity
  8
LINES
100
AcDbLine
 10
56.68
 20
59.92
 30
0.0
 11
56.68
 21
60.16
 31
0.0
  0
LINE
  5
298
330
17
100
AcDbEntity
  8
LINES
100
AcDbLine
 10
61.239999999999995
 20
59.92
 30
0.0
 11
61.839999999999996
 21
59.92
 31
0.0
  0
LINE
  5
299
330
17
100
AcDbEntity
  8
LINES
100
AcDbLine
 10
62.68
 20
61.0
 30
0.0
 11
62.68
 21
62.32
 31
0.0
  0
LINE
  5
29A
330
17
100
AcDbEntity
  8
LINES
100
AcDbLine
 10
63.64
 20
61.84
 30
0.0
 11
64.6
 21
61.84
 31
0.0
  0
LINE
  5
29B
330
17
100
AcDbEntity
  8
LINES
100
AcDbLine
 10
67.24
 20
60.879999999999995
 30
0.0
 11
68.56
 21
60.879999999999995
 31
0.0
  0
LINE
  5
29C
330
17
100
AcDbEntity
  8
LINES
100
AcDbLine
 10
70.36
 20
59.92
 30
0.0
 11
70.96000000000001
 21
59.92
 31
0.0
  0
LINE
  5
29D
330
17
100
AcDbEntity
  8
LINES
100
AcDbLine
 10
69.75999999999999
 20
60.76
 30
0.0
 11
69.75999999999999
 21
62.56
 31
0.0
  0
LINE
  5
29E
330
17
100
AcDbEntity
  8
LINES
100
AcDbLine
 10
70.36
 20
63.4
 30
0.0
 11
70.96000000000001
 21
63.4
 31
0.0
  0
LINE
  5
29F
330
17
100
AcDbEntity
  8
LINES
100
AcDbLine
 10
72.52
 20
59.92
 30
0.0
 11
73.12
 21
59.92
 31
0.0
  0
LINE
  5
2A0
330
17
100
AcDbEntity
  8
LINES
100
AcDbLine
 10
71.91999999999999
 20
60.76
 30
0.0
 11
71.91999999999999
 21
62.56
 31
0.0
  0
LINE
  5
2A1
330
17
100
AcDbEntity
  8
LINES
100
AcDbLine
 10
72.52
 20
63.4
 30
0.0
 11
73.12
 21
63.4
 31
0.0
  0
LINE
  5
2A2
330
17
100
AcDbEntity
  8
LINES
100
AcDbLine
 10
73.96000000000001
 20
60.879999999999995
 30
0.0
 11
73.96000000000001
 21
62.44
 31
0.0
  0
LINE
  5
2A3
330
17
100
AcDbEntity
  8
LINES
100
AcDbLine
 10
75.52
 20
60.879999999999995
 30
0.0
 11
75.52
 21
62.44
 31
0.0
  0
LINE
  5
2A4
330
17
100
AcDbEntity
  8
LINES
100
AcDbLine
 10
76.47999999999999
 20
61.480000000000004
 30
0.0
 11
77.19999999999999
 21
61.480000000000004
 31
0.0
  0
LINE
  5
2A5
330
17
100
AcDbEntity
  8
LINES
100
AcDbLine
 10
77.32
 20
59.92
 30
0.0
 11
77.91999999999999
 21
61.480000000000004
 31
0.0
  0
LINE
  5
2A6
330
17
100
AcDbEntity
  8
LINES
100
AcDbLine
 10
78.88
 20
59.92
 30
0.0
 11
79.6
 21
59.92
 31
0.0
  0
LINE
  5
2A7
330
17
100
AcDbEntity
  8
LINES
100
AcDbLine
 10
80.44
 20
61.0
 30
0.0
 11
80.44
 21
62.32
 31
0.0
  0
LINE
  5
2A8
330
17
100
AcDbEntity
  8
LINES
100
AcDbLine
 10
81.28
 20
59.92
 30
0.0
 11
81.28
 21
63.4
 31
0.0
  0
LINE
  5
2A9
330
17
100
AcDbEntity
  8
LINES
100
AcDbLine
 10
84.64
 20
60.879999999999995
 30
0.0
 11
84.64
 21
62.44
 31
0.0
  0
LINE
  5
2AA
330
17
100
AcDbEntity
  8
LINES
100
AcDbLine
 10
85.48
 20
63.4
 30
0.0
 11
86.2
 21
63.4
 31
0.0
  0
LINE
  5
2AB
330
17
100
AcDbEntity
  8
LINES
100
AcDbLine
 10
89.08
 20
59.92
 30
0.0
 11
89.08
 21
63.4
 31
0.0
  0
LINE
  5
2AC
330
17
100
AcDbEntity
  8
LINES
100
AcDbLine
 10
88.36
 20
63.4
 30
0.0
 11
89.8
 21
63.4
 31
0.0
  0
LINE
  5
2AD
330
17
100
AcDbEntity
  8
LINES
100
AcDbLine
 10
90.75999999999999
 20
60.879999999999995
 30
0.0
 11
90.75999999999999
 21
62.44
 31
0.0
  0
LINE
  5
2AE
330
17
100
AcDbEntity
  8
LINES
100
AcDbLine
 10
92.32
 20
60.879999999999995
 30
0.0
 11
92.32
 21
62.44
 31
0.0
  0
LINE
  5
2AF
330
17
100
AcDbEntity
  8
LINES
100
AcDbLine
 10
94.36
 20
59.92
 30
0.0
 11
95.2
 21
59.92
 31
0.0
  0
LINE
  5
2B0
330
17
100
AcDbEntity
  8
LINES
100
AcDbLine
 10
94.36
 20
61.84
 30
0.0
 11
95.2
 21
61.84
 31
0.0
  0
LINE
  5
2B1
330
17
100
AcDbEntity
  8
LINES
100
AcDbLine
 10
102.16
 20
59.92
 30
0.0
 11
102.16
 21
61.480000000000004
 31
0.0
  0
LINE
  5
2B2
330
17
100
AcDbEntity
  8
LINES
100
AcDbLine
 10
103.6
 20
61.12
 30
0.0
 11
104.8
 21
61.12
 31
0.0
  0
LINE
  5
2B3
330
17
100
AcDbEntity
  8
LINES
100
AcDbLine
 10
112.11999999999999
 20
61.12
 30
0.0
 11
113.32
 21
61.12
 31
0.0
  0
LINE
  5
2B4
330
17
100
AcDbEntity
  8
LINES
100
AcDbLine
 10
114.28
 20
61.84
 30
0.0
 11
115.11999999999999
 21
61.84
 31
0.0
  0
LINE
  5
2B5
330
17
100
AcDbEntity
  8
LINES
100
AcDbLine
 10
116.32
 20
61.480000000000004
 30
0.0
 11
117.16
 21
61.480000000000004
 31
0.0
  0
LINE
  5
2B6
330
17
100
AcDbEntity
  8
LINES
100
AcDbLine
 10
121.47999999999999
 20
60.519999999999996
 30
0.0
 11
122.8
 21
60.519999999999996
 31
0.0
  0
LINE
  5
2B7
330
17
100
AcDbEntity
  8
LINES
100
AcDbLine
 10
121.47999999999999
 20
61.72
 30
0.0
 11
122.8
 21
61.72
 31
0.0
  0
LINE
  5
2B8
330
17
100
AcDbEntity
  8
LINES
100
AcDbLine
 10
124.0
 20
61.36
 30
0.0
 11
124.83999999999999
 21
61.959999999999994
 31
0.0
  0
LINE
  5
2B9
330
17
100
AcDbEntity
  8
LINES
100
AcDbLine
 10
126.16
 20
61.480000000000004
 30
0.0
 11
126.88
 21
61.480000000000004
 31
0.0
  0
LINE
  5
2BA
330
17
100
AcDbEntity
  8
LINES
100
AcDbLine
 10
129.28
 20
59.92
 30
0.0
 11
129.76
 21
59.92
 31
0.0
  0
LINE
  5
2BB
330
17
100
AcDbEntity
  8
LINES
100
AcDbLine
 10
128.56
 20
60.76
 30
0.0
 11
128.56
 21
62.56
 31
0.0
  0
LINE
  5
2BC
330
17
100
AcDbEntity
  8
LINES
100
AcDbLine
 10
129.28
 20
63.4
 30
0.0
 11
129.76
 21
63.4
 31
0.0
  0
LINE
  5
2BD
330
17
100
AcDbEntity
  8
LINES
100
AcDbLine
 10
130.72
 20
61.12
 30
0.0
 11
131.92000000000002
 21
61.12
 31
0.0
  0
LINE
  5
2BE
330
17
100
AcDbEntity
  8
LINES
100
AcDbLine
 10
137.07999999999998
 20
63.4
 30
0.0
 11
137.68
 21
63.4
 31
0.0
  0
LINE
  5
2BF
330
17
100
AcDbEntity
  8
LINES
100
AcDbLine
 10
137.44
 20
61.84
 30
0.0
 11
137.68
 21
61.84
 31
0.0
  0
LINE
  5
2C0
330
17
100
AcDbEntity
  8
LINES
100
AcDbLine
 10
138.28
 20
60.76
 30
0.0
 11
138.28
 21
61.12
 31
0.0
  0
LINE
  5
2C1
330
17
100
AcDbEntity
  8
LINES
100
AcDbLine
 10
137.07999999999998
 20
59.92
 30
0.0
 11
137.68
 21
59.92
 31
0.0
  0
LINE
  5
2C2
330
17
100
AcDbEntity
  8
LINES
100
AcDbLine
 10
139.24
 20
59.2
 30
0.0
 11
139.36
 21
59.92
 31
0.0
  0
LINE
  5
2C3
330
17
100
AcDbEntity
  8
LINES
100
AcDbLine
 10
141.51999999999998
 20
61.480000000000004
 30
0.0
 11
142.24
 21
61.480000000000004
 31
0.0
  0
LINE
  5
2C4
330
17
100
AcDbEntity
  8
LINES
100
AcDbLine
 10
146.68
 20
59.92
 30
0.0
 11
146.68
 21
63.4
 31
0.0
  0
LINE
  5
2C5
330
17
100
AcDbEntity
  8
LINES
100
AcDbLine
 10
149.07999999999998
 20
60.879999999999995
 30
0.0
 11
150.4
 21
60.879999999999995
 31
0.0
  0
LINE
  5
2C6
330
17
100
AcDbEntity
  8
LINES
100
AcDbLine
 10
152.2
 20
59.92
 30
0.0
 11
152.79999999999998
 21
59.92
 31
0.0
  0
LINE
  5
2C7
330
17
100
AcDbEntity
  8
LINES
100
AcDbLine
 10
151.6
 20
60.76
 30
0.0
 11
151.6
 21
62.56
 31
0.0
  0
LINE
  5
2C8
330
17
100
AcDbEntity
  8
LINES
100
AcDbLine
 10
152.2
 20
63.4
 30
0.0
 11
152.79999999999998
 21
63.4
 31
0.0
  0
LINE
  5
2C9
330
17
100
AcDbEntity
  8
LINES
100
AcDbLine
 10
154.35999999999999
 20
59.92
 30
0.0
 11
154.96
 21
59.92
 31
0.0
  0
LINE
  5
2CA
330
17
100
AcDbEntity
  8
LINES
100
AcDbLine
 10
153.64
 20
60.76
 30
0.0
 11
153.64
 21
62.56
 31
0.0
  0
LINE
  5
2CB
330
17
100
AcDbEntity
  8
LINES
100
AcDbLine
 10
154.35999999999999
 20
63.4
 30
0.0
 11
154.96
 21
63.4
 31
0.0
  0
LINE
  5
2CC
330
17
100
AcDbEntity
  8
LINES
100
AcDbLine
 10
155.79999999999998
 20
60.879999999999995
 30
0.0
 11
155.79999999999998
 21
62.44
 31
0.0
  0
LINE
  5
2CD
330
17
100
AcDbEntity
  8
LINES
100
AcDbLine
 10
157.35999999999999
 20
60.879999999999995
 30
0.0
 11
157.35999999999999
 21
62.44
 31
0.0
  0
LINE
  5
2CE
330
17
100
AcDbEntity
  8
LINES
100
AcDbLine
 10
158.2
 20
61.480000000000004
 30
0.0
 11
159.04
 21
61.480000000000004
 31
0.0
  0
LINE
  5
2CF
330
17
100
AcDbEntity
  8
LINES
100
AcDbLine
 10
159.16
 20
59.92
 30
0.0
 11
159.76
 21
61.480000000000004
 31
0.0
  0
LINE
  5
2D0
330
17
100
AcDbEntity
  8
LINES
100
AcDbLine
 10
160.72
 20
59.92
 30
0.0
 11
161.44
 21
59.92
 31
0.0
  0
LINE
  5
2D1
330
17
100
AcDbEntity
  8
LINES
100
AcDbLine
 10
162.28
 20
61.0
 30
0.0
 11
162.28
 21
62.32
 31
0.0
  0
LINE
  5
2D2
330
17
100
AcDbEntity
  8
LINES
100
AcDbLine
 10
163.12
 20
59.92
 30
0.0
 11
163.12
 21
63.4
 31
0.0
  0
LINE
  5
2D3
330
17
100
AcDbEntity
  8
LINES
100
AcDbLine
 10
166.48
 20
60.879999999999995
 30
0.0
 11
166.48
 21
62.44
 31
0.0
  0
LINE
  5
2D4
330
17
100
AcDbEntity
  8
LINES
100
AcDbLine
 10
167.2
 20
63.4
 30
0.0
 11
168.04
 21
63.4
 31
0.0
  0
LINE
  5
2D5
330
17
100
AcDbEntity
  8
LINES
100
AcDbLine
 10
170.92
 20
59.92
 30
0.0
 11
170.92
 21
63.4
 31
0.0
  0
LINE
  5
2D6
330
17
100
AcDbEntity
  8
LINES
100
AcDbLine
 10
170.2
 20
63.4
 30
0.0
 11
171.64
 21
63.4
 31
0.0
  0
LINE
  5
2D7
330
17
100
AcDbEntity
  8
LINES
100
AcDbLine
 10
172.6
 20
60.879999999999995
 30
0.0
 11
172.6
 21
62.44
 31
0.0
  0
LINE
  5
2D8
330
17
100
AcDbEntity
  8
LINES
100
AcDbLine
 10
174.16
 20
60.879999999999995
 30
0.0
 11
174.16
 21
62.44
 31
0.0
  0
LINE
  5
2D9
330
17
100
AcDbEntity
  8
LINES
100
AcDbLine
 10
176.2
 20
60.76
 30
0.0
 11
176.2
 21
61.84
 31
0.0
  0
LINE
  5
2DA
330
17
100
AcDbEntity
  8
LINES
100
AcDbLine
 10
177.4
 20
60.76
 30
0.0
 11
177.4
 21
61.12
 31
0.0
  0
LINE
  5
2DB
330
17
100
AcDbEntity
  8
LINES
100
AcDbLine
 10
176.2
 20
61.84
 30
0.0
 11
176.79999999999998
 21
61.84
 31
0.0
  0
LINE
  5
2DC
330
17
100
AcDbEntity
  8
LINES
100
AcDbLine
 10
178.35999999999999
 20
61.12
 30
0.0
 11
179.56
 21
61.12
 31
0.0
  0
LINE
  5
2DD
330
17
100
AcDbEntity
  8
LINES
100
AcDbLine
 10
181.72
 20
60.76
 30
0.0
 11
181.72
 21
61.12
 31
0.0
  0
LINE
  5
2DE
330
17
100
AcDbEntity
  8
LINES
100
AcDbLine
 10
180.51999999999998
 20
60.76
 30
0.0
 11
180.51999999999998
 21
61.12
 31
0.0
  0
LINE
  5
2DF
330
17
100
AcDbEntity
  8
LINES
100
AcDbLine
 10
184.72
 20
61.12
 30
0.0
 11
186.04
 21
61.12
 31
0.0
  0
LINE
  5
2E0
330
17
100
AcDbEntity
  8
LINES
100
AcDbLine
 10
196.95999999999998
 20
60.879999999999995
 30
0.0
 11
198.16
 21
60.879999999999995
 31
0.0
  0
LINE
  5
2E1
330
17
100
AcDbEntity
  8
LINES
100
AcDbLine
 10
201.88
 20
59.92
 30
0.0
 11
202.48
 21
59.92
 31
0.0
  0
LINE
  5
2E2
330
17
100
AcDbEntity
  8
LINES
100
AcDbLine
 10
203.32
 20
61.0
 30
0.0
 11
203.32
 21
62.32
 31
0.0
  0
LINE
  5
2E3
330
17
100
AcDbEntity
  8
LINES
100
AcDbLine
 10
205.48
 20
59.92
 30
0.0
 11
205.48
 21
63.4
 31
0.0
  0
LINE
  5
2E4
330
17
100
AcDbEntity
  8
LINES
100
AcDbLine
 10
205.48
 20
61.84
 30
0.0
 11
207.04
 21
61.84
 31
0.0
  0
LINE
  5
2E5
330
17
100
AcDbEntity
  8
LINES
100
AcDbLine
 10
207.04
 20
59.92
 30
0.0
 11
207.04
 21
63.4
 31
0.0
  0
LINE
  5
2E6
330
17
100
AcDbEntity
  8
LINES
100
AcDbLine
 10
208.84
 20
59.92
 30
0.0
 11
208.84
 21
61.72
 31
0.0
  0
LINE
  5
2E7
330
17
100
AcDbEntity
  8
LINES
100
AcDbLine
 10
210.64
 20
59.92
 30
0.0
 11
211.35999999999999
 21
59.92
 31
0.0
  0
LINE
  5
2E8
330
17
100
AcDbEntity
  8
LINES
100
AcDbLine
 10
212.2
 20
61.0
 30
0.0
 11
212.2
 21
62.32
 31
0.0
  0
LINE
  5
2E9
330
17
100
AcDbEntity
  8
LINES
100
AcDbLine
 10
213.16
 20
61.480000000000004
 30
0.0
 11
213.88
 21
61.480000000000004
 31
0.0
  0
LINE
  5
2EA
330
17
100
AcDbEntity
  8
LINES
100
AcDbLine
 10
214.0
 20
59.92
 30
0.0
 11
214.6
 21
61.480000000000004
 31
0.0
  0
LINE
  5
2EB
330
17
100
AcDbEntity
  8
LINES
100
AcDbLine
 10
215.56
 20
60.879999999999995
 30
0.0
 11
215.56
 21
62.44
 31
0.0
  0
LINE
  5
2EC
330
17
100
AcDbEntity
  8
LINES
100
AcDbLine
 10
217.12
 20
60.879999999999995
 30
0.0
 11
217.12
 21
62.44
 31
0.0
  0
LINE
  5
2ED
330
17
100
AcDbEntity
  8
LINES
100
AcDbLine
 10
218.32
 20
61.36
 30
0.0
 11
219.16
 21
61.959999999999994
 31
0.0
  0
LINE
  5
2EE
330
17
100
AcDbEntity
  8
LINES
100
AcDbLine
 10
221.2
 20
59.92
 30
0.0
 11
221.2
 21
63.4
 31
0.0
  0
LINE
  5
2EF
330
17
100
AcDbEntity
  8
LINES
100
AcDbLine
 10
220.48
 20
63.4
 30
0.0
 11
221.92
 21
63.4
 31
0.0
  0
LINE
  5
2F0
330
17
100
AcDbEntity
  8
LINES
100
AcDbLine
 10
223.12
 20
60.879999999999995
 30
0.0
 11
224.44
 21
60.879999999999995
 31
0.0
  0
LINE
  5
2F1
330
17
100
AcDbEntity
  8
LINES
100
AcDbLine
 10
226.35999999999999
 20
59.92
 30
0.0
 11
226.35999999999999
 21
63.4
 31
0.0
  0
LINE
  5
2F2
330
17
100
AcDbEntity
  8
LINES
100
AcDbLine
 10
225.64
 20
63.4
 30
0.0
 11
227.07999999999998
 21
63.4
 31
0.0
  0
LINE
  5
2F3
330
17
100
AcDbEntity
  8
LINES
100
AcDbLine
 10
228.04
 20
59.92
 30
0.0
 11
228.04
 21
63.4
 31
0.0
  0
LINE
  5
2F4
330
17
100
AcDbEntity
  8
LINES
100
AcDbLine
 10
229.6
 20
59.92
 30
0.0
 11
230.2
 21
59.92
 31
0.0
  0
LINE
  5
2F5
330
17
100
AcDbEntity
  8
LINES
100
AcDbLine
 10
229.0
 20
60.76
 30
0.0
 11
229.0
 21
62.56
 31
0.0
  0
LINE
  5
2F6
330
17
100
AcDbEntity
  8
LINES
100
AcDbLine
 10
229.6
 20
63.4
 30
0.0
 11
230.2
 21
63.4
 31
0.0
  0
LINE
  5
2F7
330
17
100
AcDbEntity
  8
LINES
100
AcDbLine
 10
233.07999999999998
 20
59.92
 30
0.0
 11
233.07999999999998
 21
63.4
 31
0.0
  0
LINE
  5
2F8
330
17
100
AcDbEntity
  8
LINES
100
AcDbLine
 10
232.35999999999999
 20
63.4
 30
0.0
 11
233.79999999999998
 21
63.4
 31
0.0
  0
LINE
  5
2F9
330
17
100
AcDbEntity
  8
LINES
100
AcDbLine
 10
234.76
 20
61.84
 30
0.0
 11
235.72
 21
61.84
 31
0.0
  0
LINE
  5
2FA
330
17
100
AcDbEntity
  8
LINES
100
AcDbLine
 10
237.16
 20
61.36
 30
0.0
 11
238.12
 21
61.959999999999994
 31
0.0
  0
LINE
  5
2FB
330
17
100
AcDbEntity
  8
LINES
100
AcDbLine
 10
240.04
 20
59.92
 30
0.0
 11
240.04
 21
63.4
 31
0.0
  0
LINE
  5
2FC
330
17
100
AcDbEntity
  8
LINES
100
AcDbLine
 10
239.32
 20
63.4
 30
0.0
 11
240.88
 21
63.4
 31
0.0
  0
LINE
  5
2FD
330
17
100
AcDbEntity
  8
LINES
100
AcDbLine
 10
242.92
 20
59.92
 30
0.0
 11
242.92
 21
63.4
 31
0.0
  0
LINE
  5
2FE
330
17
100
AcDbEntity
  8
LINES
100
AcDbLine
 10
247.84
 20
60.879999999999995
 30
0.0
 11
249.16
 21
60.879999999999995
 31
0.0
  0
LINE
  5
2FF
330
17
100
AcDbEntity
  8
LINES
100
AcDbLine
 10
250.95999999999998
 20
59.92
 30
0.0
 11
251.56
 21
59.92
 31
0.0
  0
LINE
  5
300
330
17
100
AcDbEntity
  8
LINES
100
AcDbLine
 10
250.23999999999998
 20
60.76
 30
0.0
 11
250.23999999999998
 21
62.56
 31
0.0
  0
LINE
  5
301
330
17
100
AcDbEntity
  8
LINES
100
AcDbLine
 10
250.95999999999998
 20
63.4
 30
0.0
 11
251.56
 21
63.4
 31
0.0
  0
LINE
  5
302
330
17
100
AcDbEntity
  8
LINES
100
AcDbLine
 10
253.12
 20
59.92
 30
0.0
 11
253.6
 21
59.92
 31
0.0
  0
LINE
  5
303
330
17
100
AcDbEntity
  8
LINES
100
AcDbLine
 10
252.39999999999998
 20
60.76
 30
0.0
 11
252.39999999999998
 21
62.56
 31
0.0
  0
LINE
  5
304
330
17
100
AcDbEntity
  8
LINES
100
AcDbLine
 10
253.12
 20
63.4
 30
0.0
 11
253.6
 21
63.4
 31
0.0
  0
LINE
  5
305
330
17
100
AcDbEntity
  8
LINES
100
AcDbLine
 10
254.56
 20
60.879999999999995
 30
0.0
 11
254.56
 21
62.44
 31
0.0
  0
LINE
  5
306
330
17
100
AcDbEntity
  8
LINES
100
AcDbLine
 10
256.12
 20
60.879999999999995
 30
0.0
 11
256.12
 21
62.44
 31
0.0
  0
LINE
  5
307
330
17
100
AcDbEntity
  8
LINES
100
AcDbLine
 10
256.96
 20
61.480000000000004
 30
0.0
 11
257.79999999999995
 21
61.480000000000004
 31
0.0
  0
LINE
  5
308
330
17
100
AcDbEntity
  8
LINES
100
AcDbLine
 10
257.91999999999996
 20
59.92
 30
0.0
 11
258.52
 21
61.480000000000004
 31
0.0
  0
LINE
  5
309
330
17
100
AcDbEntity
  8
LINES
100
AcDbLine
 10
259.48
 20
59.92
 30
0.0
 11
260.08
 21
59.92
 31
0.0
  0
LINE
  5
30A
330
17
100
AcDbEntity
  8
LINES
100
AcDbLine
 10
260.91999999999996
 20
61.0
 30
0.0
 11
260.91999999999996
 21
62.32
 31
0.0
  0
LINE
  5
30B
330
17
100
AcDbEntity
  8
LINES
100
AcDbLine
 10
262.12
 20
60.879999999999995
 30
0.0
 11
263.44
 21
60.879999999999995
 31
0.0
  0
LINE
  5
30C
330
17
100
AcDbEntity
  8
LINES
100
AcDbLine
 10
267.76
 20
59.92
 30
0.0
 11
268.24
 21
59.92
 31
0.0
  0
LINE
  5
30D
330
17
100
AcDbEntity
  8
LINES
100
AcDbLine
 10
267.03999999999996
 20
60.76
 30
0.0
 11
267.03999999999996
 21
62.56
 31
0.0
  0
LINE
  5
30E
330
17
100
AcDbEntity
  8
LINES
100
AcDbLine
 10
267.76
 20
63.4
 30
0.0
 11
268.24
 21
63.4
 31
0.0
  0
LINE
  5
30F
330
17
100
AcDbEntity
  8
LINES
100
AcDbLine
 10
269.2
 20
61.84
 30
0.0
 11
270.03999999999996
 21
61.84
 31
0.0
  0
LINE
  5
310
330
17
100
AcDbEntity
  8
LINES
100
AcDbLine
 10
275.92
 20
59.92
 30
0.0
 11
275.92
 21
63.4
 31
0.0
  0
LINE
  5
311
330
17
100
AcDbEntity
  8
LINES
100
AcDbLine
 10
277.59999999999997
 20
59.92
 30
0.0
 11
277.59999999999997
 21
63.4
 31
0.0
  0
LINE
  5
312
330
17
100
AcDbEntity
  8
LINES
100
AcDbLine
 10
276.76
 20
63.4
 30
0.0
 11
278.32
 21
63.4
 31
0.0
  0
LINE
  5
313
330
17
100
AcDbEntity
  8
LINES
100
AcDbLine
 10
279.28
 20
59.92
 30
0.0
 11
279.28
 21
63.4
 31
0.0
  0
LINE
  5
314
330
17
100
AcDbEntity
  8
LINES
100
AcDbLine
 10
279.28
 20
61.84
 30
0.0
 11
280.71999999999997
 21
61.84
 31
0.0
  0
LINE
  5
315
330
17
100
AcDbEntity
  8
LINES
100
AcDbLine
 10
280.71999999999997
 20
59.92
 30
0.0
 11
280.71999999999997
 21
63.4
 31
0.0
  0
LINE
  5
316
330
17
100
AcDbEntity
  8
LINES
100
AcDbLine
 10
282.88
 20
60.76
 30
0.0
 11
282.88
 21
61.84
 31
0.0
  0
LINE
  5
317
330
17
100
AcDbEntity
  8
LINES
100
AcDbLine
 10
284.08
 20
60.76
 30
0.0
 11
284.08
 21
61.12
 31
0.0
  0
LINE
  5
318
330
17
100
AcDbEntity
  8
LINES
100
AcDbLine
 10
282.88
 20
61.84
 30
0.0
 11
283.48
 21
61.84
 31
0.0
  0
LINE
  5
319
330
17
100
AcDbEntity
  8
LINES
100
AcDbLine
 10
285.03999999999996
 20
61.12
 30
0.0
 11
286.24
 21
61.12
 31
0.0
  0
LINE
  5
31A
330
17
100
AcDbEntity
  8
LINES
100
AcDbLine
 10
288.28
 20
59.92
 30
0.0
 11
288.28
 21
61.480000000000004
 31
0.0
  0
LINE
  5
31B
330
17
100
AcDbEntity
  8
LINES
100
AcDbLine
 10
290.68
 20
59.92
 30
0.0
 11
290.68
 21
61.480000000000004
 31
0.0
  0
LINE
  5
31C
330
17
100
AcDbEntity
  8
LINES
100
AcDbLine
 10
292.0
 20
61.12
 30
0.0
 11
293.2
 21
61.12
 31
0.0
  0
LINE
  5
31D
330
17
100
AcDbEntity
  8
LINES
100
AcDbLine
 10
299.92
 20
63.4
 30
0.0
 11
300.52
 21
63.4
 31
0.0
  0
LINE
  5
31E
330
17
100
AcDbEntity
  8
LINES
100
AcDbLine
 10
300.28
 20
61.84
 30
0.0
 11
300.52
 21
61.84
 31
0.0
  0
LINE
  5
31F
330
17
100
AcDbEntity
  8
LINES
100
AcDbLine
 10
301.24
 20
60.76
 30
0.0
 11
301.24
 21
61.12
 31
0.0
  0
LINE
  5
320
330
17
100
AcDbEntity
  8
LINES
100
AcDbLine
 10
299.92
 20
59.92
 30
0.0
 11
300.52
 21
59.92
 31
0.0
  0
LINE
  5
321
330
17
100
AcDbEntity
  8
LINES
100
AcDbLine
 10
302.08
 20
59.92
 30
0.0
 11
302.08
 21
60.16
 31
0.0
  0
LINE
  5
322
330
17
100
AcDbEntity
  8
LINES
100
AcDbLine
 10
56.44
 20
54.04
 30
0.0
 11
56.44
 21
54.16
 31
0.0
  0
LINE
  5
323
330
17
100
AcDbEntity
  8
LINES
100
AcDbLine
 10
58.6
 20
55.599999999999994
 30
0.0
 11
59.32
 21
55.599999999999994
 31
0.0
  0
LINE
  5
324
330
17
100
AcDbEntity
  8
LINES
100
AcDbLine
 10
61.239999999999995
 20
55.0
 30
0.0
 11
62.559999999999995
 21
55.0
 31
0.0
  0
LINE
  5
325
330
17
100
AcDbEntity
  8
LINES
100
AcDbLine
 10
63.76
 20
54.04
 30
0.0
 11
63.76
 21
57.4
 31
0.0
  0
LINE
  5
326
330
17
100
AcDbEntity
  8
LINES
100
AcDbLine
 10
67.84
 20
54.04
 30
0.0
 11
67.84
 21
57.4
 31
0.0
  0
LINE
  5
327
330
17
100
AcDbEntity
  8
LINES
100
AcDbLine
 10
67.12
 20
57.4
 30
0.0
 11
68.56
 21
57.4
 31
0.0
  0
LINE
  5
328
330
17
100
AcDbEntity
  8
LINES
100
AcDbLine
 10
69.52
 20
54.04
 30
0.0
 11
69.52
 21
57.4
 31
0.0
  0
LINE
  5
329
330
17
100
AcDbEntity
  8
LINES
100
AcDbLine
 10
72.88
 20
55.0
 30
0.0
 11
72.88
 21
56.56
 31
0.0
  0
LINE
  5
32A
330
17
100
AcDbEntity
  8
LINES
100
AcDbLine
 10
73.6
 20
57.4
 30
0.0
 11
74.44
 21
57.4
 31
0.0
  0
LINE
  5
32B
330
17
100
AcDbEntity
  8
LINES
100
AcDbLine
 10
76.84
 20
55.0
 30
0.0
 11
78.03999999999999
 21
55.0
 31
0.0
  0
LINE
  5
32C
330
17
100
AcDbEntity
  8
LINES
100
AcDbLine
 10
81.75999999999999
 20
54.04
 30
0.0
 11
82.36
 21
54.04
 31
0.0
  0
LINE
  5
32D
330
17
100
AcDbEntity
  8
LINES
100
AcDbLine
 10
83.2
 20
55.12
 30
0.0
 11
83.2
 21
56.44
 31
0.0
  0
LINE
  5
32E
330
17
100
AcDbEntity
  8
LINES
100
AcDbLine
 10
85.36
 20
54.04
 30
0.0
 11
85.36
 21
57.4
 31
0.0
  0
LINE
  5
32F
330
17
100
AcDbEntity
  8
LINES
100
AcDbLine
 10
89.08
 20
55.480000000000004
 30
0.0
 11
89.92
 21
55.96
 31
0.0
  0
LINE
  5
330
330
17
100
AcDbEntity
  8
LINES
100
AcDbLine
 10
91.11999999999999
 20
55.0
 30
0.0
 11
91.11999999999999
 21
57.4
 31
0.0
  0
LINE
  5
331
330
17
100
AcDbEntity
  8
LINES
100
AcDbLine
 10
92.67999999999999
 20
55.0
 30
0.0
 11
92.67999999999999
 21
57.4
 31
0.0
  0
LINE
  5
332
330
17
100
AcDbEntity
  8
LINES
100
AcDbLine
 10
96.03999999999999
 20
55.0
 30
0.0
 11
97.24
 21
55.0
 31
0.0
  0
LINE
  5
333
330
17
100
AcDbEntity
  8
LINES
100
AcDbLine
 10
99.28
 20
54.04
 30
0.0
 11
99.28
 21
57.4
 31
0.0
  0
LINE
  5
334
330
17
100
AcDbEntity
  8
LINES
100
AcDbLine
 10
98.44
 20
57.4
 30
0.0
 11
100.0
 21
57.4
 31
0.0
  0
LINE
  5
335
330
17
100
AcDbEntity
  8
LINES
100
AcDbLine
 10
100.96
 20
54.04
 30
0.0
 11
100.96
 21
57.4
 31
0.0
  0
LINE
  5
336
330
17
100
AcDbEntity
  8
LINES
100
AcDbLine
 10
101.8
 20
55.0
 30
0.0
 11
101.8
 21
56.56
 31
0.0
  0
LINE
  5
337
330
17
100
AcDbEntity
  8
LINES
100
AcDbLine
 10
103.36
 20
55.0
 30
0.0
 11
103.36
 21
56.56
 31
0.0
  0
LINE
  5
338
330
17
100
AcDbEntity
  8
LINES
100
AcDbLine
 10
107.92
 20
54.04
 30
0.0
 11
107.92
 21
57.4
 31
0.0
  0
LINE
  5
339
330
17
100
AcDbEntity
  8
LINES
100
AcDbLine
 10
112.72
 20
55.0
 30
0.0
 11
114.03999999999999
 21
55.0
 31
0.0
  0
LINE
  5
33A
330
17
100
AcDbEntity
  8
LINES
100
AcDbLine
 10
115.96
 20
54.04
 30
0.0
 11
116.44
 21
54.04
 31
0.0
  0
LINE
  5
33B
330
17
100
AcDbEntity
  8
LINES
100
AcDbLine
 10
115.24
 20
54.879999999999995
 30
0.0
 11
115.24
 21
56.56
 31
0.0
  0
LINE
  5
33C
330
17
100
AcDbEntity
  8
LINES
100
AcDbLine
 10
115.96
 20
57.4
 30
0.0
 11
116.44
 21
57.4
 31
0.0
  0
LINE
  5
33D
330
17
100
AcDbEntity
  8
LINES
100
AcDbLine
 10
118.0
 20
54.04
 30
0.0
 11
118.6
 21
54.04
 31
0.0
  0
LINE
  5
33E
330
17
100
AcDbEntity
  8
LINES
100
AcDbLine
 10
117.39999999999999
 20
54.879999999999995
 30
0.0
 11
117.39999999999999
 21
56.56
 31
0.0
  0
LINE
  5
33F
330
17
100
AcDbEntity
  8
LINES
100
AcDbLine
 10
118.0
 20
57.4
 30
0.0
 11
118.6
 21
57.4
 31
0.0
  0
LINE
  5
340
330
17
100
AcDbEntity
  8
LINES
100
AcDbLine
 10
119.56
 20
55.0
 30
0.0
 11
119.56
 21
56.56
 31
0.0
  0
LINE
  5
341
330
17
100
AcDbEntity
  8
LINES
100
AcDbLine
 10
121.0
 20
55.0
 30
0.0
 11
121.0
 21
56.56
 31
0.0
  0
LINE
  5
342
330
17
100
AcDbEntity
  8
LINES
100
AcDbLine
 10
121.96
 20
55.599999999999994
 30
0.0
 11
122.67999999999999
 21
55.599999999999994
 31
0.0
  0
LINE
  5
343
330
17
100
AcDbEntity
  8
LINES
100
AcDbLine
 10
122.8
 20
54.04
 30
0.0
 11
123.52
 21
55.599999999999994
 31
0.0
  0
LINE
  5
344
330
17
100
AcDbEntity
  8
LINES
100
AcDbLine
 10
124.36
 20
54.04
 30
0.0
 11
125.08
 21
54.04
 31
0.0
  0
LINE
  5
345
330
17
100
AcDbEntity
  8
LINES
100
AcDbLine
 10
125.92
 20
55.12
 30
0.0
 11
125.92
 21
56.44
 31
0.0
  0
LINE
  5
346
330
17
100
AcDbEntity
  8
LINES
100
AcDbLine
 10
127.11999999999999
 20
55.0
 30
0.0
 11
128.44
 21
55.0
 31
0.0
  0
LINE
  5
347
330
17
100
AcDbEntity
  8
LINES
100
AcDbLine
 10
132.64
 20
54.04
 30
0.0
 11
133.24
 21
54.04
 31
0.0
  0
LINE
  5
348
330
17
100
AcDbEntity
  8
LINES
100
AcDbLine
 10
132.04
 20
54.879999999999995
 30
0.0
 11
132.04
 21
56.56
 31
0.0
  0
LINE
  5
349
330
17
100
AcDbEntity
  8
LINES
100
AcDbLine
 10
132.64
 20
57.4
 30
0.0
 11
133.24
 21
57.4
 31
0.0
  0
LINE
  5
34A
330
17
100
AcDbEntity
  8
LINES
100
AcDbLine
 10
134.07999999999998
 20
55.96
 30
0.0
 11
135.04
 21
55.96
 31
0.0
  0
LINE
  5
34B
330
17
100
AcDbEntity
  8
LINES
100
AcDbLine
 10
140.8
 20
54.04
 30
0.0
 11
140.8
 21
57.4
 31
0.0
  0
LINE
  5
34C
330
17
100
AcDbEntity
  8
LINES
100
AcDbLine
 10
142.48
 20
54.04
 30
0.0
 11
142.48
 21
57.4
 31
0.0
  0
LINE
  5
34D
330
17
100
AcDbEntity
  8
LINES
100
AcDbLine
 10
141.76
 20
57.4
 30
0.0
 11
143.32
 21
57.4
 31
0.0
  0
LINE
  5
34E
330
17
100
AcDbEntity
  8
LINES
100
AcDbLine
 10
144.16
 20
54.04
 30
0.0
 11
144.16
 21
57.4
 31
0.0
  0
LINE
  5
34F
330
17
100
AcDbEntity
  8
LINES
100
AcDbLine
 10
144.16
 20
55.96
 30
0.0
 11
145.72
 21
55.96
 31
0.0
  0
LINE
  5
350
330
17
100
AcDbEntity
  8
LINES
100
AcDbLine
 10
145.72
 20
54.04
 30
0.0
 11
145.72
 21
57.4
 31
0.0
  0
LINE
  5
351
330
17
100
AcDbEntity
  8
LINES
100
AcDbLine
 10
147.88
 20
54.04
 30
0.0
 11
148.6
 21
54.04
 31
0.0
  0
LINE
  5
352
330
17
100
AcDbEntity
  8
LINES
100
AcDbLine
 10
147.88
 20
55.96
 30
0.0
 11
148.6
 21
55.96
 31
0.0
  0
LINE
  5
353
330
17
100
AcDbEntity
  8
LINES
100
AcDbLine
 10
155.56
 20
54.04
 30
0.0
 11
155.56
 21
55.599999999999994
 31
0.0
  0
LINE
  5
354
330
17
100
AcDbEntity
  8
LINES
100
AcDbLine
 10
157.0
 20
55.12
 30
0.0
 11
158.2
 21
55.12
 31
0.0
  0
LINE
  5
355
330
17
100
AcDbEntity
  8
LINES
100
AcDbLine
 10
165.51999999999998
 20
55.12
 30
0.0
 11
166.72
 21
55.12
 31
0.0
  0
LINE
  5
356
330
17
100
AcDbEntity
  8
LINES
100
AcDbLine
 10
171.04
 20
55.599999999999994
 30
0.0
 11
171.04
 21
56.68
 31
0.0
  0
LINE
  5
357
330
17
100
AcDbEntity
  8
LINES
100
AcDbLine
 10
169.84
 20
56.32
 30
0.0
 11
169.84
 21
56.68
 31
0.0
  0
LINE
  5
358
330
17
100
AcDbEntity
  8
LINES
100
AcDbLine
 10
170.44
 20
55.599999999999994
 30
0.0
 11
171.04
 21
55.599999999999994
 31
0.0
  0
LINE
  5
359
330
17
100
AcDbEntity
  8
LINES
100
AcDbLine
 10
171.88
 20
55.12
 30
0.0
 11
173.2
 21
55.12
 31
0.0
  0
LINE
  5
35A
330
17
100
AcDbEntity
  8
LINES
100
AcDbLine
 10
175.12
 20
54.04
 30
0.0
 11
175.12
 21
55.599999999999994
 31
0.0
  0
LINE
  5
35B
330
17
100
AcDbEntity
  8
LINES
100
AcDbLine
 10
178.0
 20
55.12
 30
0.0
 11
179.2
 21
55.12
 31
0.0
  0
LINE
  5
35C
330
17
100
AcDbEntity
  8
LINES
100
AcDbLine
 10
180.16
 20
55.599999999999994
 30
0.0
 11
180.88
 21
55.599999999999994
 31
0.0
  0
LINE
  5
35D
330
17
100
AcDbEntity
  8
LINES
100
AcDbLine
 10
185.07999999999998
 20
55.480000000000004
 30
0.0
 11
185.92
 21
55.96
 31
0.0
  0
LINE
  5
35E
330
17
100
AcDbEntity
  8
LINES
100
AcDbLine
 10
187.12
 20
55.12
 30
0.0
 11
188.44
 21
55.12
 31
0.0
  0
LINE
  5
35F
330
17
100
AcDbEntity
  8
LINES
100
AcDbLine
 10
193.0
 20
54.04
 30
0.0
 11
194.2
 21
57.4
 31
0.0
  0
LINE
  5
360
330
17
100
AcDbEntity
  8
LINES
100
AcDbLine
 10
195.04
 20
54.04
 30
0.0
 11
195.88
 21
54.04
 31
0.0
  0
LINE
  5
361
330
17
100
AcDbEntity
  8
LINES
100
AcDbLine
 10
195.04
 20
55.96
 30
0.0
 11
195.88
 21
55.96
 31
0.0
  0
LINE
  5
362
330
17
100
AcDbEntity
  8
LINES
100
AcDbLine
 10
202.84
 20
54.04
 30
0.0
 11
202.84
 21
55.599999999999994
 31
0.0
  0
LINE
  5
363
330
17
100
AcDbEntity
  8
LINES
100
AcDbLine
 10
204.28
 20
55.12
 30
0.0
 11
205.48
 21
55.12
 31
0.0
  0
LINE
  5
364
330
17
100
AcDbEntity
  8
LINES
100
AcDbLine
 10
212.79999999999998
 20
55.12
 30
0.0
 11
214.0
 21
55.12
 31
0.0
  0
LINE
  5
365
330
17
100
AcDbEntity
  8
LINES
100
AcDbLine
 10
216.16
 20
54.76
 30
0.0
 11
216.16
 21
55.12
 31
0.0
  0
LINE
  5
366
330
17
100
AcDbEntity
  8
LINES
100
AcDbLine
 10
214.84
 20
54.76
 30
0.0
 11
214.84
 21
55.12
 31
0.0
  0
LINE
  5
367
330
17
100
AcDbEntity
  8
LINES
100
AcDbLine
 10
219.16
 20
55.12
 30
0.0
 11
220.35999999999999
 21
55.12
 31
0.0
  0
LINE
  5
368
330
17
100
AcDbEntity
  8
LINES
100
AcDbLine
 10
222.4
 20
54.04
 30
0.0
 11
222.4
 21
55.599999999999994
 31
0.0
  0
LINE
  5
369
330
17
100
AcDbEntity
  8
LINES
100
AcDbLine
 10
224.79999999999998
 20
54.04
 30
0.0
 11
224.79999999999998
 21
55.599999999999994
 31
0.0
  0
LINE
  5
36A
330
17
100
AcDbEntity
  8
LINES
100
AcDbLine
 10
226.12
 20
55.12
 30
0.0
 11
227.44
 21
55.12
 31
0.0
  0
LINE
  5
36B
330
17
100
AcDbEntity
  8
LINES
100
AcDbLine
 10
228.28
 20
54.04
 30
0.0
 11
228.28
 21
57.4
 31
0.0
  0
LINE
  5
36C
330
17
100
AcDbEntity
  8
LINES
100
AcDbLine
 10
231.4
 20
55.12
 30
0.0
 11
232.6
 21
55.12
 31
0.0
  0
LINE
  5
36D
330
17
100
AcDbEntity
  8
LINES
100
AcDbLine
 10
233.79999999999998
 20
55.480000000000004
 30
0.0
 11
234.64
 21
55.96
 31
0.0
  0
LINE
  5
36E
330
17
100
AcDbEntity
  8
LINES
100
AcDbLine
 10
241.72
 20
54.04
 30
0.0
 11
241.72
 21
54.16
 31
0.0
  0
LINE
  5
36F
330
17
100
AcDbEntity
  8
LINES
100
AcDbLine
 10
243.88
 20
55.96
 30
0.0
 11
245.07999999999998
 21
55.96
 31
0.0
  0
LINE
  5
370
330
17
100
AcDbEntity
  8
LINES
100
AcDbLine
 10
246.04
 20
55.0
 30
0.0
 11
246.04
 21
56.56
 31
0.0
  0
LINE
  5
371
330
17
100
AcDbEntity
  8
LINES
100
AcDbLine
 10
247.48
 20
55.0
 30
0.0
 11
247.48
 21
56.56
 31
0.0
  0
LINE
  5
372
330
17
100
AcDbEntity
  8
LINES
100
AcDbLine
 10
248.44
 20
55.599999999999994
 30
0.0
 11
249.16
 21
55.599999999999994
 31
0.0
  0
LINE
  5
373
330
17
100
AcDbEntity
  8
LINES
100
AcDbLine
 10
249.28
 20
54.04
 30
0.0
 11
250.0
 21
55.599999999999994
 31
0.0
  0
LINE
  5
374
330
17
100
AcDbEntity
  8
LINES
100
AcDbLine
 10
252.04
 20
55.0
 30
0.0
 11
252.04
 21
57.4
 31
0.0
  0
LINE
  5
375
330
17
100
AcDbEntity
  8
LINES
100
AcDbLine
 10
253.6
 20
55.0
 30
0.0
 11
253.6
 21
57.4
 31
0.0
  0
LINE
  5
376
330
17
100
AcDbEntity
  8
LINES
100
AcDbLine
 10
256.96
 20
54.04
 30
0.0
 11
257.67999999999995
 21
54.04
 31
0.0
  0
LINE
  5
377
330
17
100
AcDbEntity
  8
LINES
100
AcDbLine
 10
258.52
 20
55.12
 30
0.0
 11
258.52
 21
56.44
 31
0.0
  0
LINE
  5
378
330
17
100
AcDbEntity
  8
LINES
100
AcDbLine
 10
259.36
 20
55.96
 30
0.0
 11
260.32
 21
55.96
 31
0.0
  0
LINE
  5
379
330
17
100
AcDbEntity
  8
LINES
100
AcDbLine
 10
261.52
 20
55.599999999999994
 30
0.0
 11
262.24
 21
55.599999999999994
 31
0.0
  0
LINE
  5
37A
330
17
100
AcDbEntity
  8
LINES
100
AcDbLine
 10
262.48
 20
54.04
 30
0.0
 11
263.08
 21
55.599999999999994
 31
0.0
  0
LINE
  5
37B
330
17
100
AcDbEntity
  8
LINES
100
AcDbLine
 10
263.91999999999996
 20
55.0
 30
0.0
 11
263.91999999999996
 21
56.56
 31
0.0
  0
LINE
  5
37C
330
17
100
AcDbEntity
  8
LINES
100
AcDbLine
 10
264.76
 20
57.4
 30
0.0
 11
265.48
 21
57.4
 31
0.0
  0
LINE
  5
37D
330
17
100
AcDbEntity
  8
LINES
100
AcDbLine
 10
266.44
 20
55.599999999999994
 30
0.0
 11
267.15999999999997
 21
55.599999999999994
 31
0.0
  0
LINE
  5
37E
330
17
100
AcDbEntity
  8
LINES
100
AcDbLine
 10
267.28
 20
54.04
 30
0.0
 11
267.88
 21
55.599999999999994
 31
0.0
  0
LINE
  5
37F
330
17
100
AcDbEntity
  8
LINES
100
AcDbLine
 10
268.84000000000003
 20
55.0
 30
0.0
 11
268.84000000000003
 21
56.56
 31
0.0
  0
LINE
  5
380
330
17
100
AcDbEntity
  8
LINES
100
AcDbLine
 10
270.4
 20
55.0
 30
0.0
 11
270.4
 21
56.56
 31
0.0
  0
LINE
  5
381
330
17
100
AcDbEntity
  8
LINES
100
AcDbLine
 10
271.24
 20
55.0
 30
0.0
 11
271.24
 21
57.4
 31
0.0
  0
LINE
  5
382
330
17
100
AcDbEntity
  8
LINES
100
AcDbLine
 10
272.8
 20
55.0
 30
0.0
 11
272.8
 21
57.4
 31
0.0
  0
LINE
  5
383
330
17
100
AcDbEntity
  8
LINES
100
AcDbLine
 10
276.15999999999997
 20
54.04
 30
0.0
 11
276.88
 21
54.04
 31
0.0
  0
LINE
  5
384
330
17
100
AcDbEntity
  8
LINES
100
AcDbLine
 10
277.71999999999997
 20
55.12
 30
0.0
 11
277.71999999999997
 21
56.44
 31
0.0
  0
LINE
  5
385
330
17
100
AcDbEntity
  8
LINES
100
AcDbLine
 10
281.92
 20
54.04
 30
0.0
 11
281.92
 21
57.4
 31
0.0
  0
LINE
  5
386
330
17
100
AcDbEntity
  8
LINES
100
AcDbLine
 10
285.28
 20
55.96
 30
0.0
 11
286.24
 21
55.96
 31
0.0
  0
LINE
  5
387
330
17
100
AcDbEntity
  8
LINES
100
AcDbLine
 10
287.8
 20
55.480000000000004
 30
0.0
 11
288.64
 21
55.96
 31
0.0
  0
LINE
  5
388
330
17
100
AcDbEntity
  8
LINES
100
AcDbLine
 10
291.03999999999996
 20
54.04
 30
0.0
 11
291.03999999999996
 21
57.4
 31
0.0
  0
LINE
  5
389
330
17
100
AcDbEntity
  8
LINES
100
AcDbLine
 10
296.32
 20
54.04
 30
0.0
 11
296.92
 21
54.04
 31
0.0
  0
LINE
  5
38A
330
17
100
AcDbEntity
  8
LINES
100
AcDbLine
 10
295.59999999999997
 20
54.879999999999995
 30
0.0
 11
295.59999999999997
 21
56.56
 31
0.0
  0
LINE
  5
38B
330
17
100
AcDbEntity
  8
LINES
100
AcDbLine
 10
296.32
 20
57.4
 30
0.0
 11
296.92
 21
57.4
 31
0.0
  0
LINE
  5
38C
330
17
100
AcDbEntity
  8
LINES
100
AcDbLine
 10
297.76
 20
54.04
 30
0.0
 11
298.59999999999997
 21
54.04
 31
0.0
  0
LINE
  5
38D
330
17
100
AcDbEntity
  8
LINES
100
AcDbLine
 10
297.76
 20
55.96
 30
0.0
 11
298.59999999999997
 21
55.96
 31
0.0
  0
LINE
  5
38E
330
17
100
AcDbEntity
  8
LINES
100
AcDbLine
 10
300.28
 20
54.04
 30
0.0
 11
300.88
 21
54.04
 31
0.0
  0
LINE
  5
38F
330
17
100
AcDbEntity
  8
LINES
100
AcDbLine
 10
301.71999999999997
 20
55.12
 30
0.0
 11
301.71999999999997
 21
56.44
 31
0.0
  0
LINE
  5
390
330
17
100
AcDbEntity
  8
LINES
100
AcDbLine
 10
302.68
 20
53.32
 30
0.0
 11
302.8
 21
54.04
 31
0.0
  0
LINE
  5
391
330
17
100
AcDbEntity
  8
LINES
100
AcDbLine
 10
304.0
 20
55.0
 30
0.0
 11
305.32
 21
55.0
 31
0.0
  0
LINE
  5
392
330
17
100
AcDbEntity
  8
LINES
100
AcDbLine
 10
306.52
 20
54.04
 30
0.0
 11
307.24
 21
54.04
 31
0.0
  0
LINE
  5
393
330
17
100
AcDbEntity
  8
LINES
100
AcDbLine
 10
306.52
 20
55.96
 30
0.0
 11
307.24
 21
55.96
 31
0.0
  0
LINE
  5
394
330
17
100
AcDbEntity
  8
LINES
100
AcDbLine
 10
308.92
 20
54.04
 30
0.0
 11
309.64
 21
54.04
 31
0.0
  0
LINE
  5
395
330
17
100
AcDbEntity
  8
LINES
100
AcDbLine
 10
310.47999999999996
 20
55.12
 30
0.0
 11
310.47999999999996
 21
56.44
 31
0.0
  0
LINE
  5
396
330
17
100
AcDbEntity
  8
LINES
100
AcDbLine
 10
757.48
 20
99.75999999999999
 30
0.0
 11
761.92
 21
99.75999999999999
 31
0.0
  0
LINE
  5
397
330
17
100
AcDbEntity
  8
LINES
100
AcDbLine
 10
757.48
 20
96.03999999999999
 30
0.0
 11
761.92
 21
96.03999999999999
 31
0.0
  0
LINE
  5
398
330
17
100
AcDbEntity
  8
LINES
100
AcDbLine
 10
710.3199999999999
 20
95.44
 30
0.0
 11
713.4399999999999
 21
95.44
 31
0.0
  0
LINE
  5
399
330
17
100
AcDbEntity
  8
LINES
100
AcDbLine
 10
735.28
 20
100.72
 30
0.0
 11
738.4
 21
100.72
 31
0.0
  0
LINE
  5
39A
330
17
100
AcDbEntity
  8
LINES
100
AcDbLine
 10
784.0
 20
96.03999999999999
 30
0.0
 11
784.0
 21
101.2
 31
0.0
  0
LINE
  5
39B
330
17
100
AcDbEntity
  8
LINES
100
AcDbLine
 10
653.0799999999999
 20
97.72
 30
0.0
 11
672.88
 21
97.72
 31
0.0
  0
LINE
  5
39C
330
17
100
AcDbEntity
  8
LINES
100
AcDbLine
 10
677.4399999999999
 20
97.72
 30
0.0
 11
697.24
 21
97.72
 31
0.0
  0
LINE
  5
39D
330
17
100
AcDbEntity
  8
LINES
100
AcDbLine
 10
701.4399999999999
 20
97.72
 30
0.0
 11
721.12
 21
97.72
 31
0.0
  0
LINE
  5
39E
330
17
100
AcDbEntity
  8
LINES
100
AcDbLine
 10
726.64
 20
97.72
 30
0.0
 11
746.1999999999999
 21
97.72
 31
0.0
  0
LINE
  5
39F
330
17
100
AcDbEntity
  8
LINES
100
AcDbLine
 10
800.0799999999999
 20
96.28
 30
0.0
 11
806.56
 21
96.28
 31
0.0
  0
LINE
  5
3A0
330
17
100
AcDbEntity
  8
LINES
100
AcDbLine
 10
812.1999999999999
 20
96.28
 30
0.0
 11
818.8
 21
96.28
 31
0.0
  0
LINE
  5
3A1
330
17
100
AcDbEntity
  8
LINES
100
AcDbLine
 10
653.1999999999999
 20
97.72
 30
0.0
 11
655.36
 21
97.72
 31
0.0
  0
LINE
  5
3A2
330
17
100
AcDbEntity
  8
LINES
100
AcDbLine
 10
670.72
 20
97.72
 30
0.0
 11
672.88
 21
97.72
 31
0.0
  0
LINE
  5
3A3
330
17
100
AcDbEntity
  8
LINES
100
AcDbLine
 10
663.76
 20
96.88
 30
0.0
 11
664.12
 21
97.36
 31
0.0
  0
LINE
  5
3A4
330
17
100
AcDbEntity
  8
LINES
100
AcDbLine
 10
663.76
 20
96.88
 30
0.0
 11
664.12
 21
96.88
 31
0.0
  0
LINE
  5
3A5
330
17
100
AcDbEntity
  8
LINES
100
AcDbLine
 10
664.24
 20
96.88
 30
0.0
 11
664.24
 21
97.48
 31
0.0
  0
LINE
  5
3A6
330
17
100
AcDbEntity
  8
LINES
100
AcDbLine
 10
664.0
 20
96.75999999999999
 30
0.0
 11
664.24
 21
96.88
 31
0.0
  0
LINE
  5
3A7
330
17
100
AcDbEntity
  8
LINES
100
AcDbLine
 10
677.4399999999999
 20
97.72
 30
0.0
 11
679.6
 21
97.72
 31
0.0
  0
LINE
  5
3A8
330
17
100
AcDbEntity
  8
LINES
100
AcDbLine
 10
695.0799999999999
 20
97.72
 30
0.0
 11
697.24
 21
97.72
 31
0.0
  0
LINE
  5
3A9
330
17
100
AcDbEntity
  8
LINES
100
AcDbLine
 10
688.72
 20
98.67999999999999
 30
0.0
 11
690.52
 21
100.36
 31
0.0
  0
LINE
  5
3AA
330
17
100
AcDbEntity
  8
LINES
100
AcDbLine
 10
685.36
 20
95.2
 30
0.0
 11
687.04
 21
96.88
 31
0.0
  0
LINE
  5
3AB
330
17
100
AcDbEntity
  8
LINES
100
AcDbLine
 10
688.72
 20
95.2
 30
0.0
 11
690.52
 21
96.88
 31
0.0
  0
LINE
  5
3AC
330
17
100
AcDbEntity
  8
LINES
100
AcDbLine
 10
685.36
 20
98.67999999999999
 30
0.0
 11
687.04
 21
100.36
 31
0.0
  0
LINE
  5
3AD
330
17
100
AcDbEntity
  8
LINES
100
AcDbLine
 10
687.28
 20
97.72
 30
0.0
 11
687.52
 21
98.08
 31
0.0
  0
LINE
  5
3AE
330
17
100
AcDbEntity
  8
LINES
100
AcDbLine
 10
687.28
 20
97.48
 30
0.0
 11
687.28
 21
97.72
 31
0.0
  0
LINE
  5
3AF
330
17
100
AcDbEntity
  8
LINES
100
AcDbLine
 10
701.4399999999999
 20
97.72
 30
0.0
 11
703.6
 21
97.72
 31
0.0
  0
LINE
  5
3B0
330
17
100
AcDbEntity
  8
LINES
100
AcDbLine
 10
718.9599999999999
 20
97.72
 30
0.0
 11
721.12
 21
97.72
 31
0.0
  0
LINE
  5
3B1
330
17
100
AcDbEntity
  8
LINES
100
AcDbLine
 10
710.0799999999999
 20
97.72
 30
0.0
 11
710.3199999999999
 21
97.96
 31
0.0
  0
LINE
  5
3B2
330
17
100
AcDbEntity
  8
LINES
100
AcDbLine
 10
710.3199999999999
 20
97.48
 30
0.0
 11
710.56
 21
97.72
 31
0.0
  0
LINE
  5
3B3
330
17
100
AcDbEntity
  8
LINES
100
AcDbLine
 10
726.52
 20
97.72
 30
0.0
 11
746.1999999999999
 21
97.72
 31
0.0
  0
LINE
  5
3B4
330
17
100
AcDbEntity
  8
LINES
100
AcDbLine
 10
751.6
 20
97.84
 30
0.0
 11
771.28
 21
97.84
 31
0.0
  0
LINE
  5
3B5
330
17
100
AcDbEntity
  8
LINES
100
AcDbLine
 10
800.0799999999999
 20
97.96
 30
0.0
 11
819.52
 21
97.96
 31
0.0
  0
LINE
  5
3B6
330
17
100
AcDbEntity
  8
LINES
100
AcDbLine
 10
522.16
 20
39.519999999999996
 30
0.0
 11
522.16
 21
75.75999999999999
 31
0.0
  0
LINE
  5
3B7
330
17
100
AcDbEntity
  8
LINES
100
AcDbLine
 10
540.64
 20
39.519999999999996
 30
0.0
 11
540.64
 21
75.75999999999999
 31
0.0
  0
LINE
  5
3B8
330
17
100
AcDbEntity
  8
LINES
100
AcDbLine
 10
492.52
 20
39.519999999999996
 30
0.0
 11
492.52
 21
75.75999999999999
 31
0.0
  0
LINE
  5
3B9
330
17
100
AcDbEntity
  8
LINES
100
AcDbLine
 10
576.64
 20
39.519999999999996
 30
0.0
 11
576.64
 21
75.75999999999999
 31
0.0
  0
LINE
  5
3BA
330
17
100
AcDbEntity
  8
LINES
100
AcDbLine
 10
481.47999999999996
 20
39.519999999999996
 30
0.0
 11
481.47999999999996
 21
93.88
 31
0.0
  0
LINE
  5
3BB
330
17
100
AcDbEntity
  8
LINES
100
AcDbLine
 10
820.36
 20
66.75999999999999
 30
0.0
 11
1137.1599999999999
 21
66.75999999999999
 31
0.0
  0
LINE
  5
3BC
330
17
100
AcDbEntity
  8
LINES
100
AcDbLine
 10
318.76
 20
84.75999999999999
 30
0.0
 11
672.16
 21
84.75999999999999
 31
0.0
  0
LINE
  5
3BD
330
17
100
AcDbEntity
  8
LINES
100
AcDbLine
 10
318.76
 20
48.64
 30
0.0
 11
672.16
 21
48.64
 31
0.0
  0
LINE
  5
3BE
330
17
100
AcDbEntity
  8
LINES
100
AcDbLine
 10
491.68
 20
57.64
 30
0.0
 11
672.16
 21
57.64
 31
0.0
  0
LINE
  5
3BF
330
17
100
AcDbEntity
  8
LINES
100
AcDbLine
 10
318.76
 20
66.75999999999999
 30
0.0
 11
672.16
 21
66.75999999999999
 31
0.0
  0
LINE
  5
3C0
330
17
100
AcDbEntity
  8
LINES
100
AcDbLine
 10
318.76
 20
75.75999999999999
 30
0.0
 11
672.16
 21
75.75999999999999
 31
0.0
  0
LINE
  5
3C1
330
17
100
AcDbEntity
  8
LINES
100
AcDbLine
 10
762.28
 20
39.519999999999996
 30
0.0
 11
762.28
 21
93.88
 31
0.0
  0
LINE
  5
3C2
330
17
100
AcDbEntity
  8
RECTANGLES
100
AcDbLine
 10
42.879999999999995
 20
31.0
 30
0.0
 11
1146.6399999999999
 21
31.0
 31
0.0
  0
LINE
  5
3C3
330
17
100
AcDbEntity
  8
RECTANGLES
100
AcDbLine
 10
1146.6399999999999
 20
31.0
 30
0.0
 11
1146.6399999999999
 21
811.36
 31
0.0
  0
LINE
  5
3C4
330
17
100
AcDbEntity
  8
RECTANGLES
100
AcDbLine
 10
1146.6399999999999
 20
811.36
 30
0.0
 11
42.879999999999995
 21
811.36
 31
0.0
  0
LINE
  5
3C5
330
17
100
AcDbEntity
  8
RECTANGLES
100
AcDbLine
 10
42.879999999999995
 20
811.36
 30
0.0
 11
42.879999999999995
 21
31.0
 31
0.0
  0
LINE
  5
3C6
330
17
100
AcDbEntity
  8
RECTANGLES
100
AcDbLine
 10
52.24
 20
39.519999999999996
 30
0.0
 11
1137.1599999999999
 21
39.519999999999996
 31
0.0
  0
LINE
  5
3C7
330
17
100
AcDbEntity
  8
RECTANGLES
100
AcDbLine
 10
1137.1599999999999
 20
39.519999999999996
 30
0.0
 11
1137.1599999999999
 21
802.72
 31
0.0
  0
LINE
  5
3C8
330
17
100
AcDbEntity
  8
RECTANGLES
100
AcDbLine
 10
1137.1599999999999
 20
802.72
 30
0.0
 11
52.24
 21
802.72
 31
0.0
  0
LINE
  5
3C9
330
17
100
AcDbEntity
  8
RECTANGLES
100
AcDbLine
 10
52.24
 20
802.72
 30
0.0
 11
52.24
 21
39.519999999999996
 31
0.0
  0
LINE
  5
3CA
330
17
100
AcDbEntity
  8
LINES
100
AcDbLine
 10
521.56
 20
86.91999999999999
 30
0.0
 11
521.56
 21
91.6
 31
0.0
  0
LINE
  5
3CB
330
17
100
AcDbEntity
  8
LINES
100
AcDbLine
 10
520.48
 20
91.6
 30
0.0
 11
522.52
 21
91.6
 31
0.0
  0
LINE
  5
3CC
330
17
100
AcDbEntity
  8
LINES
100
AcDbLine
 10
523.8399999999999
 20
88.24
 30
0.0
 11
523.8399999999999
 21
90.28
 31
0.0
  0
LINE
  5
3CD
330
17
100
AcDbEntity
  8
LINES
100
AcDbLine
 10
525.88
 20
88.24
 30
0.0
 11
525.88
 21
90.28
 31
0.0
  0
LINE
  5
3CE
330
17
100
AcDbEntity
  8
LINES
100
AcDbLine
 10
528.16
 20
86.91999999999999
 30
0.0
 11
528.16
 21
91.6
 31
0.0
  0
LINE
  5
3CF
330
17
100
AcDbEntity
  8
LINES
100
AcDbLine
 10
527.0799999999999
 20
91.6
 30
0.0
 11
529.24
 21
91.6
 31
0.0
  0
LINE
  5
3D0
330
17
100
AcDbEntity
  8
LINES
100
AcDbLine
 10
530.8
 20
88.24
 30
0.0
 11
532.6
 21
88.24
 31
0.0
  0
LINE
  5
3D1
330
17
100
AcDbEntity
  8
LINES
100
AcDbLine
 10
538.72
 20
86.91999999999999
 30
0.0
 11
538.72
 21
91.6
 31
0.0
  0
LINE
  5
3D2
330
17
100
AcDbEntity
  8
LINES
100
AcDbLine
 10
539.92
 20
86.91999999999999
 30
0.0
 11
540.88
 21
86.91999999999999
 31
0.0
  0
LINE
  5
3D3
330
17
100
AcDbEntity
  8
LINES
100
AcDbLine
 10
542.0799999999999
 20
88.36
 30
0.0
 11
542.0799999999999
 21
90.16
 31
0.0
  0
LINE
  5
3D4
330
17
100
AcDbEntity
  8
LINES
100
AcDbLine
 10
545.4399999999999
 20
88.84
 30
0.0
 11
546.52
 21
89.56
 31
0.0
  0
LINE
  5
3D5
330
17
100
AcDbEntity
  8
LINES
100
AcDbLine
 10
548.1999999999999
 20
86.91999999999999
 30
0.0
 11
548.1999999999999
 21
91.6
 31
0.0
  0
LINE
  5
3D6
330
17
100
AcDbEntity
  8
LINES
100
AcDbLine
 10
548.1999999999999
 20
89.56
 30
0.0
 11
550.36
 21
89.56
 31
0.0
  0
LINE
  5
3D7
330
17
100
AcDbEntity
  8
LINES
100
AcDbLine
 10
550.36
 20
86.91999999999999
 30
0.0
 11
550.36
 21
91.6
 31
0.0
  0
LINE
  5
3D8
330
17
100
AcDbEntity
  8
LINES
100
AcDbLine
 10
551.56
 20
88.24
 30
0.0
 11
551.56
 21
90.28
 31
0.0
  0
LINE
  5
3D9
330
17
100
AcDbEntity
  8
LINES
100
AcDbLine
 10
553.6
 20
88.24
 30
0.0
 11
553.6
 21
90.28
 31
0.0
  0
LINE
  5
3DA
330
17
100
AcDbEntity
  8
LINES
100
AcDbLine
 10
554.92
 20
88.96000000000001
 30
0.0
 11
555.88
 21
88.96000000000001
 31
0.0
  0
LINE
  5
3DB
330
17
100
AcDbEntity
  8
LINES
100
AcDbLine
 10
573.28
 20
86.91999999999999
 30
0.0
 11
573.28
 21
91.6
 31
0.0
  0
LINE
  5
3DC
330
17
100
AcDbEntity
  8
LINES
100
AcDbLine
 10
572.3199999999999
 20
91.6
 30
0.0
 11
574.36
 21
91.6
 31
0.0
  0
LINE
  5
3DD
330
17
100
AcDbEntity
  8
LINES
100
AcDbLine
 10
575.56
 20
88.24
 30
0.0
 11
575.56
 21
90.28
 31
0.0
  0
LINE
  5
3DE
330
17
100
AcDbEntity
  8
LINES
100
AcDbLine
 10
577.72
 20
88.24
 30
0.0
 11
577.72
 21
90.28
 31
0.0
  0
LINE
  5
3DF
330
17
100
AcDbEntity
  8
LINES
100
AcDbLine
 10
580.0
 20
86.91999999999999
 30
0.0
 11
580.0
 21
91.6
 31
0.0
  0
LINE
  5
3E0
330
17
100
AcDbEntity
  8
LINES
100
AcDbLine
 10
578.92
 20
91.6
 30
0.0
 11
580.9599999999999
 21
91.6
 31
0.0
  0
LINE
  5
3E1
330
17
100
AcDbEntity
  8
LINES
100
AcDbLine
 10
582.64
 20
88.24
 30
0.0
 11
584.3199999999999
 21
88.24
 31
0.0
  0
LINE
  5
3E2
330
17
100
AcDbEntity
  8
LINES
100
AcDbLine
 10
590.56
 20
86.91999999999999
 30
0.0
 11
590.56
 21
91.6
 31
0.0
  0
LINE
  5
3E3
330
17
100
AcDbEntity
  8
LINES
100
AcDbLine
 10
591.76
 20
86.91999999999999
 30
0.0
 11
592.72
 21
86.91999999999999
 31
0.0
  0
LINE
  5
3E4
330
17
100
AcDbEntity
  8
LINES
100
AcDbLine
 10
593.8
 20
88.36
 30
0.0
 11
593.8
 21
90.16
 31
0.0
  0
LINE
  5
3E5
330
17
100
AcDbEntity
  8
LINES
100
AcDbLine
 10
596.68
 20
89.56
 30
0.0
 11
598.36
 21
89.56
 31
0.0
  0
LINE
  5
3E6
330
17
100
AcDbEntity
  8
LINES
100
AcDbLine
 10
599.68
 20
86.91999999999999
 30
0.0
 11
599.68
 21
91.6
 31
0.0
  0
LINE
  5
3E7
330
17
100
AcDbEntity
  8
LINES
100
AcDbLine
 10
600.88
 20
89.56
 30
0.0
 11
602.0799999999999
 21
89.56
 31
0.0
  0
LINE
  5
3E8
330
17
100
AcDbEntity
  8
LINES
100
AcDbLine
 10
606.64
 20
86.91999999999999
 30
0.0
 11
607.6
 21
86.91999999999999
 31
0.0
  0
LINE
  5
3E9
330
17
100
AcDbEntity
  8
LINES
100
AcDbLine
 10
608.8
 20
88.36
 30
0.0
 11
608.8
 21
90.16
 31
0.0
  0
LINE
  5
3EA
330
17
100
AcDbEntity
  8
LINES
100
AcDbLine
 10
826.7199999999999
 20
88.47999999999999
 30
0.0
 11
827.8
 21
88.47999999999999
 31
0.0
  0
LINE
  5
3EB
330
17
100
AcDbEntity
  8
LINES
100
AcDbLine
 10
830.3199999999999
 20
88.47999999999999
 30
0.0
 11
831.4
 21
88.47999999999999
 31
0.0
  0
LINE
  5
3EC
330
17
100
AcDbEntity
  8
LINES
100
AcDbLine
 10
831.64
 20
86.32
 30
0.0
 11
832.48
 21
88.47999999999999
 31
0.0
  0
LINE
  5
3ED
330
17
100
AcDbEntity
  8
LINES
100
AcDbLine
 10
833.92
 20
87.64
 30
0.0
 11
833.92
 21
89.91999999999999
 31
0.0
  0
LINE
  5
3EE
330
17
100
AcDbEntity
  8
LINES
100
AcDbLine
 10
836.0799999999999
 20
87.64
 30
0.0
 11
836.0799999999999
 21
89.91999999999999
 31
0.0
  0
LINE
  5
3EF
330
17
100
AcDbEntity
  8
LINES
100
AcDbLine
 10
837.4
 20
86.32
 30
0.0
 11
837.88
 21
86.32
 31
0.0
  0
LINE
  5
3F0
330
17
100
AcDbEntity
  8
LINES
100
AcDbLine
 10
838.7199999999999
 20
87.4
 30
0.0
 11
838.7199999999999
 21
91.36
 31
0.0
  0
LINE
  5
3F1
330
17
100
AcDbEntity
  8
LINES
100
AcDbLine
 10
840.16
 20
89.08
 30
0.0
 11
841.48
 21
89.08
 31
0.0
  0
LINE
  5
3F2
330
17
100
AcDbEntity
  8
LINES
100
AcDbLine
 10
844.24
 20
86.32
 30
0.0
 11
844.9599999999999
 21
86.32
 31
0.0
  0
LINE
  5
3F3
330
17
100
AcDbEntity
  8
LINES
100
AcDbLine
 10
843.28
 20
87.52
 30
0.0
 11
843.28
 21
90.03999999999999
 31
0.0
  0
LINE
  5
3F4
330
17
100
AcDbEntity
  8
LINES
100
AcDbLine
 10
844.24
 20
91.36
 30
0.0
 11
844.9599999999999
 21
91.36
 31
0.0
  0
LINE
  5
3F5
330
17
100
AcDbEntity
  8
LINES
100
AcDbLine
 10
847.48
 20
86.32
 30
0.0
 11
847.48
 21
91.36
 31
0.0
  0
LINE
  5
3F6
330
17
100
AcDbEntity
  8
LINES
100
AcDbLine
 10
846.4
 20
91.36
 30
0.0
 11
848.56
 21
91.36
 31
0.0
  0
LINE
  5
3F7
330
17
100
AcDbEntity
  8
LINES
100
AcDbLine
 10
849.88
 20
86.8
 30
0.0
 11
849.88
 21
87.16
 31
0.0
  0
LINE
  5
3F8
330
17
100
AcDbEntity
  8
LINES
100
AcDbLine
 10
849.88
 20
88.84
 30
0.0
 11
849.88
 21
89.08
 31
0.0
  0
LINE
  5
3F9
330
17
100
AcDbEntity
  8
LINES
100
AcDbLine
 10
935.3199999999999
 20
88.47999999999999
 30
0.0
 11
936.4
 21
88.47999999999999
 31
0.0
  0
LINE
  5
3FA
330
17
100
AcDbEntity
  8
LINES
100
AcDbLine
 10
936.64
 20
86.19999999999999
 30
0.0
 11
937.5999999999999
 21
88.47999999999999
 31
0.0
  0
LINE
  5
3FB
330
17
100
AcDbEntity
  8
LINES
100
AcDbLine
 10
939.28
 20
87.64
 30
0.0
 11
941.1999999999999
 21
87.64
 31
0.0
  0
LINE
  5
3FC
330
17
100
AcDbEntity
  8
LINES
100
AcDbLine
 10
942.88
 20
86.19999999999999
 30
0.0
 11
943.36
 21
86.19999999999999
 31
0.0
  0
LINE
  5
3FD
330
17
100
AcDbEntity
  8
LINES
100
AcDbLine
 10
944.3199999999999
 20
87.28
 30
0.0
 11
944.3199999999999
 21
91.24
 31
0.0
  0
LINE
  5
3FE
330
17
100
AcDbEntity
  8
LINES
100
AcDbLine
 10
946.0
 20
87.64
 30
0.0
 11
947.92
 21
87.64
 31
0.0
  0
LINE
  5
3FF
330
17
100
AcDbEntity
  8
LINES
100
AcDbLine
 10
950.0799999999999
 20
88.36
 30
0.0
 11
951.4
 21
89.08
 31
0.0
  0
LINE
  5
400
330
17
100
AcDbEntity
  8
LINES
100
AcDbLine
 10
954.28
 20
86.19999999999999
 30
0.0
 11
954.28
 21
91.24
 31
0.0
  0
LINE
  5
401
330
17
100
AcDbEntity
  8
LINES
100
AcDbLine
 10
953.1999999999999
 20
91.24
 30
0.0
 11
955.36
 21
91.24
 31
0.0
  0
LINE
  5
402
330
17
100
AcDbEntity
  8
LINES
100
AcDbLine
 10
956.8
 20
86.19999999999999
 30
0.0
 11
956.8
 21
91.24
 31
0.0
  0
LINE
  5
403
330
17
100
AcDbEntity
  8
LINES
100
AcDbLine
 10
956.8
 20
88.96000000000001
 30
0.0
 11
958.9599999999999
 21
88.96000000000001
 31
0.0
  0
LINE
  5
404
330
17
100
AcDbEntity
  8
LINES
100
AcDbLine
 10
958.9599999999999
 20
86.19999999999999
 30
0.0
 11
958.9599999999999
 21
91.24
 31
0.0
  0
LINE
  5
405
330
17
100
AcDbEntity
  8
LINES
100
AcDbLine
 10
960.76
 20
87.64
 30
0.0
 11
962.56
 21
87.64
 31
0.0
  0
LINE
  5
406
330
17
100
AcDbEntity
  8
LINES
100
AcDbLine
 10
969.64
 20
88.47999999999999
 30
0.0
 11
970.8399999999999
 21
88.47999999999999
 31
0.0
  0
LINE
  5
407
330
17
100
AcDbEntity
  8
LINES
100
AcDbLine
 10
970.9599999999999
 20
86.19999999999999
 30
0.0
 11
971.92
 21
88.47999999999999
 31
0.0
  0
LINE
  5
408
330
17
100
AcDbEntity
  8
LINES
100
AcDbLine
 10
973.24
 20
88.96000000000001
 30
0.0
 11
974.56
 21
88.96000000000001
 31
0.0
  0
LINE
  5
409
330
17
100
AcDbEntity
  8
LINES
100
AcDbLine
 10
976.36
 20
88.96000000000001
 30
0.0
 11
978.16
 21
88.96000000000001
 31
0.0
  0
LINE
  5
40A
330
17
100
AcDbEntity
  8
LINES
100
AcDbLine
 10
979.48
 20
86.19999999999999
 30
0.0
 11
979.48
 21
91.24
 31
0.0
  0
LINE
  5
40B
330
17
100
AcDbEntity
  8
LINES
100
AcDbLine
 10
984.4
 20
88.96000000000001
 30
0.0
 11
985.7199999999999
 21
88.96000000000001
 31
0.0
  0
LINE
  5
40C
330
17
100
AcDbEntity
  8
LINES
100
AcDbLine
 10
987.52
 20
88.47999999999999
 30
0.0
 11
988.5999999999999
 21
88.47999999999999
 31
0.0
  0
LINE
  5
40D
330
17
100
AcDbEntity
  8
LINES
100
AcDbLine
 10
988.8399999999999
 20
86.19999999999999
 30
0.0
 11
989.8
 21
88.47999999999999
 31
0.0
  0
LINE
  5
40E
330
17
100
AcDbEntity
  8
LINES
100
AcDbLine
 10
992.4399999999999
 20
86.19999999999999
 30
0.0
 11
992.4399999999999
 21
88.72
 31
0.0
  0
LINE
  5
40F
330
17
100
AcDbEntity
  8
LINES
100
AcDbLine
 10
996.88
 20
88.47999999999999
 30
0.0
 11
997.9599999999999
 21
88.47999999999999
 31
0.0
  0
LINE
  5
410
330
17
100
AcDbEntity
  8
LINES
100
AcDbLine
 10
1000.48
 20
88.47999999999999
 30
0.0
 11
1001.56
 21
88.47999999999999
 31
0.0
  0
LINE
  5
411
330
17
100
AcDbEntity
  8
LINES
100
AcDbLine
 10
1001.8
 20
86.19999999999999
 30
0.0
 11
1002.64
 21
88.47999999999999
 31
0.0
  0
LINE
  5
412
330
17
100
AcDbEntity
  8
LINES
100
AcDbLine
 10
1003.9599999999999
 20
87.64
 30
0.0
 11
1003.9599999999999
 21
89.8
 31
0.0
  0
LINE
  5
413
330
17
100
AcDbEntity
  8
LINES
100
AcDbLine
 10
1006.24
 20
87.64
 30
0.0
 11
1006.24
 21
89.8
 31
0.0
  0
LINE
  5
414
330
17
100
AcDbEntity
  8
LINES
100
AcDbLine
 10
1007.56
 20
86.19999999999999
 30
0.0
 11
1008.04
 21
86.19999999999999
 31
0.0
  0
LINE
  5
415
330
17
100
AcDbEntity
  8
LINES
100
AcDbLine
 10
1008.88
 20
87.28
 30
0.0
 11
1008.88
 21
91.24
 31
0.0
  0
LINE
  5
416
330
17
100
AcDbEntity
  8
LINES
100
AcDbLine
 10
1010.3199999999999
 20
88.96000000000001
 30
0.0
 11
1011.64
 21
88.96000000000001
 31
0.0
  0
LINE
  5
417
330
17
100
AcDbEntity
  8
LINES
100
AcDbLine
 10
1014.4
 20
86.19999999999999
 30
0.0
 11
1015.12
 21
86.19999999999999
 31
0.0
  0
LINE
  5
418
330
17
100
AcDbEntity
  8
LINES
100
AcDbLine
 10
1013.4399999999999
 20
87.4
 30
0.0
 11
1013.4399999999999
 21
89.91999999999999
 31
0.0
  0
LINE
  5
419
330
17
100
AcDbEntity
  8
LINES
100
AcDbLine
 10
1014.4
 20
91.24
 30
0.0
 11
1015.12
 21
91.24
 31
0.0
  0
LINE
  5
41A
330
17
100
AcDbEntity
  8
LINES
100
AcDbLine
 10
1017.64
 20
86.19999999999999
 30
0.0
 11
1017.64
 21
91.24
 31
0.0
  0
LINE
  5
41B
330
17
100
AcDbEntity
  8
LINES
100
AcDbLine
 10
1016.56
 20
91.24
 30
0.0
 11
1018.7199999999999
 21
91.24
 31
0.0
  0
LINE
  5
41C
330
17
100
AcDbEntity
  8
LINES
100
AcDbLine
 10
880.0
 20
80.8
 30
0.0
 11
881.3199999999999
 21
80.8
 31
0.0
  0
LINE
  5
41D
330
17
100
AcDbEntity
  8
LINES
100
AcDbLine
 10
883.12
 20
80.19999999999999
 30
0.0
 11
884.1999999999999
 21
80.19999999999999
 31
0.0
  0
LINE
  5
41E
330
17
100
AcDbEntity
  8
LINES
100
AcDbLine
 10
887.68
 20
78.03999999999999
 30
0.0
 11
888.52
 21
78.03999999999999
 31
0.0
  0
LINE
  5
41F
330
17
100
AcDbEntity
  8
LINES
100
AcDbLine
 10
886.7199999999999
 20
79.24
 30
0.0
 11
886.7199999999999
 21
81.75999999999999
 31
0.0
  0
LINE
  5
420
330
17
100
AcDbEntity
  8
LINES
100
AcDbLine
 10
887.68
 20
83.08
 30
0.0
 11
888.52
 21
83.08
 31
0.0
  0
LINE
  5
421
330
17
100
AcDbEntity
  8
LINES
100
AcDbLine
 10
890.8
 20
78.03999999999999
 30
0.0
 11
891.64
 21
78.03999999999999
 31
0.0
  0
LINE
  5
422
330
17
100
AcDbEntity
  8
LINES
100
AcDbLine
 10
889.8399999999999
 20
79.24
 30
0.0
 11
889.8399999999999
 21
81.75999999999999
 31
0.0
  0
LINE
  5
423
330
17
100
AcDbEntity
  8
LINES
100
AcDbLine
 10
890.8
 20
83.08
 30
0.0
 11
891.64
 21
83.08
 31
0.0
  0
LINE
  5
424
330
17
100
AcDbEntity
  8
LINES
100
AcDbLine
 10
892.9599999999999
 20
79.72
 30
0.0
 11
894.76
 21
79.72
 31
0.0
  0
LINE
  5
425
330
17
100
AcDbEntity
  8
LINES
100
AcDbLine
 10
896.0799999999999
 20
79.12
 30
0.0
 11
896.0799999999999
 21
80.8
 31
0.0
  0
LINE
  5
426
330
17
100
AcDbEntity
  8
LINES
100
AcDbLine
 10
897.88
 20
79.12
 30
0.0
 11
897.88
 21
79.72
 31
0.0
  0
LINE
  5
427
330
17
100
AcDbEntity
  8
LINES
100
AcDbLine
 10
896.0799999999999
 20
80.8
 30
0.0
 11
896.92
 21
80.8
 31
0.0
  0
LINE
  5
428
330
17
100
AcDbEntity
  8
LINES
100
AcDbLine
 10
901.0
 20
80.19999999999999
 30
0.0
 11
902.0799999999999
 21
80.19999999999999
 31
0.0
  0
LINE
  5
429
330
17
100
AcDbEntity
  8
LINES
100
AcDbLine
 10
904.9599999999999
 20
79.36
 30
0.0
 11
906.88
 21
79.36
 31
0.0
  0
LINE
  5
42A
330
17
100
AcDbEntity
  8
LINES
100
AcDbLine
 10
909.52
 20
78.03999999999999
 30
0.0
 11
910.36
 21
78.03999999999999
 31
0.0
  0
LINE
  5
42B
330
17
100
AcDbEntity
  8
LINES
100
AcDbLine
 10
908.56
 20
79.24
 30
0.0
 11
908.56
 21
81.75999999999999
 31
0.0
  0
LINE
  5
42C
330
17
100
AcDbEntity
  8
LINES
100
AcDbLine
 10
909.52
 20
83.08
 30
0.0
 11
910.36
 21
83.08
 31
0.0
  0
LINE
  5
42D
330
17
100
AcDbEntity
  8
LINES
100
AcDbLine
 10
911.68
 20
78.03999999999999
 30
0.0
 11
911.68
 21
83.08
 31
0.0
  0
LINE
  5
42E
330
17
100
AcDbEntity
  8
LINES
100
AcDbLine
 10
911.68
 20
79.96000000000001
 30
0.0
 11
913.9599999999999
 21
83.08
 31
0.0
  0
LINE
  5
42F
330
17
100
AcDbEntity
  8
LINES
100
AcDbLine
 10
912.52
 20
78.03999999999999
 30
0.0
 11
913.9599999999999
 21
81.16
 31
0.0
  0
LINE
  5
430
330
17
100
AcDbEntity
  8
LINES
100
AcDbLine
 10
915.64
 20
79.36
 30
0.0
 11
917.56
 21
79.36
 31
0.0
  0
LINE
  5
431
330
17
100
AcDbEntity
  8
LINES
100
AcDbLine
 10
919.24
 20
79.36
 30
0.0
 11
919.24
 21
81.64
 31
0.0
  0
LINE
  5
432
330
17
100
AcDbEntity
  8
LINES
100
AcDbLine
 10
920.4399999999999
 20
83.08
 30
0.0
 11
921.52
 21
83.08
 31
0.0
  0
LINE
  5
433
330
17
100
AcDbEntity
  8
LINES
100
AcDbLine
 10
922.8399999999999
 20
80.8
 30
0.0
 11
924.16
 21
80.8
 31
0.0
  0
LINE
  5
434
330
17
100
AcDbEntity
  8
LINES
100
AcDbLine
 10
930.04
 20
80.08
 30
0.0
 11
931.24
 21
80.92
 31
0.0
  0
LINE
  5
435
330
17
100
AcDbEntity
  8
LINES
100
AcDbLine
 10
933.16
 20
79.36
 30
0.0
 11
933.16
 21
83.08
 31
0.0
  0
LINE
  5
436
330
17
100
AcDbEntity
  8
LINES
100
AcDbLine
 10
935.3199999999999
 20
79.36
 30
0.0
 11
935.3199999999999
 21
83.08
 31
0.0
  0
LINE
  5
437
330
17
100
AcDbEntity
  8
LINES
100
AcDbLine
 10
939.76
 20
80.19999999999999
 30
0.0
 11
940.9599999999999
 21
80.19999999999999
 31
0.0
  0
LINE
  5
438
330
17
100
AcDbEntity
  8
LINES
100
AcDbLine
 10
943.36
 20
78.03999999999999
 30
0.0
 11
943.36
 21
83.08
 31
0.0
  0
LINE
  5
439
330
17
100
AcDbEntity
  8
LINES
100
AcDbLine
 10
943.36
 20
80.8
 30
0.0
 11
945.64
 21
80.8
 31
0.0
  0
LINE
  5
43A
330
17
100
AcDbEntity
  8
LINES
100
AcDbLine
 10
945.64
 20
78.03999999999999
 30
0.0
 11
945.64
 21
83.08
 31
0.0
  0
LINE
  5
43B
330
17
100
AcDbEntity
  8
LINES
100
AcDbLine
 10
946.9599999999999
 20
79.36
 30
0.0
 11
946.9599999999999
 21
83.08
 31
0.0
  0
LINE
  5
43C
330
17
100
AcDbEntity
  8
LINES
100
AcDbLine
 10
949.12
 20
79.36
 30
0.0
 11
949.12
 21
83.08
 31
0.0
  0
LINE
  5
43D
330
17
100
AcDbEntity
  8
LINES
100
AcDbLine
 10
950.56
 20
80.19999999999999
 30
0.0
 11
951.64
 21
80.19999999999999
 31
0.0
  0
LINE
  5
43E
330
17
100
AcDbEntity
  8
LINES
100
AcDbLine
 10
951.88
 20
78.03999999999999
 30
0.0
 11
952.7199999999999
 21
80.19999999999999
 31
0.0
  0
LINE
  5
43F
330
17
100
AcDbEntity
  8
LINES
100
AcDbLine
 10
955.8399999999999
 20
80.19999999999999
 30
0.0
 11
956.92
 21
80.19999999999999
 31
0.0
  0
LINE
  5
440
330
17
100
AcDbEntity
  8
LINES
100
AcDbLine
 10
957.16
 20
78.03999999999999
 30
0.0
 11
958.12
 21
80.19999999999999
 31
0.0
  0
LINE
  5
441
330
17
100
AcDbEntity
  8
LINES
100
AcDbLine
 10
959.4399999999999
 20
80.8
 30
0.0
 11
960.76
 21
80.8
 31
0.0
  0
LINE
  5
442
330
17
100
AcDbEntity
  8
LINES
100
AcDbLine
 10
963.52
 20
78.03999999999999
 30
0.0
 11
964.36
 21
78.03999999999999
 31
0.0
  0
LINE
  5
443
330
17
100
AcDbEntity
  8
LINES
100
AcDbLine
 10
962.56
 20
79.24
 30
0.0
 11
962.56
 21
81.75999999999999
 31
0.0
  0
LINE
  5
444
330
17
100
AcDbEntity
  8
LINES
100
AcDbLine
 10
963.52
 20
83.08
 30
0.0
 11
964.36
 21
83.08
 31
0.0
  0
LINE
  5
445
330
17
100
AcDbEntity
  8
LINES
100
AcDbLine
 10
965.68
 20
79.36
 30
0.0
 11
965.68
 21
81.64
 31
0.0
  0
LINE
  5
446
330
17
100
AcDbEntity
  8
LINES
100
AcDbLine
 10
967.8399999999999
 20
79.36
 30
0.0
 11
967.8399999999999
 21
81.64
 31
0.0
  0
LINE
  5
447
330
17
100
AcDbEntity
  8
LINES
100
AcDbLine
 10
973.24
 20
80.8
 30
0.0
 11
974.56
 21
80.8
 31
0.0
  0
LINE
  5
448
330
17
100
AcDbEntity
  8
LINES
100
AcDbLine
 10
976.36
 20
80.19999999999999
 30
0.0
 11
977.4399999999999
 21
80.19999999999999
 31
0.0
  0
LINE
  5
449
330
17
100
AcDbEntity
  8
LINES
100
AcDbLine
 10
977.68
 20
78.03999999999999
 30
0.0
 11
978.64
 21
80.19999999999999
 31
0.0
  0
LINE
  5
44A
330
17
100
AcDbEntity
  8
LINES
100
AcDbLine
 10
981.28
 20
78.03999999999999
 30
0.0
 11
981.28
 21
80.56
 31
0.0
  0
LINE
  5
44B
330
17
100
AcDbEntity
  8
LINES
100
AcDbLine
 10
985.7199999999999
 20
78.03999999999999
 30
0.0
 11
986.8
 21
78.03999999999999
 31
0.0
  0
LINE
  5
44C
330
17
100
AcDbEntity
  8
LINES
100
AcDbLine
 10
985.7199999999999
 20
80.8
 30
0.0
 11
986.8
 21
80.8
 31
0.0
  0
LINE
  5
44D
330
17
100
AcDbEntity
  8
LINES
100
AcDbLine
 10
992.4399999999999
 20
79.36
 30
0.0
 11
992.4399999999999
 21
81.64
 31
0.0
  0
LINE
  5
44E
330
17
100
AcDbEntity
  8
LINES
100
AcDbLine
 10
994.5999999999999
 20
79.36
 30
0.0
 11
994.5999999999999
 21
81.64
 31
0.0
  0
LINE
  5
44F
330
17
100
AcDbEntity
  8
LINES
100
AcDbLine
 10
997.0
 20
78.03999999999999
 30
0.0
 11
997.7199999999999
 21
78.03999999999999
 31
0.0
  0
LINE
  5
450
330
17
100
AcDbEntity
  8
LINES
100
AcDbLine
 10
996.04
 20
79.24
 30
0.0
 11
996.04
 21
81.75999999999999
 31
0.0
  0
LINE
  5
451
330
17
100
AcDbEntity
  8
LINES
100
AcDbLine
 10
997.0
 20
83.08
 30
0.0
 11
997.7199999999999
 21
83.08
 31
0.0
  0
LINE
  5
452
330
17
100
AcDbEntity
  8
LINES
100
AcDbLine
 10
999.16
 20
78.03999999999999
 30
0.0
 11
999.16
 21
83.08
 31
0.0
  0
LINE
  5
453
330
17
100
AcDbEntity
  8
LINES
100
AcDbLine
 10
999.16
 20
79.96000000000001
 30
0.0
 11
1001.3199999999999
 21
83.08
 31
0.0
  0
LINE
  5
454
330
17
100
AcDbEntity
  8
LINES
100
AcDbLine
 10
1000.0
 20
78.03999999999999
 30
0.0
 11
1001.3199999999999
 21
81.16
 31
0.0
  0
LINE
  5
455
330
17
100
AcDbEntity
  8
LINES
100
AcDbLine
 10
1004.4399999999999
 20
76.96000000000001
 30
0.0
 11
1004.68
 21
78.03999999999999
 31
0.0
  0
LINE
  5
456
330
17
100
AcDbEntity
  8
LINES
100
AcDbLine
 10
1007.8
 20
80.19999999999999
 30
0.0
 11
1009.0
 21
80.19999999999999
 31
0.0
  0
LINE
  5
457
330
17
100
AcDbEntity
  8
LINES
100
AcDbLine
 10
1011.76
 20
79.36
 30
0.0
 11
1013.68
 21
79.36
 31
0.0
  0
LINE
  5
458
330
17
100
AcDbEntity
  8
LINES
100
AcDbLine
 10
1016.4399999999999
 20
78.03999999999999
 30
0.0
 11
1017.16
 21
78.03999999999999
 31
0.0
  0
LINE
  5
459
330
17
100
AcDbEntity
  8
LINES
100
AcDbLine
 10
1015.36
 20
79.24
 30
0.0
 11
1015.36
 21
81.75999999999999
 31
0.0
  0
LINE
  5
45A
330
17
100
AcDbEntity
  8
LINES
100
AcDbLine
 10
1016.4399999999999
 20
83.08
 30
0.0
 11
1017.16
 21
83.08
 31
0.0
  0
LINE
  5
45B
330
17
100
AcDbEntity
  8
LINES
100
AcDbLine
 10
1018.48
 20
78.03999999999999
 30
0.0
 11
1018.48
 21
83.08
 31
0.0
  0
LINE
  5
45C
330
17
100
AcDbEntity
  8
LINES
100
AcDbLine
 10
1018.48
 20
80.8
 30
0.0
 11
1020.76
 21
80.8
 31
0.0
  0
LINE
  5
45D
330
17
100
AcDbEntity
  8
LINES
100
AcDbLine
 10
1020.76
 20
78.03999999999999
 30
0.0
 11
1020.76
 21
83.08
 31
0.0
  0
LINE
  5
45E
330
17
100
AcDbEntity
  8
LINES
100
AcDbLine
 10
1022.0799999999999
 20
80.19999999999999
 30
0.0
 11
1023.16
 21
80.19999999999999
 31
0.0
  0
LINE
  5
45F
330
17
100
AcDbEntity
  8
LINES
100
AcDbLine
 10
1026.04
 20
79.36
 30
0.0
 11
1027.96
 21
79.36
 31
0.0
  0
LINE
  5
460
330
17
100
AcDbEntity
  8
LINES
100
AcDbLine
 10
1029.6399999999999
 20
78.03999999999999
 30
0.0
 11
1030.7199999999998
 21
78.03999999999999
 31
0.0
  0
LINE
  5
461
330
17
100
AcDbEntity
  8
LINES
100
AcDbLine
 10
1031.92
 20
79.6
 30
0.0
 11
1031.92
 21
81.52
 31
0.0
  0
LINE
  5
462
330
17
100
AcDbEntity
  8
LINES
100
AcDbLine
 10
1033.24
 20
80.19999999999999
 30
0.0
 11
1034.32
 21
80.19999999999999
 31
0.0
  0
LINE
  5
463
330
17
100
AcDbEntity
  8
LINES
100
AcDbLine
 10
1034.56
 20
78.03999999999999
 30
0.0
 11
1035.52
 21
80.19999999999999
 31
0.0
  0
LINE
  5
464
330
17
100
AcDbEntity
  8
LINES
100
AcDbLine
 10
1037.1999999999998
 20
79.36
 30
0.0
 11
1039.12
 21
79.36
 31
0.0
  0
LINE
  5
465
330
17
100
AcDbEntity
  8
LINES
100
AcDbLine
 10
1040.8
 20
76.96000000000001
 30
0.0
 11
1041.04
 21
78.03999999999999
 31
0.0
  0
LINE
  5
466
330
17
100
AcDbEntity
  8
LINES
100
AcDbLine
 10
1044.1599999999999
 20
80.19999999999999
 30
0.0
 11
1045.24
 21
80.19999999999999
 31
0.0
  0
LINE
  5
467
330
17
100
AcDbEntity
  8
LINES
100
AcDbLine
 10
1045.48
 20
78.03999999999999
 30
0.0
 11
1046.44
 21
80.19999999999999
 31
0.0
  0
LINE
  5
468
330
17
100
AcDbEntity
  8
LINES
100
AcDbLine
 10
1048.12
 20
79.36
 30
0.0
 11
1050.04
 21
79.36
 31
0.0
  0
LINE
  5
469
330
17
100
AcDbEntity
  8
LINES
100
AcDbLine
 10
1051.72
 20
78.03999999999999
 30
0.0
 11
1052.2
 21
78.03999999999999
 31
0.0
  0
LINE
  5
46A
330
17
100
AcDbEntity
  8
LINES
100
AcDbLine
 10
1053.04
 20
79.12
 30
0.0
 11
1053.04
 21
83.08
 31
0.0
  0
LINE
  5
46B
330
17
100
AcDbEntity
  8
LINES
100
AcDbLine
 10
1054.84
 20
79.36
 30
0.0
 11
1056.76
 21
79.36
 31
0.0
  0
LINE
  5
46C
330
17
100
AcDbEntity
  8
LINES
100
AcDbLine
 10
1058.92
 20
80.08
 30
0.0
 11
1060.24
 21
80.92
 31
0.0
  0
LINE
  5
46D
330
17
100
AcDbEntity
  8
LINES
100
AcDbLine
 10
1063.12
 20
78.03999999999999
 30
0.0
 11
1063.12
 21
83.08
 31
0.0
  0
LINE
  5
46E
330
17
100
AcDbEntity
  8
LINES
100
AcDbLine
 10
1062.04
 20
83.08
 30
0.0
 11
1064.2
 21
83.08
 31
0.0
  0
LINE
  5
46F
330
17
100
AcDbEntity
  8
LINES
100
AcDbLine
 10
1065.6399999999999
 20
78.03999999999999
 30
0.0
 11
1065.6399999999999
 21
83.08
 31
0.0
  0
LINE
  5
470
330
17
100
AcDbEntity
  8
LINES
100
AcDbLine
 10
1065.6399999999999
 20
80.8
 30
0.0
 11
1067.8
 21
80.8
 31
0.0
  0
LINE
  5
471
330
17
100
AcDbEntity
  8
LINES
100
AcDbLine
 10
1067.8
 20
78.03999999999999
 30
0.0
 11
1067.8
 21
83.08
 31
0.0
  0
LINE
  5
472
330
17
100
AcDbEntity
  8
LINES
100
AcDbLine
 10
1069.6
 20
79.36
 30
0.0
 11
1071.3999999999999
 21
79.36
 31
0.0
  0
LINE
  5
473
330
17
100
AcDbEntity
  8
LINES
100
AcDbLine
 10
1076.68
 20
76.96000000000001
 30
0.0
 11
1076.92
 21
78.03999999999999
 31
0.0
  0
LINE
  5
474
330
17
100
AcDbEntity
  8
LINES
100
AcDbLine
 10
1078.24
 20
78.03999999999999
 30
0.0
 11
1078.24
 21
83.08
 31
0.0
  0
LINE
  5
475
330
17
100
AcDbEntity
  8
LINES
100
AcDbLine
 10
1083.1599999999999
 20
78.03999999999999
 30
0.0
 11
1084.24
 21
78.03999999999999
 31
0.0
  0
LINE
  5
476
330
17
100
AcDbEntity
  8
LINES
100
AcDbLine
 10
1085.44
 20
79.6
 30
0.0
 11
1085.44
 21
81.52
 31
0.0
  0
LINE
  5
477
330
17
100
AcDbEntity
  8
LINES
100
AcDbLine
 10
1086.76
 20
78.03999999999999
 30
0.0
 11
1086.76
 21
83.08
 31
0.0
  0
LINE
  5
478
330
17
100
AcDbEntity
  8
LINES
100
AcDbLine
 10
1088.44
 20
79.36
 30
0.0
 11
1090.36
 21
79.36
 31
0.0
  0
LINE
  5
479
330
17
100
AcDbEntity
  8
LINES
100
AcDbLine
 10
855.88
 20
39.519999999999996
 30
0.0
 11
855.88
 21
66.75999999999999
 31
0.0
  0
LINE
  5
47A
330
17
100
AcDbEntity
  8
LINES
100
AcDbLine
 10
1076.92
 20
39.519999999999996
 30
0.0
 11
1076.92
 21
66.75999999999999
 31
0.0
  0
LINE
  5
47B
330
17
100
AcDbEntity
  8
LINES
100
AcDbLine
 10
1080.52
 20
43.96
 30
0.0
 11
1081.72
 21
44.8
 31
0.0
  0
LINE
  5
47C
330
17
100
AcDbEntity
  8
LINES
100
AcDbLine
 10
1083.52
 20
41.8
 30
0.0
 11
1083.52
 21
46.84
 31
0.0
  0
LINE
  5
47D
330
17
100
AcDbEntity
  8
LINES
100
AcDbLine
 10
1083.52
 20
44.68
 30
0.0
 11
1085.8
 21
44.68
 31
0.0
  0
LINE
  5
47E
330
17
100
AcDbEntity
  8
LINES
100
AcDbLine
 10
1085.8
 20
41.8
 30
0.0
 11
1085.8
 21
46.84
 31
0.0
  0
LINE
  5
47F
330
17
100
AcDbEntity
  8
LINES
100
AcDbLine
 10
1087.12
 20
44.68
 30
0.0
 11
1088.44
 21
44.68
 31
0.0
  0
LINE
  5
480
330
17
100
AcDbEntity
  8
LINES
100
AcDbLine
 10
1090.24
 20
44.68
 30
0.0
 11
1091.56
 21
44.68
 31
0.0
  0
LINE
  5
481
330
17
100
AcDbEntity
  8
LINES
100
AcDbLine
 10
1094.56
 20
41.8
 30
0.0
 11
1094.56
 21
46.84
 31
0.0
  0
LINE
  5
482
330
17
100
AcDbEntity
  8
LINES
100
AcDbLine
 10
1093.36
 20
46.84
 30
0.0
 11
1095.6399999999999
 21
46.84
 31
0.0
  0
LINE
  5
483
330
17
100
AcDbEntity
  8
LINES
100
AcDbLine
 10
1100.56
 20
43.24
 30
0.0
 11
1100.56
 21
45.519999999999996
 31
0.0
  0
LINE
  5
484
330
17
100
AcDbEntity
  8
LINES
100
AcDbLine
 10
1102.72
 20
43.24
 30
0.0
 11
1102.72
 21
45.519999999999996
 31
0.0
  0
LINE
  5
485
330
17
100
AcDbEntity
  8
LINES
100
AcDbLine
 10
1104.04
 20
42.4
 30
0.0
 11
1104.04
 21
42.64
 31
0.0
  0
LINE
  5
486
330
17
100
AcDbEntity
  8
LINES
100
AcDbLine
 10
1104.04
 20
44.32
 30
0.0
 11
1104.04
 21
44.68
 31
0.0
  0
LINE
  5
487
330
17
100
AcDbEntity
  8
LINES
100
AcDbLine
 10
1079.8
 20
52.84
 30
0.0
 11
1080.8799999999999
 21
52.84
 31
0.0
  0
LINE
  5
488
330
17
100
AcDbEntity
  8
LINES
100
AcDbLine
 10
1081.12
 20
50.68
 30
0.0
 11
1082.08
 21
52.84
 31
0.0
  0
LINE
  5
489
330
17
100
AcDbEntity
  8
LINES
100
AcDbLine
 10
1083.3999999999999
 20
53.44
 30
0.0
 11
1084.72
 21
53.44
 31
0.0
  0
LINE
  5
48A
330
17
100
AcDbEntity
  8
LINES
100
AcDbLine
 10
1090.48
 20
50.68
 30
0.0
 11
1090.48
 21
50.92
 31
0.0
  0
LINE
  5
48B
330
17
100
AcDbEntity
  8
LINES
100
AcDbLine
 10
1093.6
 20
51.16
 30
0.0
 11
1093.6
 21
51.519999999999996
 31
0.0
  0
LINE
  5
48C
330
17
100
AcDbEntity
  8
LINES
100
AcDbLine
 10
1093.6
 20
53.2
 30
0.0
 11
1093.6
 21
53.44
 31
0.0
  0
LINE
  5
48D
330
17
100
AcDbEntity
  8
LINES
100
AcDbLine
 10
829.0
 20
50.8
 30
0.0
 11
829.0
 21
55.84
 31
0.0
  0
LINE
  5
48E
330
17
100
AcDbEntity
  8
LINES
100
AcDbLine
 10
833.92
 20
53.68
 30
0.0
 11
835.36
 21
53.68
 31
0.0
  0
LINE
  5
48F
330
17
100
AcDbEntity
  8
LINES
100
AcDbLine
 10
842.4399999999999
 20
52.239999999999995
 30
0.0
 11
842.4399999999999
 21
54.4
 31
0.0
  0
LINE
  5
490
330
17
100
AcDbEntity
  8
LINES
100
AcDbLine
 10
844.7199999999999
 20
52.239999999999995
 30
0.0
 11
844.7199999999999
 21
54.4
 31
0.0
  0
LINE
  5
491
330
17
100
AcDbEntity
  8
LINES
100
AcDbLine
 10
846.04
 20
50.8
 30
0.0
 11
846.04
 21
51.16
 31
0.0
  0
LINE
  5
492
330
17
100
AcDbEntity
  8
LINES
100
AcDbLine
 10
825.52
 20
62.2
 30
0.0
 11
826.6
 21
62.2
 31
0.0
  0
LINE
  5
493
330
17
100
AcDbEntity
  8
LINES
100
AcDbLine
 10
830.0799999999999
 20
60.16
 30
0.0
 11
831.76
 21
61.599999999999994
 31
0.0
  0
LINE
  5
494
330
17
100
AcDbEntity
  8
LINES
100
AcDbLine
 10
829.12
 20
61.12
 30
0.0
 11
830.56
 21
63.64
 31
0.0
  0
LINE
  5
495
330
17
100
AcDbEntity
  8
LINES
100
AcDbLine
 10
829.36
 20
59.92
 30
0.0
 11
831.28
 21
63.64
 31
0.0
  0
LINE
  5
496
330
17
100
AcDbEntity
  8
LINES
100
AcDbLine
 10
833.0799999999999
 20
59.92
 30
0.0
 11
833.0799999999999
 21
64.96000000000001
 31
0.0
  0
LINE
  5
497
330
17
100
AcDbEntity
  8
LINES
100
AcDbLine
 10
834.4
 20
59.92
 30
0.0
 11
835.48
 21
59.92
 31
0.0
  0
LINE
  5
498
330
17
100
AcDbEntity
  8
LINES
100
AcDbLine
 10
836.68
 20
61.480000000000004
 30
0.0
 11
836.68
 21
63.4
 31
0.0
  0
LINE
  5
499
330
17
100
AcDbEntity
  8
LINES
100
AcDbLine
 10
845.0799999999999
 20
61.36
 30
0.0
 11
845.0799999999999
 21
63.519999999999996
 31
0.0
  0
LINE
  5
49A
330
17
100
AcDbEntity
  8
LINES
100
AcDbLine
 10
847.36
 20
61.36
 30
0.0
 11
847.36
 21
63.519999999999996
 31
0.0
  0
LINE
  5
49B
330
17
100
AcDbEntity
  8
LINES
100
AcDbLine
 10
848.68
 20
59.92
 30
0.0
 11
848.68
 21
60.16
 31
0.0
  0
LINE
  5
49C
330
17
100
AcDbEntity
  8
LINES
100
AcDbLine
 10
59.199999999999996
 20
49.480000000000004
 30
0.0
 11
60.519999999999996
 21
49.480000000000004
 31
0.0
  0
LINE
  5
49D
330
17
100
AcDbEntity
  8
LINES
100
AcDbLine
 10
64.12
 20
48.519999999999996
 30
0.0
 11
64.84
 21
48.519999999999996
 31
0.0
  0
LINE
  5
49E
330
17
100
AcDbEntity
  8
LINES
100
AcDbLine
 10
65.68
 20
49.599999999999994
 30
0.0
 11
65.68
 21
50.92
 31
0.0
  0
LINE
  5
49F
330
17
100
AcDbEntity
  8
LINES
100
AcDbLine
 10
68.44
 20
48.519999999999996
 30
0.0
 11
69.03999999999999
 21
48.519999999999996
 31
0.0
  0
LINE
  5
4A0
330
17
100
AcDbEntity
  8
LINES
100
AcDbLine
 10
67.72
 20
49.36
 30
0.0
 11
67.72
 21
51.16
 31
0.0
  0
LINE
  5
4A1
330
17
100
AcDbEntity
  8
LINES
100
AcDbLine
 10
68.44
 20
52.0
 30
0.0
 11
69.03999999999999
 21
52.0
 31
0.0
  0
LINE
  5
4A2
330
17
100
AcDbEntity
  8
LINES
100
AcDbLine
 10
70.6
 20
48.519999999999996
 30
0.0
 11
71.08
 21
48.519999999999996
 31
0.0
  0
LINE
  5
4A3
330
17
100
AcDbEntity
  8
LINES
100
AcDbLine
 10
69.88
 20
49.36
 30
0.0
 11
69.88
 21
51.16
 31
0.0
  0
LINE
  5
4A4
330
17
100
AcDbEntity
  8
LINES
100
AcDbLine
 10
70.6
 20
52.0
 30
0.0
 11
71.08
 21
52.0
 31
0.0
  0
LINE
  5
4A5
330
17
100
AcDbEntity
  8
LINES
100
AcDbLine
 10
72.03999999999999
 20
48.519999999999996
 30
0.0
 11
72.75999999999999
 21
48.519999999999996
 31
0.0
  0
LINE
  5
4A6
330
17
100
AcDbEntity
  8
LINES
100
AcDbLine
 10
72.03999999999999
 20
50.44
 30
0.0
 11
72.75999999999999
 21
50.44
 31
0.0
  0
LINE
  5
4A7
330
17
100
AcDbEntity
  8
LINES
100
AcDbLine
 10
74.44
 20
48.519999999999996
 30
0.0
 11
75.16
 21
48.519999999999996
 31
0.0
  0
LINE
  5
4A8
330
17
100
AcDbEntity
  8
LINES
100
AcDbLine
 10
76.0
 20
49.599999999999994
 30
0.0
 11
76.0
 21
50.92
 31
0.0
  0
LINE
  5
4A9
330
17
100
AcDbEntity
  8
LINES
100
AcDbLine
 10
78.52
 20
49.96
 30
0.0
 11
79.36
 21
50.56
 31
0.0
  0
LINE
  5
4AA
330
17
100
AcDbEntity
  8
LINES
100
AcDbLine
 10
80.56
 20
50.44
 30
0.0
 11
81.52
 21
50.44
 31
0.0
  0
LINE
  5
4AB
330
17
100
AcDbEntity
  8
LINES
100
AcDbLine
 10
82.72
 20
50.08
 30
0.0
 11
83.44
 21
50.08
 31
0.0
  0
LINE
  5
4AC
330
17
100
AcDbEntity
  8
LINES
100
AcDbLine
 10
83.56
 20
48.519999999999996
 30
0.0
 11
84.28
 21
50.08
 31
0.0
  0
LINE
  5
4AD
330
17
100
AcDbEntity
  8
LINES
100
AcDbLine
 10
87.88
 20
48.519999999999996
 30
0.0
 11
87.88
 21
52.0
 31
0.0
  0
LINE
  5
4AE
330
17
100
AcDbEntity
  8
LINES
100
AcDbLine
 10
89.44
 20
48.519999999999996
 30
0.0
 11
90.03999999999999
 21
48.519999999999996
 31
0.0
  0
LINE
  5
4AF
330
17
100
AcDbEntity
  8
LINES
100
AcDbLine
 10
88.84
 20
49.36
 30
0.0
 11
88.84
 21
51.16
 31
0.0
  0
LINE
  5
4B0
330
17
100
AcDbEntity
  8
LINES
100
AcDbLine
 10
89.44
 20
52.0
 30
0.0
 11
90.03999999999999
 21
52.0
 31
0.0
  0
LINE
  5
4B1
330
17
100
AcDbEntity
  8
LINES
100
AcDbLine
 10
90.88
 20
50.44
 30
0.0
 11
91.84
 21
50.44
 31
0.0
  0
LINE
  5
4B2
330
17
100
AcDbEntity
  8
LINES
100
AcDbLine
 10
93.39999999999999
 20
49.96
 30
0.0
 11
94.24
 21
50.56
 31
0.0
  0
LINE
  5
4B3
330
17
100
AcDbEntity
  8
LINES
100
AcDbLine
 10
95.56
 20
47.8
 30
0.0
 11
95.67999999999999
 21
48.519999999999996
 31
0.0
  0
LINE
  5
4B4
330
17
100
AcDbEntity
  8
LINES
100
AcDbLine
 10
97.84
 20
49.480000000000004
 30
0.0
 11
97.84
 21
52.0
 31
0.0
  0
LINE
  5
4B5
330
17
100
AcDbEntity
  8
LINES
100
AcDbLine
 10
99.28
 20
49.480000000000004
 30
0.0
 11
99.28
 21
52.0
 31
0.0
  0
LINE
  5
4B6
330
17
100
AcDbEntity
  8
LINES
100
AcDbLine
 10
100.6
 20
49.96
 30
0.0
 11
101.44
 21
50.56
 31
0.0
  0
LINE
  5
4B7
330
17
100
AcDbEntity
  8
LINES
100
AcDbLine
 10
102.64
 20
50.44
 30
0.0
 11
103.6
 21
50.44
 31
0.0
  0
LINE
  5
4B8
330
17
100
AcDbEntity
  8
LINES
100
AcDbLine
 10
106.0
 20
48.519999999999996
 30
0.0
 11
106.84
 21
48.519999999999996
 31
0.0
  0
LINE
  5
4B9
330
17
100
AcDbEntity
  8
LINES
100
AcDbLine
 10
106.0
 20
50.44
 30
0.0
 11
106.84
 21
50.44
 31
0.0
  0
LINE
  5
4BA
330
17
100
AcDbEntity
  8
LINES
100
AcDbLine
 10
113.8
 20
48.519999999999996
 30
0.0
 11
113.8
 21
50.08
 31
0.0
  0
LINE
  5
4BB
330
17
100
AcDbEntity
  8
LINES
100
AcDbLine
 10
115.11999999999999
 20
49.72
 30
0.0
 11
116.32
 21
49.72
 31
0.0
  0
LINE
  5
4BC
330
17
100
AcDbEntity
  8
LINES
100
AcDbLine
 10
123.64
 20
49.72
 30
0.0
 11
124.96
 21
49.72
 31
0.0
  0
LINE
  5
4BD
330
17
100
AcDbEntity
  8
LINES
100
AcDbLine
 10
127.0
 20
49.239999999999995
 30
0.0
 11
127.0
 21
49.72
 31
0.0
  0
LINE
  5
4BE
330
17
100
AcDbEntity
  8
LINES
100
AcDbLine
 10
125.8
 20
49.239999999999995
 30
0.0
 11
125.8
 21
49.72
 31
0.0
  0
LINE
  5
4BF
330
17
100
AcDbEntity
  8
LINES
100
AcDbLine
 10
130.12
 20
49.72
 30
0.0
 11
131.32
 21
49.72
 31
0.0
  0
LINE
  5
4C0
330
17
100
AcDbEntity
  8
LINES
100
AcDbLine
 10
133.24
 20
48.519999999999996
 30
0.0
 11
133.24
 21
50.08
 31
0.0
  0
LINE
  5
4C1
330
17
100
AcDbEntity
  8
LINES
100
AcDbLine
 10
135.76
 20
48.519999999999996
 30
0.0
 11
135.76
 21
50.08
 31
0.0
  0
LINE
  5
4C2
330
17
100
AcDbEntity
  8
LINES
100
AcDbLine
 10
137.07999999999998
 20
49.72
 30
0.0
 11
138.28
 21
49.72
 31
0.0
  0
LINE
  5
4C3
330
17
100
AcDbEntity
  8
LINES
100
AcDbLine
 10
139.24
 20
48.519999999999996
 30
0.0
 11
139.24
 21
52.0
 31
0.0
  0
LINE
  5
4C4
330
17
100
AcDbEntity
  8
LINES
100
AcDbLine
 10
142.24
 20
49.72
 30
0.0
 11
143.56
 21
49.72
 31
0.0
  0
LINE
  5
4C5
330
17
100
AcDbEntity
  8
LINES
100
AcDbLine
 10
144.76
 20
49.96
 30
0.0
 11
145.6
 21
50.56
 31
0.0
  0
LINE
  5
4C6
330
17
100
AcDbEntity
  8
LINES
100
AcDbLine
 10
152.2
 20
48.519999999999996
 30
0.0
 11
152.2
 21
50.08
 31
0.0
  0
LINE
  5
4C7
330
17
100
AcDbEntity
  8
LINES
100
AcDbLine
 10
55.24
 20
43.12
 30
0.0
 11
55.24
 21
43.480000000000004
 31
0.0
  0
LINE
  5
4C8
330
17
100
AcDbEntity
  8
LINES
100
AcDbLine
 10
54.04
 20
43.12
 30
0.0
 11
54.04
 21
43.480000000000004
 31
0.0
  0
LINE
  5
4C9
330
17
100
AcDbEntity
  8
LINES
100
AcDbLine
 10
56.08
 20
42.4
 30
0.0
 11
56.08
 21
42.519999999999996
 31
0.0
  0
LINE
  5
4CA
330
17
100
AcDbEntity
  8
LINES
100
AcDbLine
 10
58.239999999999995
 20
43.84
 30
0.0
 11
58.96
 21
43.84
 31
0.0
  0
LINE
  5
4CB
330
17
100
AcDbEntity
  8
LINES
100
AcDbLine
 10
60.64
 20
42.4
 30
0.0
 11
60.64
 21
45.76
 31
0.0
  0
LINE
  5
4CC
330
17
100
AcDbEntity
  8
LINES
100
AcDbLine
 10
61.6
 20
43.84
 30
0.0
 11
62.32
 21
43.84
 31
0.0
  0
LINE
  5
4CD
330
17
100
AcDbEntity
  8
LINES
100
AcDbLine
 10
64.0
 20
42.4
 30
0.0
 11
64.0
 21
45.76
 31
0.0
  0
LINE
  5
4CE
330
17
100
AcDbEntity
  8
LINES
100
AcDbLine
 10
67.36
 20
43.36
 30
0.0
 11
67.36
 21
44.8
 31
0.0
  0
LINE
  5
4CF
330
17
100
AcDbEntity
  8
LINES
100
AcDbLine
 10
68.19999999999999
 20
45.76
 30
0.0
 11
68.91999999999999
 21
45.76
 31
0.0
  0
LINE
  5
4D0
330
17
100
AcDbEntity
  8
LINES
100
AcDbLine
 10
71.8
 20
42.4
 30
0.0
 11
72.28
 21
42.4
 31
0.0
  0
LINE
  5
4D1
330
17
100
AcDbEntity
  8
LINES
100
AcDbLine
 10
71.08
 20
43.24
 30
0.0
 11
71.08
 21
44.92
 31
0.0
  0
LINE
  5
4D2
330
17
100
AcDbEntity
  8
LINES
100
AcDbLine
 10
71.8
 20
45.76
 30
0.0
 11
72.28
 21
45.76
 31
0.0
  0
LINE
  5
4D3
330
17
100
AcDbEntity
  8
LINES
100
AcDbLine
 10
73.24
 20
43.36
 30
0.0
 11
73.24
 21
44.8
 31
0.0
  0
LINE
  5
4D4
330
17
100
AcDbEntity
  8
LINES
100
AcDbLine
 10
74.68
 20
43.36
 30
0.0
 11
74.68
 21
44.8
 31
0.0
  0
LINE
  5
4D5
330
17
100
AcDbEntity
  8
LINES
100
AcDbLine
 10
78.88
 20
42.4
 30
0.0
 11
78.88
 21
45.76
 31
0.0
  0
LINE
  5
4D6
330
17
100
AcDbEntity
  8
LINES
100
AcDbLine
 10
78.03999999999999
 20
45.76
 30
0.0
 11
79.6
 21
45.76
 31
0.0
  0
LINE
  5
4D7
330
17
100
AcDbEntity
  8
LINES
100
AcDbLine
 10
80.56
 20
43.84
 30
0.0
 11
81.28
 21
43.84
 31
0.0
  0
LINE
  5
4D8
330
17
100
AcDbEntity
  8
LINES
100
AcDbLine
 10
81.39999999999999
 20
42.4
 30
0.0
 11
82.0
 21
43.84
 31
0.0
  0
LINE
  5
4D9
330
17
100
AcDbEntity
  8
LINES
100
AcDbLine
 10
83.2
 20
43.36
 30
0.0
 11
84.52
 21
43.36
 31
0.0
  0
LINE
  5
4DA
330
17
100
AcDbEntity
  8
LINES
100
AcDbLine
 10
86.32
 20
42.4
 30
0.0
 11
86.92
 21
42.4
 31
0.0
  0
LINE
  5
4DB
330
17
100
AcDbEntity
  8
LINES
100
AcDbLine
 10
85.72
 20
43.24
 30
0.0
 11
85.72
 21
44.92
 31
0.0
  0
LINE
  5
4DC
330
17
100
AcDbEntity
  8
LINES
100
AcDbLine
 10
86.32
 20
45.76
 30
0.0
 11
86.92
 21
45.76
 31
0.0
  0
LINE
  5
4DD
330
17
100
AcDbEntity
  8
LINES
100
AcDbLine
 10
88.6
 20
42.4
 30
0.0
 11
88.6
 21
45.76
 31
0.0
  0
LINE
  5
4DE
330
17
100
AcDbEntity
  8
LINES
100
AcDbLine
 10
87.75999999999999
 20
45.76
 30
0.0
 11
89.32
 21
45.76
 31
0.0
  0
LINE
  5
4DF
330
17
100
AcDbEntity
  8
LINES
100
AcDbLine
 10
90.28
 20
43.36
 30
0.0
 11
90.28
 21
44.8
 31
0.0
  0
LINE
  5
4E0
330
17
100
AcDbEntity
  8
LINES
100
AcDbLine
 10
91.72
 20
43.36
 30
0.0
 11
91.72
 21
44.8
 31
0.0
  0
LINE
  5
4E1
330
17
100
AcDbEntity
  8
LINES
100
AcDbLine
 10
92.67999999999999
 20
43.84
 30
0.0
 11
93.39999999999999
 21
43.84
 31
0.0
  0
LINE
  5
4E2
330
17
100
AcDbEntity
  8
LINES
100
AcDbLine
 10
93.64
 20
42.4
 30
0.0
 11
94.24
 21
43.84
 31
0.0
  0
LINE
  5
4E3
330
17
100
AcDbEntity
  8
LINES
100
AcDbLine
 10
95.08
 20
42.4
 30
0.0
 11
96.39999999999999
 21
45.76
 31
0.0
  0
LINE
  5
4E4
330
17
100
AcDbEntity
  8
LINES
100
AcDbLine
 10
97.6
 20
43.84
 30
0.0
 11
98.44
 21
44.32
 31
0.0
  0
LINE
  5
4E5
330
17
100
AcDbEntity
  8
LINES
100
AcDbLine
 10
99.75999999999999
 20
43.36
 30
0.0
 11
99.75999999999999
 21
45.76
 31
0.0
  0
LINE
  5
4E6
330
17
100
AcDbEntity
  8
LINES
100
AcDbLine
 10
101.2
 20
43.36
 30
0.0
 11
101.2
 21
45.76
 31
0.0
  0
LINE
  5
4E7
330
17
100
AcDbEntity
  8
LINES
100
AcDbLine
 10
102.16
 20
42.4
 30
0.0
 11
102.88
 21
42.4
 31
0.0
  0
LINE
  5
4E8
330
17
100
AcDbEntity
  8
LINES
100
AcDbLine
 10
102.16
 20
44.32
 30
0.0
 11
102.88
 21
44.32
 31
0.0
  0
LINE
  5
4E9
330
17
100
AcDbEntity
  8
LINES
100
AcDbLine
 10
105.28
 20
42.4
 30
0.0
 11
105.75999999999999
 21
42.4
 31
0.0
  0
LINE
  5
4EA
330
17
100
AcDbEntity
  8
LINES
100
AcDbLine
 10
104.56
 20
43.24
 30
0.0
 11
104.56
 21
44.92
 31
0.0
  0
LINE
  5
4EB
330
17
100
AcDbEntity
  8
LINES
100
AcDbLine
 10
105.28
 20
45.76
 30
0.0
 11
105.75999999999999
 21
45.76
 31
0.0
  0
LINE
  5
4EC
330
17
100
AcDbEntity
  8
LINES
100
AcDbLine
 10
106.72
 20
43.36
 30
0.0
 11
106.72
 21
44.8
 31
0.0
  0
LINE
  5
4ED
330
17
100
AcDbEntity
  8
LINES
100
AcDbLine
 10
108.28
 20
43.36
 30
0.0
 11
108.28
 21
44.8
 31
0.0
  0
LINE
  5
4EE
330
17
100
AcDbEntity
  8
LINES
100
AcDbLine
 10
112.36
 20
42.4
 30
0.0
 11
112.36
 21
45.76
 31
0.0
  0
LINE
  5
4EF
330
17
100
AcDbEntity
  8
LINES
100
AcDbLine
 10
111.64
 20
45.76
 30
0.0
 11
113.08
 21
45.76
 31
0.0
  0
LINE
  5
4F0
330
17
100
AcDbEntity
  8
LINES
100
AcDbLine
 10
114.03999999999999
 20
43.84
 30
0.0
 11
114.75999999999999
 21
43.84
 31
0.0
  0
LINE
  5
4F1
330
17
100
AcDbEntity
  8
LINES
100
AcDbLine
 10
114.88
 20
42.4
 30
0.0
 11
115.6
 21
43.84
 31
0.0
  0
LINE
  5
4F2
330
17
100
AcDbEntity
  8
LINES
100
AcDbLine
 10
116.67999999999999
 20
43.36
 30
0.0
 11
118.0
 21
43.36
 31
0.0
  0
LINE
  5
4F3
330
17
100
AcDbEntity
  8
LINES
100
AcDbLine
 10
119.92
 20
42.4
 30
0.0
 11
120.39999999999999
 21
42.4
 31
0.0
  0
LINE
  5
4F4
330
17
100
AcDbEntity
  8
LINES
100
AcDbLine
 10
119.2
 20
43.24
 30
0.0
 11
119.2
 21
44.92
 31
0.0
  0
LINE
  5
4F5
330
17
100
AcDbEntity
  8
LINES
100
AcDbLine
 10
119.92
 20
45.76
 30
0.0
 11
120.39999999999999
 21
45.76
 31
0.0
  0
LINE
  5
4F6
330
17
100
AcDbEntity
  8
LINES
100
AcDbLine
 10
122.08
 20
42.4
 30
0.0
 11
122.08
 21
45.76
 31
0.0
  0
LINE
  5
4F7
330
17
100
AcDbEntity
  8
LINES
100
AcDbLine
 10
121.36
 20
45.76
 30
0.0
 11
122.92
 21
45.76
 31
0.0
  0
LINE
  5
4F8
330
17
100
AcDbEntity
  8
LINES
100
AcDbLine
 10
123.75999999999999
 20
43.36
 30
0.0
 11
123.75999999999999
 21
44.8
 31
0.0
  0
LINE
  5
4F9
330
17
100
AcDbEntity
  8
LINES
100
AcDbLine
 10
125.32
 20
43.36
 30
0.0
 11
125.32
 21
44.8
 31
0.0
  0
LINE
  5
4FA
330
17
100
AcDbEntity
  8
LINES
100
AcDbLine
 10
126.16
 20
43.84
 30
0.0
 11
127.0
 21
43.84
 31
0.0
  0
LINE
  5
4FB
330
17
100
AcDbEntity
  8
LINES
100
AcDbLine
 10
127.11999999999999
 20
42.4
 30
0.0
 11
127.72
 21
43.84
 31
0.0
  0
LINE
  5
4FC
330
17
100
AcDbEntity
  8
LINES
100
AcDbLine
 10
130.24
 20
43.84
 30
0.0
 11
131.07999999999998
 21
44.32
 31
0.0
  0
LINE
  5
4FD
330
17
100
AcDbEntity
  8
LINES
100
AcDbLine
 10
132.28
 20
42.4
 30
0.0
 11
132.28
 21
45.76
 31
0.0
  0
LINE
  5
4FE
330
17
100
AcDbEntity
  8
LINES
100
AcDbLine
 10
132.28
 20
44.32
 30
0.0
 11
133.83999999999997
 21
44.32
 31
0.0
  0
LINE
  5
4FF
330
17
100
AcDbEntity
  8
LINES
100
AcDbLine
 10
133.83999999999997
 20
42.4
 30
0.0
 11
133.83999999999997
 21
45.76
 31
0.0
  0
LINE
  5
500
330
17
100
AcDbEntity
  8
LINES
100
AcDbLine
 10
135.04
 20
43.36
 30
0.0
 11
136.36
 21
43.36
 31
0.0
  0
LINE
  5
501
330
17
100
AcDbEntity
  8
LINES
100
AcDbLine
 10
145.72
 20
44.32
 30
0.0
 11
146.68
 21
44.32
 31
0.0
  0
LINE
  5
502
330
17
100
AcDbEntity
  8
LINES
100
AcDbLine
 10
147.88
 20
43.84
 30
0.0
 11
148.6
 21
43.84
 31
0.0
  0
LINE
  5
503
330
17
100
AcDbEntity
  8
LINES
100
AcDbLine
 10
148.72
 20
42.4
 30
0.0
 11
149.32
 21
43.84
 31
0.0
  0
LINE
  5
504
330
17
100
AcDbEntity
  8
LINES
100
AcDbLine
 10
150.28
 20
42.4
 30
0.0
 11
150.28
 21
45.76
 31
0.0
  0
LINE
  5
505
330
17
100
AcDbEntity
  8
LINES
100
AcDbLine
 10
151.24
 20
44.32
 30
0.0
 11
152.44
 21
44.32
 31
0.0
  0
LINE
  5
506
330
17
100
AcDbEntity
  8
LINES
100
AcDbLine
 10
154.24
 20
42.4
 30
0.0
 11
154.24
 21
44.08
 31
0.0
  0
LINE
  5
507
330
17
100
AcDbEntity
  8
LINES
100
AcDbLine
 10
158.07999999999998
 20
42.4
 30
0.0
 11
158.07999999999998
 21
45.76
 31
0.0
  0
LINE
  5
508
330
17
100
AcDbEntity
  8
LINES
100
AcDbLine
 10
157.23999999999998
 20
45.76
 30
0.0
 11
158.79999999999998
 21
45.76
 31
0.0
  0
LINE
  5
509
330
17
100
AcDbEntity
  8
LINES
100
AcDbLine
 10
159.76
 20
42.4
 30
0.0
 11
159.76
 21
45.76
 31
0.0
  0
LINE
  5
50A
330
17
100
AcDbEntity
  8
LINES
100
AcDbLine
 10
159.76
 20
44.32
 30
0.0
 11
161.2
 21
44.32
 31
0.0
  0
LINE
  5
50B
330
17
100
AcDbEntity
  8
LINES
100
AcDbLine
 10
161.2
 20
42.4
 30
0.0
 11
161.2
 21
45.76
 31
0.0
  0
LINE
  5
50C
330
17
100
AcDbEntity
  8
LINES
100
AcDbLine
 10
162.16
 20
42.4
 30
0.0
 11
162.16
 21
45.76
 31
0.0
  0
LINE
  5
50D
330
17
100
AcDbEntity
  8
LINES
100
AcDbLine
 10
163.48
 20
43.84
 30
0.0
 11
164.32
 21
44.32
 31
0.0
  0
LINE
  5
50E
330
17
100
AcDbEntity
  8
LINES
100
AcDbLine
 10
166.72
 20
42.4
 30
0.0
 11
167.44
 21
42.4
 31
0.0
  0
LINE
  5
50F
330
17
100
AcDbEntity
  8
LINES
100
AcDbLine
 10
168.28
 20
43.36
 30
0.0
 11
168.28
 21
44.8
 31
0.0
  0
LINE
  5
510
330
17
100
AcDbEntity
  8
LINES
100
AcDbLine
 10
169.23999999999998
 20
43.84
 30
0.0
 11
169.96
 21
43.84
 31
0.0
  0
LINE
  5
511
330
17
100
AcDbEntity
  8
LINES
100
AcDbLine
 10
170.07999999999998
 20
42.4
 30
0.0
 11
170.68
 21
43.84
 31
0.0
  0
LINE
  5
512
330
17
100
AcDbEntity
  8
LINES
100
AcDbLine
 10
171.88
 20
43.36
 30
0.0
 11
173.2
 21
43.36
 31
0.0
  0
LINE
  5
513
330
17
100
AcDbEntity
  8
LINES
100
AcDbLine
 10
177.76
 20
42.4
 30
0.0
 11
177.76
 21
45.76
 31
0.0
  0
LINE
  5
514
330
17
100
AcDbEntity
  8
LINES
100
AcDbLine
 10
181.12
 20
43.36
 30
0.0
 11
181.12
 21
44.8
 31
0.0
  0
LINE
  5
515
330
17
100
AcDbEntity
  8
LINES
100
AcDbLine
 10
181.84
 20
45.76
 30
0.0
 11
182.56
 21
45.76
 31
0.0
  0
LINE
  5
516
330
17
100
AcDbEntity
  8
LINES
100
AcDbLine
 10
184.72
 20
44.32
 30
0.0
 11
185.92
 21
44.32
 31
0.0
  0
LINE
  5
517
330
17
100
AcDbEntity
  8
LINES
100
AcDbLine
 10
186.88
 20
43.36
 30
0.0
 11
186.88
 21
44.8
 31
0.0
  0
LINE
  5
518
330
17
100
AcDbEntity
  8
LINES
100
AcDbLine
 10
188.44
 20
43.36
 30
0.0
 11
188.44
 21
44.8
 31
0.0
  0
LINE
  5
519
330
17
100
AcDbEntity
  8
LINES
100
AcDbLine
 10
189.28
 20
43.84
 30
0.0
 11
190.0
 21
43.84
 31
0.0
  0
LINE
  5
51A
330
17
100
AcDbEntity
  8
LINES
100
AcDbLine
 10
190.23999999999998
 20
42.4
 30
0.0
 11
190.84
 21
43.84
 31
0.0
  0
LINE
  5
51B
330
17
100
AcDbEntity
  8
LINES
100
AcDbLine
 10
193.6
 20
42.4
 30
0.0
 11
194.2
 21
42.4
 31
0.0
  0
LINE
  5
51C
330
17
100
AcDbEntity
  8
LINES
100
AcDbLine
 10
193.0
 20
43.24
 30
0.0
 11
193.0
 21
44.92
 31
0.0
  0
LINE
  5
51D
330
17
100
AcDbEntity
  8
LINES
100
AcDbLine
 10
193.6
 20
45.76
 30
0.0
 11
194.2
 21
45.76
 31
0.0
  0
LINE
  5
51E
330
17
100
AcDbEntity
  8
LINES
100
AcDbLine
 10
195.04
 20
43.36
 30
0.0
 11
195.04
 21
44.8
 31
0.0
  0
LINE
  5
51F
330
17
100
AcDbEntity
  8
LINES
100
AcDbLine
 10
196.6
 20
43.36
 30
0.0
 11
196.6
 21
44.8
 31
0.0
  0
LINE
  5
520
330
17
100
AcDbEntity
  8
LINES
100
AcDbLine
 10
200.32
 20
43.84
 30
0.0
 11
201.04
 21
43.84
 31
0.0
  0
LINE
  5
521
330
17
100
AcDbEntity
  8
LINES
100
AcDbLine
 10
204.88
 20
42.4
 30
0.0
 11
204.88
 21
45.76
 31
0.0
  0
LINE
  5
522
330
17
100
AcDbEntity
  8
LINES
100
AcDbLine
 10
205.95999999999998
 20
43.36
 30
0.0
 11
207.28
 21
43.36
 31
0.0
  0
LINE
  5
523
330
17
100
AcDbEntity
  8
LINES
100
AcDbLine
 10
211.6
 20
42.4
 30
0.0
 11
212.2
 21
42.4
 31
0.0
  0
LINE
  5
524
330
17
100
AcDbEntity
  8
LINES
100
AcDbLine
 10
210.88
 20
43.24
 30
0.0
 11
210.88
 21
44.92
 31
0.0
  0
LINE
  5
525
330
17
100
AcDbEntity
  8
LINES
100
AcDbLine
 10
211.6
 20
45.76
 30
0.0
 11
212.2
 21
45.76
 31
0.0
  0
LINE
  5
526
330
17
100
AcDbEntity
  8
LINES
100
AcDbLine
 10
213.04
 20
44.32
 30
0.0
 11
214.0
 21
44.32
 31
0.0
  0
LINE
  5
527
330
17
100
AcDbEntity
  8
LINES
100
AcDbLine
 10
219.76
 20
43.84
 30
0.0
 11
220.48
 21
43.84
 31
0.0
  0
LINE
  5
528
330
17
100
AcDbEntity
  8
LINES
100
AcDbLine
 10
220.72
 20
42.4
 30
0.0
 11
221.32
 21
43.84
 31
0.0
  0
LINE
  5
529
330
17
100
AcDbEntity
  8
LINES
100
AcDbLine
 10
223.0
 20
42.4
 30
0.0
 11
223.0
 21
45.76
 31
0.0
  0
LINE
  5
52A
330
17
100
AcDbEntity
  8
LINES
100
AcDbLine
 10
222.16
 20
45.76
 30
0.0
 11
223.72
 21
45.76
 31
0.0
  0
LINE
  5
52B
330
17
100
AcDbEntity
  8
LINES
100
AcDbLine
 10
224.67999999999998
 20
42.4
 30
0.0
 11
224.67999999999998
 21
42.519999999999996
 31
0.0
  0
LINE
  5
52C
330
17
100
AcDbEntity
  8
LINES
100
AcDbLine
 10
227.56
 20
42.4
 30
0.0
 11
227.56
 21
45.76
 31
0.0
  0
LINE
  5
52D
330
17
100
AcDbEntity
  8
LINES
100
AcDbLine
 10
226.72
 20
45.76
 30
0.0
 11
228.28
 21
45.76
 31
0.0
  0
LINE
  5
52E
330
17
100
AcDbEntity
  8
LINES
100
AcDbLine
 10
229.23999999999998
 20
43.36
 30
0.0
 11
229.23999999999998
 21
44.8
 31
0.0
  0
LINE
  5
52F
330
17
100
AcDbEntity
  8
LINES
100
AcDbLine
 10
230.79999999999998
 20
43.36
 30
0.0
 11
230.79999999999998
 21
44.8
 31
0.0
  0
LINE
  5
530
330
17
100
AcDbEntity
  8
LINES
100
AcDbLine
 10
232.84
 20
43.84
 30
0.0
 11
233.67999999999998
 21
43.84
 31
0.0
  0
LINE
  5
531
330
17
100
AcDbEntity
  8
LINES
100
AcDbLine
 10
233.79999999999998
 20
42.4
 30
0.0
 11
234.4
 21
43.84
 31
0.0
  0
LINE
  5
532
330
17
100
AcDbEntity
  8
LINES
100
AcDbLine
 10
235.35999999999999
 20
44.32
 30
0.0
 11
236.2
 21
44.32
 31
0.0
  0
LINE
  5
533
330
17
100
AcDbEntity
  8
LINES
100
AcDbLine
 10
242.56
 20
43.36
 30
0.0
 11
243.88
 21
43.36
 31
0.0
  0
LINE
  5
534
330
17
100
AcDbEntity
  8
LINES
100
AcDbLine
 10
248.32
 20
42.4
 30
0.0
 11
248.32
 21
45.76
 31
0.0
  0
LINE
  5
535
330
17
100
AcDbEntity
  8
LINES
100
AcDbLine
 10
247.48
 20
45.76
 30
0.0
 11
249.04
 21
45.76
 31
0.0
  0
LINE
  5
536
330
17
100
AcDbEntity
  8
LINES
100
AcDbLine
 10
251.44
 20
43.36
 30
0.0
 11
252.76
 21
43.36
 31
0.0
  0
LINE
  5
537
330
17
100
AcDbEntity
  8
LINES
100
AcDbLine
 10
253.95999999999998
 20
44.32
 30
0.0
 11
255.16
 21
44.32
 31
0.0
  0
LINE
  5
538
330
17
100
AcDbEntity
  8
LINES
100
AcDbLine
 10
256.72
 20
42.4
 30
0.0
 11
257.2
 21
42.4
 31
0.0
  0
LINE
  5
539
330
17
100
AcDbEntity
  8
LINES
100
AcDbLine
 10
256.0
 20
43.24
 30
0.0
 11
256.0
 21
44.92
 31
0.0
  0
LINE
  5
53A
330
17
100
AcDbEntity
  8
LINES
100
AcDbLine
 10
256.72
 20
45.76
 30
0.0
 11
257.2
 21
45.76
 31
0.0
  0
LINE
  5
53B
330
17
100
AcDbEntity
  8
LINES
100
AcDbLine
 10
259.36
 20
43.36
 30
0.0
 11
259.36
 21
44.8
 31
0.0
  0
LINE
  5
53C
330
17
100
AcDbEntity
  8
LINES
100
AcDbLine
 10
260.2
 20
45.76
 30
0.0
 11
260.91999999999996
 21
45.76
 31
0.0
  0
LINE
  5
53D
330
17
100
AcDbEntity
  8
LINES
100
AcDbLine
 10
262.12
 20
43.36
 30
0.0
 11
263.44
 21
43.36
 31
0.0
  0
LINE
  5
53E
330
17
100
AcDbEntity
  8
LINES
100
AcDbLine
 10
264.52
 20
42.4
 30
0.0
 11
265.24
 21
42.4
 31
0.0
  0
LINE
  5
53F
330
17
100
AcDbEntity
  8
LINES
100
AcDbLine
 10
266.08
 20
43.36
 30
0.0
 11
266.08
 21
44.8
 31
0.0
  0
LINE
  5
540
330
17
100
AcDbEntity
  8
LINES
100
AcDbLine
 10
267.03999999999996
 20
45.04
 30
0.0
 11
267.15999999999997
 21
45.76
 31
0.0
  0
LINE
  5
541
330
17
100
AcDbEntity
  8
LINES
100
AcDbLine
 10
268.36
 20
43.84
 30
0.0
 11
269.2
 21
44.32
 31
0.0
  0
LINE
  5
542
330
17
100
AcDbEntity
  8
LINES
100
AcDbLine
 10
270.52
 20
41.56
 30
0.0
 11
270.64
 21
42.4
 31
0.0
  0
LINE
  5
543
330
17
100
AcDbEntity
  8
LINES
100
AcDbLine
 10
273.76
 20
42.4
 30
0.0
 11
273.76
 21
45.76
 31
0.0
  0
LINE
  5
544
330
17
100
AcDbEntity
  8
LINES
100
AcDbLine
 10
277.12
 20
44.32
 30
0.0
 11
277.96
 21
44.32
 31
0.0
  0
LINE
  5
545
330
17
100
AcDbEntity
  8
LINES
100
AcDbLine
 10
281.32
 20
42.4
 30
0.0
 11
281.32
 21
45.76
 31
0.0
  0
LINE
  5
546
330
17
100
AcDbEntity
  8
LINES
100
AcDbLine
 10
282.52
 20
43.84
 30
0.0
 11
283.48
 21
44.32
 31
0.0
  0
LINE
  5
547
330
17
100
AcDbEntity
  8
LINES
100
AcDbLine
 10
285.4
 20
42.4
 30
0.0
 11
285.4
 21
45.76
 31
0.0
  0
LINE
  5
548
330
17
100
AcDbEntity
  8
LINES
100
AcDbLine
 10
284.68
 20
45.76
 30
0.0
 11
286.24
 21
45.76
 31
0.0
  0
LINE
  5
549
330
17
100
AcDbEntity
  8
LINES
100
AcDbLine
 10
288.64
 20
43.36
 30
0.0
 11
289.84
 21
43.36
 31
0.0
  0
LINE
  5
54A
330
17
100
AcDbEntity
  8
LINES
100
AcDbLine
 10
293.56
 20
42.4
 30
0.0
 11
294.15999999999997
 21
42.4
 31
0.0
  0
LINE
  5
54B
330
17
100
AcDbEntity
  8
LINES
100
AcDbLine
 10
295.0
 20
43.36
 30
0.0
 11
295.0
 21
44.8
 31
0.0
  0
LINE
  5
54C
330
17
100
AcDbEntity
  8
LINES
100
AcDbLine
 10
297.15999999999997
 20
42.4
 30
0.0
 11
297.15999999999997
 21
45.76
 31
0.0
  0
LINE
  5
54D
330
17
100
AcDbEntity
  8
LINES
100
AcDbLine
 10
298.47999999999996
 20
43.84
 30
0.0
 11
299.32
 21
44.32
 31
0.0
  0
LINE
  5
54E
330
17
100
AcDbEntity
  8
LINES
100
AcDbLine
 10
300.52
 20
43.36
 30
0.0
 11
300.52
 21
44.8
 31
0.0
  0
LINE
  5
54F
330
17
100
AcDbEntity
  8
LINES
100
AcDbLine
 10
302.08
 20
43.36
 30
0.0
 11
302.08
 21
44.8
 31
0.0
  0
LINE
  5
550
330
17
100
AcDbEntity
  8
LINES
100
AcDbLine
 10
302.92
 20
42.4
 30
0.0
 11
302.92
 21
42.519999999999996
 31
0.0
  0
LINE
  5
551
330
17
100
AcDbEntity
  8
LINES
100
AcDbLine
 10
303.88
 20
42.4
 30
0.0
 11
304.59999999999997
 21
42.4
 31
0.0
  0
LINE
  5
552
330
17
100
AcDbEntity
  8
LINES
100
AcDbLine
 10
305.44
 20
43.36
 30
0.0
 11
305.44
 21
44.8
 31
0.0
  0
LINE
  5
553
330
17
100
AcDbEntity
  8
LINES
100
AcDbLine
 10
306.28
 20
43.84
 30
0.0
 11
307.12
 21
43.84
 31
0.0
  0
LINE
  5
554
330
17
100
AcDbEntity
  8
LINES
100
AcDbLine
 10
307.24
 20
42.4
 30
0.0
 11
307.84
 21
43.84
 31
0.0
  0
LINE
  5
555
330
17
100
AcDbEntity
  8
LINES
100
AcDbLine
 10
308.8
 20
43.36
 30
0.0
 11
308.8
 21
44.8
 31
0.0
  0
LINE
  5
556
330
17
100
AcDbEntity
  8
LINES
100
AcDbLine
 10
309.52
 20
45.76
 30
0.0
 11
310.24
 21
45.76
 31
0.0
  0
LINE
  5
557
330
17
100
AcDbEntity
  8
LINES
100
AcDbLine
 10
311.56
 20
43.84
 30
0.0
 11
312.4
 21
44.32
 31
0.0
  0
LINE
  5
558
330
17
100
AcDbEntity
  8
LINES
100
AcDbLine
 10
313.59999999999997
 20
42.4
 30
0.0
 11
313.59999999999997
 21
42.519999999999996
 31
0.0
  0
LINE
  5
559
330
17
100
AcDbEntity
  8
LINES
100
AcDbLine
 10
519.04
 20
75.75999999999999
 30
0.0
 11
519.04
 21
93.88
 31
0.0
  0
LINE
  5
55A
330
17
100
AcDbEntity
  8
LINES
100
AcDbLine
 10
570.76
 20
75.75999999999999
 30
0.0
 11
570.76
 21
93.88
 31
0.0
  0
LINE
  5
55B
330
17
100
AcDbEntity
  8
LINES
100
AcDbLine
 10
627.52
 20
75.75999999999999
 30
0.0
 11
627.52
 21
93.88
 31
0.0
  0
LINE
  5
55C
330
17
100
AcDbEntity
  8
RECTANGLES
100
AcDbLine
 10
1140.6399999999999
 20
88.12
 30
0.0
 11
1140.8799999999999
 21
88.12
 31
0.0
  0
LINE
  5
55D
330
17
100
AcDbEntity
  8
RECTANGLES
100
AcDbLine
 10
1140.8799999999999
 20
88.12
 30
0.0
 11
1140.8799999999999
 21
91.84
 31
0.0
  0
LINE
  5
55E
330
17
100
AcDbEntity
  8
RECTANGLES
100
AcDbLine
 10
1140.8799999999999
 20
91.84
 30
0.0
 11
1140.6399999999999
 21
91.84
 31
0.0
  0
LINE
  5
55F
330
17
100
AcDbEntity
  8
RECTANGLES
100
AcDbLine
 10
1140.6399999999999
 20
91.84
 30
0.0
 11
1140.6399999999999
 21
88.12
 31
0.0
  0
LINE
  5
560
330
17
100
AcDbEntity
  8
RECTANGLES
100
AcDbLine
 10
1143.04
 20
88.12
 30
0.0
 11
1143.1599999999999
 21
88.12
 31
0.0
  0
LINE
  5
561
330
17
100
AcDbEntity
  8
RECTANGLES
100
AcDbLine
 10
1143.1599999999999
 20
88.12
 30
0.0
 11
1143.1599999999999
 21
91.84
 31
0.0
  0
LINE
  5
562
330
17
100
AcDbEntity
  8
RECTANGLES
100
AcDbLine
 10
1143.1599999999999
 20
91.84
 30
0.0
 11
1143.04
 21
91.84
 31
0.0
  0
LINE
  5
563
330
17
100
AcDbEntity
  8
RECTANGLES
100
AcDbLine
 10
1143.04
 20
91.84
 30
0.0
 11
1143.04
 21
88.12
 31
0.0
  0
LINE
  5
564
330
17
100
AcDbEntity
  8
LINES
100
AcDbLine
 10
1140.8799999999999
 20
90.03999999999999
 30
0.0
 11
1143.04
 21
90.03999999999999
 31
0.0
  0
LINE
  5
565
330
17
100
AcDbEntity
  8
LINES
100
AcDbLine
 10
1140.8799999999999
 20
89.91999999999999
 30
0.0
 11
1143.04
 21
89.91999999999999
 31
0.0
  0
LINE
  5
566
330
17
100
AcDbEntity
  8
LINES
100
AcDbLine
 10
1118.8
 20
43.24
 30
0.0
 11
1118.8
 21
45.519999999999996
 31
0.0
  0
LINE
  5
567
330
17
100
AcDbEntity
  8
LINES
100
AcDbLine
 10
1121.08
 20
43.24
 30
0.0
 11
1121.08
 21
45.519999999999996
 31
0.0
  0
LINE
  5
568
330
17
100
AcDbEntity
  8
LINES
100
AcDbLine
 10
1122.3999999999999
 20
44.68
 30
0.0
 11
1124.2
 21
44.68
 31
0.0
  0
LINE
  5
569
330
17
100
AcDbEntity
  8
LINES
100
AcDbLine
 10
318.76
 20
39.519999999999996
 30
0.0
 11
318.76
 21
93.88
 31
0.0
  0
LINE
  5
56A
330
17
100
AcDbEntity
  8
LINES
100
AcDbLine
 10
672.16
 20
39.519999999999996
 30
0.0
 11
672.16
 21
93.88
 31
0.0
  0
LINE
  5
56B
330
17
100
AcDbEntity
  8
LINES
100
AcDbLine
 10
719.0799999999999
 20
39.519999999999996
 30
0.0
 11
719.0799999999999
 21
93.88
 31
0.0
  0
LINE
  5
56C
330
17
100
AcDbEntity
  8
LINES
100
AcDbLine
 10
820.36
 20
57.64
 30
0.0
 11
1137.1599999999999
 21
57.64
 31
0.0
  0
LINE
  5
56D
330
17
100
AcDbEntity
  8
LINES
100
AcDbLine
 10
820.36
 20
48.64
 30
0.0
 11
1137.1599999999999
 21
48.64
 31
0.0
  0
LINE
  5
56E
330
17
100
AcDbEntity
  8
LINES
100
AcDbLine
 10
55.48
 20
70.96000000000001
 30
0.0
 11
55.48
 21
72.4
 31
0.0
  0
LINE
  5
56F
330
17
100
AcDbEntity
  8
LINES
100
AcDbLine
 10
56.92
 20
70.96000000000001
 30
0.0
 11
56.92
 21
71.08
 31
0.0
  0
LINE
  5
570
330
17
100
AcDbEntity
  8
LINES
100
AcDbLine
 10
59.199999999999996
 20
71.92
 30
0.0
 11
60.519999999999996
 21
71.92
 31
0.0
  0
LINE
  5
571
330
17
100
AcDbEntity
  8
LINES
100
AcDbLine
 10
67.12
 20
70.96000000000001
 30
0.0
 11
67.84
 21
70.96000000000001
 31
0.0
  0
LINE
  5
572
330
17
100
AcDbEntity
  8
LINES
100
AcDbLine
 10
68.68
 20
72.03999999999999
 30
0.0
 11
68.68
 21
73.36
 31
0.0
  0
LINE
  5
573
330
17
100
AcDbEntity
  8
LINES
100
AcDbLine
 10
69.52
 20
70.96000000000001
 30
0.0
 11
69.52
 21
74.32
 31
0.0
  0
LINE
  5
574
330
17
100
AcDbEntity
  8
LINES
100
AcDbLine
 10
73.12
 20
72.88
 30
0.0
 11
74.08
 21
72.88
 31
0.0
  0
LINE
  5
575
330
17
100
AcDbEntity
  8
LINES
100
AcDbLine
 10
78.03999999999999
 20
72.4
 30
0.0
 11
78.88
 21
72.88
 31
0.0
  0
LINE
  5
576
330
17
100
AcDbEntity
  8
LINES
100
AcDbLine
 10
80.08
 20
70.96000000000001
 30
0.0
 11
80.08
 21
74.32
 31
0.0
  0
LINE
  5
577
330
17
100
AcDbEntity
  8
LINES
100
AcDbLine
 10
81.03999999999999
 20
71.92
 30
0.0
 11
81.03999999999999
 21
73.36
 31
0.0
  0
LINE
  5
578
330
17
100
AcDbEntity
  8
LINES
100
AcDbLine
 10
82.48
 20
71.92
 30
0.0
 11
82.48
 21
73.36
 31
0.0
  0
LINE
  5
579
330
17
100
AcDbEntity
  8
LINES
100
AcDbLine
 10
86.2
 20
72.4
 30
0.0
 11
87.03999999999999
 21
72.88
 31
0.0
  0
LINE
  5
57A
330
17
100
AcDbEntity
  8
LINES
100
AcDbLine
 10
88.24
 20
70.24000000000001
 30
0.0
 11
88.36
 21
70.96000000000001
 31
0.0
  0
LINE
  5
57B
330
17
100
AcDbEntity
  8
LINES
100
AcDbLine
 10
90.52
 20
72.88
 30
0.0
 11
91.48
 21
72.88
 31
0.0
  0
LINE
  5
57C
330
17
100
AcDbEntity
  8
LINES
100
AcDbLine
 10
94.72
 20
72.88
 30
0.0
 11
95.67999999999999
 21
72.88
 31
0.0
  0
LINE
  5
57D
330
17
100
AcDbEntity
  8
LINES
100
AcDbLine
 10
99.88
 20
71.92
 30
0.0
 11
101.08
 21
71.92
 31
0.0
  0
LINE
  5
57E
330
17
100
AcDbEntity
  8
LINES
100
AcDbLine
 10
103.0
 20
70.96000000000001
 30
0.0
 11
103.0
 21
74.32
 31
0.0
  0
LINE
  5
57F
330
17
100
AcDbEntity
  8
LINES
100
AcDbLine
 10
102.28
 20
74.32
 30
0.0
 11
103.84
 21
74.32
 31
0.0
  0
LINE
  5
580
330
17
100
AcDbEntity
  8
LINES
100
AcDbLine
 10
104.67999999999999
 20
70.96000000000001
 30
0.0
 11
104.67999999999999
 21
74.32
 31
0.0
  0
LINE
  5
581
330
17
100
AcDbEntity
  8
LINES
100
AcDbLine
 10
105.64
 20
71.92
 30
0.0
 11
105.64
 21
73.36
 31
0.0
  0
LINE
  5
582
330
17
100
AcDbEntity
  8
LINES
100
AcDbLine
 10
107.08
 20
71.92
 30
0.0
 11
107.08
 21
73.36
 31
0.0
  0
LINE
  5
583
330
17
100
AcDbEntity
  8
LINES
100
AcDbLine
 10
111.88
 20
71.92
 30
0.0
 11
113.2
 21
71.92
 31
0.0
  0
LINE
  5
584
330
17
100
AcDbEntity
  8
LINES
100
AcDbLine
 10
116.8
 20
70.96000000000001
 30
0.0
 11
117.52
 21
70.96000000000001
 31
0.0
  0
LINE
  5
585
330
17
100
AcDbEntity
  8
LINES
100
AcDbLine
 10
118.24
 20
72.03999999999999
 30
0.0
 11
118.24
 21
73.36
 31
0.0
  0
LINE
  5
586
330
17
100
AcDbEntity
  8
LINES
100
AcDbLine
 10
121.11999999999999
 20
70.96000000000001
 30
0.0
 11
121.6
 21
70.96000000000001
 31
0.0
  0
LINE
  5
587
330
17
100
AcDbEntity
  8
LINES
100
AcDbLine
 10
120.39999999999999
 20
71.8
 30
0.0
 11
120.39999999999999
 21
73.47999999999999
 31
0.0
  0
LINE
  5
588
330
17
100
AcDbEntity
  8
LINES
100
AcDbLine
 10
121.11999999999999
 20
74.32
 30
0.0
 11
121.6
 21
74.32
 31
0.0
  0
LINE
  5
589
330
17
100
AcDbEntity
  8
LINES
100
AcDbLine
 10
122.56
 20
71.92
 30
0.0
 11
122.56
 21
73.36
 31
0.0
  0
LINE
  5
58A
330
17
100
AcDbEntity
  8
LINES
100
AcDbLine
 10
124.0
 20
71.92
 30
0.0
 11
124.0
 21
73.36
 31
0.0
  0
LINE
  5
58B
330
17
100
AcDbEntity
  8
LINES
100
AcDbLine
 10
124.96
 20
71.92
 30
0.0
 11
124.96
 21
73.36
 31
0.0
  0
LINE
  5
58C
330
17
100
AcDbEntity
  8
LINES
100
AcDbLine
 10
126.39999999999999
 20
71.92
 30
0.0
 11
126.39999999999999
 21
73.36
 31
0.0
  0
LINE
  5
58D
330
17
100
AcDbEntity
  8
LINES
100
AcDbLine
 10
127.36
 20
72.4
 30
0.0
 11
128.07999999999998
 21
72.4
 31
0.0
  0
LINE
  5
58E
330
17
100
AcDbEntity
  8
LINES
100
AcDbLine
 10
128.2
 20
70.96000000000001
 30
0.0
 11
128.92000000000002
 21
72.4
 31
0.0
  0
LINE
  5
58F
330
17
100
AcDbEntity
  8
LINES
100
AcDbLine
 10
129.76
 20
70.96000000000001
 30
0.0
 11
130.48
 21
70.96000000000001
 31
0.0
  0
LINE
  5
590
330
17
100
AcDbEntity
  8
LINES
100
AcDbLine
 10
131.32
 20
72.03999999999999
 30
0.0
 11
131.32
 21
73.36
 31
0.0
  0
LINE
  5
591
330
17
100
AcDbEntity
  8
LINES
100
AcDbLine
 10
132.16
 20
70.96000000000001
 30
0.0
 11
132.16
 21
74.32
 31
0.0
  0
LINE
  5
592
330
17
100
AcDbEntity
  8
LINES
100
AcDbLine
 10
135.76
 20
71.92
 30
0.0
 11
137.07999999999998
 21
71.92
 31
0.0
  0
LINE
  5
593
330
17
100
AcDbEntity
  8
LINES
100
AcDbLine
 10
139.0
 20
70.96000000000001
 30
0.0
 11
139.0
 21
74.32
 31
0.0
  0
LINE
  5
594
330
17
100
AcDbEntity
  8
LINES
100
AcDbLine
 10
138.16
 20
74.32
 30
0.0
 11
139.72
 21
74.32
 31
0.0
  0
LINE
  5
595
330
17
100
AcDbEntity
  8
LINES
100
AcDbLine
 10
140.68
 20
72.88
 30
0.0
 11
141.51999999999998
 21
72.88
 31
0.0
  0
LINE
  5
596
330
17
100
AcDbEntity
  8
LINES
100
AcDbLine
 10
143.07999999999998
 20
72.4
 30
0.0
 11
143.92000000000002
 21
72.88
 31
0.0
  0
LINE
  5
597
330
17
100
AcDbEntity
  8
LINES
100
AcDbLine
 10
146.68
 20
71.92
 30
0.0
 11
147.88
 21
71.92
 31
0.0
  0
LINE
  5
598
330
17
100
AcDbEntity
  8
LINES
100
AcDbLine
 10
149.07999999999998
 20
72.4
 30
0.0
 11
149.79999999999998
 21
72.4
 31
0.0
  0
LINE
  5
599
330
17
100
AcDbEntity
  8
LINES
100
AcDbLine
 10
150.04
 20
70.96000000000001
 30
0.0
 11
150.64
 21
72.4
 31
0.0
  0
LINE
  5
59A
330
17
100
AcDbEntity
  8
LINES
100
AcDbLine
 10
151.48
 20
72.88
 30
0.0
 11
152.44
 21
72.88
 31
0.0
  0
LINE
  5
59B
330
17
100
AcDbEntity
  8
LINES
100
AcDbLine
 10
154.84
 20
70.96000000000001
 30
0.0
 11
154.84
 21
74.32
 31
0.0
  0
LINE
  5
59C
330
17
100
AcDbEntity
  8
LINES
100
AcDbLine
 10
164.79999999999998
 20
70.96000000000001
 30
0.0
 11
164.79999999999998
 21
71.08
 31
0.0
  0
LINE
  5
59D
330
17
100
AcDbEntity
  8
LINES
100
AcDbLine
 10
165.64
 20
70.24000000000001
 30
0.0
 11
165.88
 21
70.96000000000001
 31
0.0
  0
LINE
  5
59E
330
17
100
AcDbEntity
  8
LINES
100
AcDbLine
 10
168.76
 20
70.96000000000001
 30
0.0
 11
168.76
 21
74.32
 31
0.0
  0
LINE
  5
59F
330
17
100
AcDbEntity
  8
LINES
100
AcDbLine
 10
167.92
 20
74.32
 30
0.0
 11
169.48
 21
74.32
 31
0.0
  0
LINE
  5
5A0
330
17
100
AcDbEntity
  8
LINES
100
AcDbLine
 10
170.32
 20
72.88
 30
0.0
 11
171.28
 21
72.88
 31
0.0
  0
LINE
  5
5A1
330
17
100
AcDbEntity
  8
LINES
100
AcDbLine
 10
172.84
 20
72.4
 30
0.0
 11
173.68
 21
72.88
 31
0.0
  0
LINE
  5
5A2
330
17
100
AcDbEntity
  8
LINES
100
AcDbLine
 10
175.6
 20
70.96000000000001
 30
0.0
 11
175.6
 21
74.32
 31
0.0
  0
LINE
  5
5A3
330
17
100
AcDbEntity
  8
LINES
100
AcDbLine
 10
174.88
 20
74.32
 30
0.0
 11
176.44
 21
74.32
 31
0.0
  0
LINE
  5
5A4
330
17
100
AcDbEntity
  8
LINES
100
AcDbLine
 10
181.23999999999998
 20
72.88
 30
0.0
 11
182.2
 21
72.88
 31
0.0
  0
LINE
  5
5A5
330
17
100
AcDbEntity
  8
LINES
100
AcDbLine
 10
183.4
 20
70.96000000000001
 30
0.0
 11
184.0
 21
70.96000000000001
 31
0.0
  0
LINE
  5
5A6
330
17
100
AcDbEntity
  8
LINES
100
AcDbLine
 10
184.84
 20
72.03999999999999
 30
0.0
 11
184.84
 21
73.36
 31
0.0
  0
LINE
  5
5A7
330
17
100
AcDbEntity
  8
LINES
100
AcDbLine
 10
185.79999999999998
 20
70.96000000000001
 30
0.0
 11
185.79999999999998
 21
74.32
 31
0.0
  0
LINE
  5
5A8
330
17
100
AcDbEntity
  8
LINES
100
AcDbLine
 10
186.64
 20
71.92
 30
0.0
 11
186.64
 21
74.32
 31
0.0
  0
LINE
  5
5A9
330
17
100
AcDbEntity
  8
LINES
100
AcDbLine
 10
188.2
 20
71.92
 30
0.0
 11
188.2
 21
74.32
 31
0.0
  0
LINE
  5
5AA
330
17
100
AcDbEntity
  8
LINES
100
AcDbLine
 10
191.79999999999998
 20
71.32
 30
0.0
 11
191.79999999999998
 21
71.56
 31
0.0
  0
LINE
  5
5AB
330
17
100
AcDbEntity
  8
LINES
100
AcDbLine
 10
191.79999999999998
 20
72.64
 30
0.0
 11
191.79999999999998
 21
72.88
 31
0.0
  0
LINE
  5
5AC
330
17
100
AcDbEntity
  8
LINES
100
AcDbLine
 10
194.2
 20
71.92
 30
0.0
 11
195.4
 21
71.92
 31
0.0
  0
LINE
  5
5AD
330
17
100
AcDbEntity
  8
LINES
100
AcDbLine
 10
196.6
 20
71.56
 30
0.0
 11
197.79999999999998
 21
71.56
 31
0.0
  0
LINE
  5
5AE
330
17
100
AcDbEntity
  8
LINES
100
AcDbLine
 10
196.6
 20
72.64
 30
0.0
 11
197.79999999999998
 21
72.64
 31
0.0
  0
LINE
  5
5AF
330
17
100
AcDbEntity
  8
LINES
100
AcDbLine
 10
199.0
 20
71.92
 30
0.0
 11
200.32
 21
71.92
 31
0.0
  0
LINE
  5
5B0
330
17
100
AcDbEntity
  8
LINES
100
AcDbLine
 10
201.4
 20
70.96000000000001
 30
0.0
 11
201.4
 21
74.32
 31
0.0
  0
LINE
  5
5B1
330
17
100
AcDbEntity
  8
LINES
100
AcDbLine
 10
202.35999999999999
 20
72.4
 30
0.0
 11
203.07999999999998
 21
72.4
 31
0.0
  0
LINE
  5
5B2
330
17
100
AcDbEntity
  8
LINES
100
AcDbLine
 10
203.32
 20
70.96000000000001
 30
0.0
 11
203.92
 21
72.4
 31
0.0
  0
LINE
  5
5B3
330
17
100
AcDbEntity
  8
LINES
100
AcDbLine
 10
204.76
 20
70.24000000000001
 30
0.0
 11
204.88
 21
70.96000000000001
 31
0.0
  0
LINE
  5
5B4
330
17
100
AcDbEntity
  8
LINES
100
AcDbLine
 10
207.04
 20
70.96000000000001
 30
0.0
 11
207.76
 21
70.96000000000001
 31
0.0
  0
LINE
  5
5B5
330
17
100
AcDbEntity
  8
LINES
100
AcDbLine
 10
208.6
 20
72.03999999999999
 30
0.0
 11
208.6
 21
73.36
 31
0.0
  0
LINE
  5
5B6
330
17
100
AcDbEntity
  8
LINES
100
AcDbLine
 10
209.44
 20
71.56
 30
0.0
 11
210.64
 21
71.56
 31
0.0
  0
LINE
  5
5B7
330
17
100
AcDbEntity
  8
LINES
100
AcDbLine
 10
209.44
 20
72.64
 30
0.0
 11
210.64
 21
72.64
 31
0.0
  0
LINE
  5
5B8
330
17
100
AcDbEntity
  8
LINES
100
AcDbLine
 10
211.6
 20
70.96000000000001
 30
0.0
 11
212.2
 21
70.96000000000001
 31
0.0
  0
LINE
  5
5B9
330
17
100
AcDbEntity
  8
LINES
100
AcDbLine
 10
213.04
 20
72.03999999999999
 30
0.0
 11
213.04
 21
73.36
 31
0.0
  0
LINE
  5
5BA
330
17
100
AcDbEntity
  8
LINES
100
AcDbLine
 10
214.0
 20
72.4
 30
0.0
 11
214.72
 21
72.4
 31
0.0
  0
LINE
  5
5BB
330
17
100
AcDbEntity
  8
LINES
100
AcDbLine
 10
214.84
 20
70.96000000000001
 30
0.0
 11
215.44
 21
72.4
 31
0.0
  0
LINE
  5
5BC
330
17
100
AcDbEntity
  8
LINES
100
AcDbLine
 10
217.35999999999999
 20
70.96000000000001
 30
0.0
 11
217.35999999999999
 21
72.64
 31
0.0
  0
LINE
  5
5BD
330
17
100
AcDbEntity
  8
LINES
100
AcDbLine
 10
220.6
 20
71.92
 30
0.0
 11
221.92
 21
71.92
 31
0.0
  0
LINE
  5
5BE
330
17
100
AcDbEntity
  8
LINES
100
AcDbLine
 10
223.0
 20
70.96000000000001
 30
0.0
 11
223.0
 21
74.32
 31
0.0
  0
LINE
  5
5BF
330
17
100
AcDbEntity
  8
LINES
100
AcDbLine
 10
223.95999999999998
 20
72.4
 30
0.0
 11
224.67999999999998
 21
72.4
 31
0.0
  0
LINE
  5
5C0
330
17
100
AcDbEntity
  8
LINES
100
AcDbLine
 10
224.79999999999998
 20
70.96000000000001
 30
0.0
 11
225.4
 21
72.4
 31
0.0
  0
LINE
  5
5C1
330
17
100
AcDbEntity
  8
LINES
100
AcDbLine
 10
226.35999999999999
 20
70.24000000000001
 30
0.0
 11
226.48
 21
70.96000000000001
 31
0.0
  0
LINE
  5
5C2
330
17
100
AcDbEntity
  8
LINES
100
AcDbLine
 10
232.0
 20
71.56
 30
0.0
 11
233.2
 21
71.56
 31
0.0
  0
LINE
  5
5C3
330
17
100
AcDbEntity
  8
LINES
100
AcDbLine
 10
232.0
 20
72.64
 30
0.0
 11
233.2
 21
72.64
 31
0.0
  0
LINE
  5
5C4
330
17
100
AcDbEntity
  8
LINES
100
AcDbLine
 10
237.64
 20
71.92
 30
0.0
 11
238.95999999999998
 21
71.92
 31
0.0
  0
LINE
  5
5C5
330
17
100
AcDbEntity
  8
LINES
100
AcDbLine
 10
240.88
 20
70.96000000000001
 30
0.0
 11
240.88
 21
74.32
 31
0.0
  0
LINE
  5
5C6
330
17
100
AcDbEntity
  8
LINES
100
AcDbLine
 10
240.04
 20
74.32
 30
0.0
 11
241.6
 21
74.32
 31
0.0
  0
LINE
  5
5C7
330
17
100
AcDbEntity
  8
LINES
100
AcDbLine
 10
242.56
 20
72.88
 30
0.0
 11
243.4
 21
72.88
 31
0.0
  0
LINE
  5
5C8
330
17
100
AcDbEntity
  8
LINES
100
AcDbLine
 10
244.6
 20
72.4
 30
0.0
 11
245.44
 21
72.4
 31
0.0
  0
LINE
  5
5C9
330
17
100
AcDbEntity
  8
LINES
100
AcDbLine
 10
245.56
 20
70.96000000000001
 30
0.0
 11
246.16
 21
72.4
 31
0.0
  0
LINE
  5
5CA
330
17
100
AcDbEntity
  8
LINES
100
AcDbLine
 10
247.0
 20
70.24000000000001
 30
0.0
 11
247.23999999999998
 21
70.96000000000001
 31
0.0
  0
LINE
  5
5CB
330
17
100
AcDbEntity
  8
LINES
100
AcDbLine
 10
249.64
 20
72.4
 30
0.0
 11
250.48
 21
72.88
 31
0.0
  0
LINE
  5
5CC
330
17
100
AcDbEntity
  8
LINES
100
AcDbLine
 10
251.67999999999998
 20
71.56
 30
0.0
 11
252.88
 21
71.56
 31
0.0
  0
LINE
  5
5CD
330
17
100
AcDbEntity
  8
LINES
100
AcDbLine
 10
251.67999999999998
 20
72.64
 30
0.0
 11
252.88
 21
72.64
 31
0.0
  0
LINE
  5
5CE
330
17
100
AcDbEntity
  8
LINES
100
AcDbLine
 10
257.44
 20
71.92
 30
0.0
 11
258.76
 21
71.92
 31
0.0
  0
LINE
  5
5CF
330
17
100
AcDbEntity
  8
LINES
100
AcDbLine
 10
260.67999999999995
 20
70.96000000000001
 30
0.0
 11
260.67999999999995
 21
74.32
 31
0.0
  0
LINE
  5
5D0
330
17
100
AcDbEntity
  8
LINES
100
AcDbLine
 10
259.84000000000003
 20
74.32
 30
0.0
 11
261.4
 21
74.32
 31
0.0
  0
LINE
  5
5D1
330
17
100
AcDbEntity
  8
LINES
100
AcDbLine
 10
262.24
 20
72.88
 30
0.0
 11
263.2
 21
72.88
 31
0.0
  0
LINE
  5
5D2
330
17
100
AcDbEntity
  8
LINES
100
AcDbLine
 10
264.4
 20
72.4
 30
0.0
 11
265.12
 21
72.4
 31
0.0
  0
LINE
  5
5D3
330
17
100
AcDbEntity
  8
LINES
100
AcDbLine
 10
265.36
 20
70.96000000000001
 30
0.0
 11
265.96
 21
72.4
 31
0.0
  0
LINE
  5
5D4
330
17
100
AcDbEntity
  8
LINES
100
AcDbLine
 10
271.36
 20
70.96000000000001
 30
0.0
 11
271.36
 21
74.32
 31
0.0
  0
LINE
  5
5D5
330
17
100
AcDbEntity
  8
LINES
100
AcDbLine
 10
273.03999999999996
 20
70.96000000000001
 30
0.0
 11
273.03999999999996
 21
74.32
 31
0.0
  0
LINE
  5
5D6
330
17
100
AcDbEntity
  8
LINES
100
AcDbLine
 10
272.2
 20
74.32
 30
0.0
 11
273.76
 21
74.32
 31
0.0
  0
LINE
  5
5D7
330
17
100
AcDbEntity
  8
LINES
100
AcDbLine
 10
274.71999999999997
 20
70.96000000000001
 30
0.0
 11
274.71999999999997
 21
74.32
 31
0.0
  0
LINE
  5
5D8
330
17
100
AcDbEntity
  8
LINES
100
AcDbLine
 10
274.71999999999997
 20
72.88
 30
0.0
 11
276.15999999999997
 21
72.88
 31
0.0
  0
LINE
  5
5D9
330
17
100
AcDbEntity
  8
LINES
100
AcDbLine
 10
276.15999999999997
 20
70.96000000000001
 30
0.0
 11
276.15999999999997
 21
74.32
 31
0.0
  0
LINE
  5
5DA
330
17
100
AcDbEntity
  8
LINES
100
AcDbLine
 10
277.12
 20
71.92
 30
0.0
 11
277.12
 21
73.36
 31
0.0
  0
LINE
  5
5DB
330
17
100
AcDbEntity
  8
LINES
100
AcDbLine
 10
278.56
 20
71.92
 30
0.0
 11
278.56
 21
73.36
 31
0.0
  0
LINE
  5
5DC
330
17
100
AcDbEntity
  8
LINES
100
AcDbLine
 10
279.52
 20
71.92
 30
0.0
 11
279.52
 21
74.32
 31
0.0
  0
LINE
  5
5DD
330
17
100
AcDbEntity
  8
LINES
100
AcDbLine
 10
280.96
 20
71.92
 30
0.0
 11
280.96
 21
74.32
 31
0.0
  0
LINE
  5
5DE
330
17
100
AcDbEntity
  8
LINES
100
AcDbLine
 10
282.64
 20
70.96000000000001
 30
0.0
 11
282.64
 21
74.32
 31
0.0
  0
LINE
  5
5DF
330
17
100
AcDbEntity
  8
LINES
100
AcDbLine
 10
281.92
 20
74.32
 30
0.0
 11
283.36
 21
74.32
 31
0.0
  0
LINE
  5
5E0
330
17
100
AcDbEntity
  8
LINES
100
AcDbLine
 10
286.24
 20
70.96000000000001
 30
0.0
 11
286.71999999999997
 21
70.96000000000001
 31
0.0
  0
LINE
  5
5E1
330
17
100
AcDbEntity
  8
LINES
100
AcDbLine
 10
285.52
 20
71.8
 30
0.0
 11
285.52
 21
73.47999999999999
 31
0.0
  0
LINE
  5
5E2
330
17
100
AcDbEntity
  8
LINES
100
AcDbLine
 10
286.24
 20
74.32
 30
0.0
 11
286.71999999999997
 21
74.32
 31
0.0
  0
LINE
  5
5E3
330
17
100
AcDbEntity
  8
LINES
100
AcDbLine
 10
287.68
 20
70.96000000000001
 30
0.0
 11
287.68
 21
74.32
 31
0.0
  0
LINE
  5
5E4
330
17
100
AcDbEntity
  8
LINES
100
AcDbLine
 10
287.68
 20
72.88
 30
0.0
 11
289.12
 21
72.88
 31
0.0
  0
LINE
  5
5E5
330
17
100
AcDbEntity
  8
LINES
100
AcDbLine
 10
289.12
 20
70.96000000000001
 30
0.0
 11
289.12
 21
74.32
 31
0.0
  0
LINE
  5
5E6
330
17
100
AcDbEntity
  8
LINES
100
AcDbLine
 10
292.12
 20
71.92
 30
0.0
 11
292.12
 21
73.36
 31
0.0
  0
LINE
  5
5E7
330
17
100
AcDbEntity
  8
LINES
100
AcDbLine
 10
293.68
 20
71.92
 30
0.0
 11
293.68
 21
73.36
 31
0.0
  0
LINE
  5
5E8
330
17
100
AcDbEntity
  8
LINES
100
AcDbLine
 10
294.64
 20
72.4
 30
0.0
 11
295.36
 21
72.4
 31
0.0
  0
LINE
  5
5E9
330
17
100
AcDbEntity
  8
LINES
100
AcDbLine
 10
295.47999999999996
 20
70.96000000000001
 30
0.0
 11
296.08
 21
72.4
 31
0.0
  0
LINE
  5
5EA
330
17
100
AcDbEntity
  8
LINES
100
AcDbLine
 10
297.03999999999996
 20
70.96000000000001
 30
0.0
 11
297.03999999999996
 21
74.32
 31
0.0
  0
LINE
  5
5EB
330
17
100
AcDbEntity
  8
LINES
100
AcDbLine
 10
297.88
 20
70.96000000000001
 30
0.0
 11
298.59999999999997
 21
70.96000000000001
 31
0.0
  0
LINE
  5
5EC
330
17
100
AcDbEntity
  8
LINES
100
AcDbLine
 10
299.44
 20
72.03999999999999
 30
0.0
 11
299.44
 21
73.36
 31
0.0
  0
LINE
  5
5ED
330
17
100
AcDbEntity
  8
LINES
100
AcDbLine
 10
300.28
 20
72.88
 30
0.0
 11
301.24
 21
72.88
 31
0.0
  0
LINE
  5
5EE
330
17
100
AcDbEntity
  8
LINES
100
AcDbLine
 10
302.8
 20
72.4
 30
0.0
 11
303.64
 21
72.88
 31
0.0
  0
LINE
  5
5EF
330
17
100
AcDbEntity
  8
LINES
100
AcDbLine
 10
304.84
 20
70.96000000000001
 30
0.0
 11
304.84
 21
71.08
 31
0.0
  0
LINE
  5
5F0
330
17
100
AcDbEntity
  8
LINES
100
AcDbLine
 10
56.68
 20
82.84
 30
0.0
 11
56.68
 21
83.08
 31
0.0
  0
LINE
  5
5F1
330
17
100
AcDbEntity
  8
LINES
100
AcDbLine
 10
59.44
 20
82.84
 30
0.0
 11
59.44
 21
86.32
 31
0.0
  0
LINE
  5
5F2
330
17
100
AcDbEntity
  8
LINES
100
AcDbLine
 10
58.72
 20
86.32
 30
0.0
 11
60.28
 21
86.32
 31
0.0
  0
LINE
  5
5F3
330
17
100
AcDbEntity
  8
LINES
100
AcDbLine
 10
61.12
 20
82.84
 30
0.0
 11
61.12
 21
86.32
 31
0.0
  0
LINE
  5
5F4
330
17
100
AcDbEntity
  8
LINES
100
AcDbLine
 10
61.12
 20
84.75999999999999
 30
0.0
 11
62.68
 21
84.75999999999999
 31
0.0
  0
LINE
  5
5F5
330
17
100
AcDbEntity
  8
LINES
100
AcDbLine
 10
62.68
 20
82.84
 30
0.0
 11
62.68
 21
86.32
 31
0.0
  0
LINE
  5
5F6
330
17
100
AcDbEntity
  8
LINES
100
AcDbLine
 10
63.519999999999996
 20
84.75999999999999
 30
0.0
 11
64.47999999999999
 21
84.75999999999999
 31
0.0
  0
LINE
  5
5F7
330
17
100
AcDbEntity
  8
LINES
100
AcDbLine
 10
67.24
 20
84.28
 30
0.0
 11
68.08
 21
84.88
 31
0.0
  0
LINE
  5
5F8
330
17
100
AcDbEntity
  8
LINES
100
AcDbLine
 10
69.28
 20
83.8
 30
0.0
 11
69.28
 21
86.32
 31
0.0
  0
LINE
  5
5F9
330
17
100
AcDbEntity
  8
LINES
100
AcDbLine
 10
70.84
 20
83.8
 30
0.0
 11
70.84
 21
86.32
 31
0.0
  0
LINE
  5
5FA
330
17
100
AcDbEntity
  8
LINES
100
AcDbLine
 10
71.68
 20
84.4
 30
0.0
 11
72.52
 21
84.4
 31
0.0
  0
LINE
  5
5FB
330
17
100
AcDbEntity
  8
LINES
100
AcDbLine
 10
74.08
 20
84.4
 30
0.0
 11
74.91999999999999
 21
84.4
 31
0.0
  0
LINE
  5
5FC
330
17
100
AcDbEntity
  8
LINES
100
AcDbLine
 10
76.6
 20
83.8
 30
0.0
 11
76.6
 21
85.36
 31
0.0
  0
LINE
  5
5FD
330
17
100
AcDbEntity
  8
LINES
100
AcDbLine
 10
78.03999999999999
 20
83.8
 30
0.0
 11
78.03999999999999
 21
85.36
 31
0.0
  0
LINE
  5
5FE
330
17
100
AcDbEntity
  8
LINES
100
AcDbLine
 10
79.0
 20
84.4
 30
0.0
 11
79.72
 21
84.4
 31
0.0
  0
LINE
  5
5FF
330
17
100
AcDbEntity
  8
LINES
100
AcDbLine
 10
79.84
 20
82.84
 30
0.0
 11
80.44
 21
84.4
 31
0.0
  0
LINE
  5
600
330
17
100
AcDbEntity
  8
LINES
100
AcDbLine
 10
82.12
 20
82.84
 30
0.0
 11
82.12
 21
86.32
 31
0.0
  0
LINE
  5
601
330
17
100
AcDbEntity
  8
LINES
100
AcDbLine
 10
81.39999999999999
 20
86.32
 30
0.0
 11
82.84
 21
86.32
 31
0.0
  0
LINE
  5
602
330
17
100
AcDbEntity
  8
LINES
100
AcDbLine
 10
85.0
 20
82.84
 30
0.0
 11
85.72
 21
82.84
 31
0.0
  0
LINE
  5
603
330
17
100
AcDbEntity
  8
LINES
100
AcDbLine
 10
86.56
 20
83.91999999999999
 30
0.0
 11
86.56
 21
85.24
 31
0.0
  0
LINE
  5
604
330
17
100
AcDbEntity
  8
LINES
100
AcDbLine
 10
87.39999999999999
 20
84.75999999999999
 30
0.0
 11
88.36
 21
84.75999999999999
 31
0.0
  0
LINE
  5
605
330
17
100
AcDbEntity
  8
LINES
100
AcDbLine
 10
90.28
 20
82.84
 30
0.0
 11
90.28
 21
86.32
 31
0.0
  0
LINE
  5
606
330
17
100
AcDbEntity
  8
LINES
100
AcDbLine
 10
89.56
 20
86.32
 30
0.0
 11
91.0
 21
86.32
 31
0.0
  0
LINE
  5
607
330
17
100
AcDbEntity
  8
LINES
100
AcDbLine
 10
92.2
 20
83.8
 30
0.0
 11
93.52
 21
83.8
 31
0.0
  0
LINE
  5
608
330
17
100
AcDbEntity
  8
LINES
100
AcDbLine
 10
94.72
 20
82.84
 30
0.0
 11
94.72
 21
86.32
 31
0.0
  0
LINE
  5
609
330
17
100
AcDbEntity
  8
LINES
100
AcDbLine
 10
97.96
 20
84.28
 30
0.0
 11
98.8
 21
84.88
 31
0.0
  0
LINE
  5
60A
330
17
100
AcDbEntity
  8
LINES
100
AcDbLine
 10
101.32
 20
82.84
 30
0.0
 11
102.03999999999999
 21
82.84
 31
0.0
  0
LINE
  5
60B
330
17
100
AcDbEntity
  8
LINES
100
AcDbLine
 10
102.75999999999999
 20
83.91999999999999
 30
0.0
 11
102.75999999999999
 21
85.24
 31
0.0
  0
LINE
  5
60C
330
17
100
AcDbEntity
  8
LINES
100
AcDbLine
 10
103.72
 20
84.75999999999999
 30
0.0
 11
104.67999999999999
 21
84.75999999999999
 31
0.0
  0
LINE
  5
60D
330
17
100
AcDbEntity
  8
LINES
100
AcDbLine
 10
105.88
 20
84.4
 30
0.0
 11
106.6
 21
84.4
 31
0.0
  0
LINE
  5
60E
330
17
100
AcDbEntity
  8
LINES
100
AcDbLine
 10
108.28
 20
82.84
 30
0.0
 11
108.28
 21
86.32
 31
0.0
  0
LINE
  5
60F
330
17
100
AcDbEntity
  8
LINES
100
AcDbLine
 10
109.84
 20
82.84
 30
0.0
 11
110.32
 21
82.84
 31
0.0
  0
LINE
  5
610
330
17
100
AcDbEntity
  8
LINES
100
AcDbLine
 10
109.11999999999999
 20
83.68
 30
0.0
 11
109.11999999999999
 21
85.47999999999999
 31
0.0
  0
LINE
  5
611
330
17
100
AcDbEntity
  8
LINES
100
AcDbLine
 10
109.84
 20
86.32
 30
0.0
 11
110.32
 21
86.32
 31
0.0
  0
LINE
  5
612
330
17
100
AcDbEntity
  8
LINES
100
AcDbLine
 10
112.0
 20
82.84
 30
0.0
 11
112.0
 21
86.32
 31
0.0
  0
LINE
  5
613
330
17
100
AcDbEntity
  8
LINES
100
AcDbLine
 10
111.28
 20
86.32
 30
0.0
 11
112.72
 21
86.32
 31
0.0
  0
LINE
  5
614
330
17
100
AcDbEntity
  8
LINES
100
AcDbLine
 10
113.67999999999999
 20
84.75999999999999
 30
0.0
 11
114.64
 21
84.75999999999999
 31
0.0
  0
LINE
  5
615
330
17
100
AcDbEntity
  8
LINES
100
AcDbLine
 10
115.84
 20
82.84
 30
0.0
 11
116.44
 21
82.84
 31
0.0
  0
LINE
  5
616
330
17
100
AcDbEntity
  8
LINES
100
AcDbLine
 10
117.28
 20
83.91999999999999
 30
0.0
 11
117.28
 21
85.24
 31
0.0
  0
LINE
  5
617
330
17
100
AcDbEntity
  8
LINES
100
AcDbLine
 10
119.44
 20
83.8
 30
0.0
 11
119.44
 21
85.36
 31
0.0
  0
LINE
  5
618
330
17
100
AcDbEntity
  8
LINES
100
AcDbLine
 10
120.88
 20
83.8
 30
0.0
 11
120.88
 21
85.36
 31
0.0
  0
LINE
  5
619
330
17
100
AcDbEntity
  8
LINES
100
AcDbLine
 10
126.16
 20
82.84
 30
0.0
 11
126.16
 21
86.32
 31
0.0
  0
LINE
  5
61A
330
17
100
AcDbEntity
  8
LINES
100
AcDbLine
 10
125.44
 20
86.32
 30
0.0
 11
127.0
 21
86.32
 31
0.0
  0
LINE
  5
61B
330
17
100
AcDbEntity
  8
LINES
100
AcDbLine
 10
127.83999999999999
 20
82.84
 30
0.0
 11
127.83999999999999
 21
86.32
 31
0.0
  0
LINE
  5
61C
330
17
100
AcDbEntity
  8
LINES
100
AcDbLine
 10
127.83999999999999
 20
84.75999999999999
 30
0.0
 11
129.39999999999998
 21
84.75999999999999
 31
0.0
  0
LINE
  5
61D
330
17
100
AcDbEntity
  8
LINES
100
AcDbLine
 10
129.39999999999998
 20
82.84
 30
0.0
 11
129.39999999999998
 21
86.32
 31
0.0
  0
LINE
  5
61E
330
17
100
AcDbEntity
  8
LINES
100
AcDbLine
 10
130.24
 20
84.75999999999999
 30
0.0
 11
131.2
 21
84.75999999999999
 31
0.0
  0
LINE
  5
61F
330
17
100
AcDbEntity
  8
LINES
100
AcDbLine
 10
133.6
 20
82.84
 30
0.0
 11
133.6
 21
86.32
 31
0.0
  0
LINE
  5
620
330
17
100
AcDbEntity
  8
LINES
100
AcDbLine
 10
134.8
 20
84.28
 30
0.0
 11
135.64
 21
84.88
 31
0.0
  0
LINE
  5
621
330
17
100
AcDbEntity
  8
LINES
100
AcDbLine
 10
136.95999999999998
 20
83.8
 30
0.0
 11
136.95999999999998
 21
85.36
 31
0.0
  0
LINE
  5
622
330
17
100
AcDbEntity
  8
LINES
100
AcDbLine
 10
138.39999999999998
 20
83.8
 30
0.0
 11
138.39999999999998
 21
85.36
 31
0.0
  0
LINE
  5
623
330
17
100
AcDbEntity
  8
LINES
100
AcDbLine
 10
140.56
 20
82.84
 30
0.0
 11
141.28
 21
82.84
 31
0.0
  0
LINE
  5
624
330
17
100
AcDbEntity
  8
LINES
100
AcDbLine
 10
142.0
 20
83.91999999999999
 30
0.0
 11
142.0
 21
85.24
 31
0.0
  0
LINE
  5
625
330
17
100
AcDbEntity
  8
LINES
100
AcDbLine
 10
146.32
 20
83.8
 30
0.0
 11
146.32
 21
85.36
 31
0.0
  0
LINE
  5
626
330
17
100
AcDbEntity
  8
LINES
100
AcDbLine
 10
147.04
 20
86.32
 30
0.0
 11
147.76
 21
86.32
 31
0.0
  0
LINE
  5
627
330
17
100
AcDbEntity
  8
LINES
100
AcDbLine
 10
148.72
 20
82.84
 30
0.0
 11
148.72
 21
83.08
 31
0.0
  0
LINE
  5
628
330
17
100
AcDbEntity
  8
LINES
100
AcDbLine
 10
151.12
 20
83.8
 30
0.0
 11
152.32
 21
83.8
 31
0.0
  0
LINE
  5
629
330
17
100
AcDbEntity
  8
LINES
100
AcDbLine
 10
153.51999999999998
 20
84.4
 30
0.0
 11
154.24
 21
84.4
 31
0.0
  0
LINE
  5
62A
330
17
100
AcDbEntity
  8
LINES
100
AcDbLine
 10
154.48
 20
82.84
 30
0.0
 11
155.07999999999998
 21
84.4
 31
0.0
  0
LINE
  5
62B
330
17
100
AcDbEntity
  8
LINES
100
AcDbLine
 10
155.92
 20
84.75999999999999
 30
0.0
 11
156.88
 21
84.75999999999999
 31
0.0
  0
LINE
  5
62C
330
17
100
AcDbEntity
  8
LINES
100
AcDbLine
 10
159.28
 20
84.75999999999999
 30
0.0
 11
160.48
 21
84.75999999999999
 31
0.0
  0
LINE
  5
62D
330
17
100
AcDbEntity
  8
LINES
100
AcDbLine
 10
161.32
 20
83.8
 30
0.0
 11
161.32
 21
85.36
 31
0.0
  0
LINE
  5
62E
330
17
100
AcDbEntity
  8
LINES
100
AcDbLine
 10
162.88
 20
83.8
 30
0.0
 11
162.88
 21
85.36
 31
0.0
  0
LINE
  5
62F
330
17
100
AcDbEntity
  8
LINES
100
AcDbLine
 10
163.84
 20
84.4
 30
0.0
 11
164.56
 21
84.4
 31
0.0
  0
LINE
  5
630
330
17
100
AcDbEntity
  8
LINES
100
AcDbLine
 10
164.68
 20
82.84
 30
0.0
 11
165.28
 21
84.4
 31
0.0
  0
LINE
  5
631
330
17
100
AcDbEntity
  8
LINES
100
AcDbLine
 10
167.44
 20
84.4
 30
0.0
 11
168.16
 21
84.4
 31
0.0
  0
LINE
  5
632
330
17
100
AcDbEntity
  8
LINES
100
AcDbLine
 10
168.28
 20
82.84
 30
0.0
 11
168.88
 21
84.4
 31
0.0
  0
LINE
  5
633
330
17
100
AcDbEntity
  8
LINES
100
AcDbLine
 10
169.84
 20
84.75999999999999
 30
0.0
 11
170.68
 21
84.75999999999999
 31
0.0
  0
LINE
  5
634
330
17
100
AcDbEntity
  8
LINES
100
AcDbLine
 10
172.0
 20
84.75999999999999
 30
0.0
 11
173.2
 21
84.75999999999999
 31
0.0
  0
LINE
  5
635
330
17
100
AcDbEntity
  8
LINES
100
AcDbLine
 10
174.04
 20
84.75999999999999
 30
0.0
 11
175.0
 21
84.75999999999999
 31
0.0
  0
LINE
  5
636
330
17
100
AcDbEntity
  8
LINES
100
AcDbLine
 10
176.2
 20
84.4
 30
0.0
 11
176.92
 21
84.4
 31
0.0
  0
LINE
  5
637
330
17
100
AcDbEntity
  8
LINES
100
AcDbLine
 10
177.04
 20
82.84
 30
0.0
 11
177.64
 21
84.4
 31
0.0
  0
LINE
  5
638
330
17
100
AcDbEntity
  8
LINES
100
AcDbLine
 10
178.6
 20
84.75999999999999
 30
0.0
 11
179.44
 21
84.75999999999999
 31
0.0
  0
LINE
  5
639
330
17
100
AcDbEntity
  8
LINES
100
AcDbLine
 10
183.76
 20
82.84
 30
0.0
 11
184.35999999999999
 21
82.84
 31
0.0
  0
LINE
  5
63A
330
17
100
AcDbEntity
  8
LINES
100
AcDbLine
 10
183.16
 20
83.68
 30
0.0
 11
183.16
 21
85.47999999999999
 31
0.0
  0
LINE
  5
63B
330
17
100
AcDbEntity
  8
LINES
100
AcDbLine
 10
183.76
 20
86.32
 30
0.0
 11
184.35999999999999
 21
86.32
 31
0.0
  0
LINE
  5
63C
330
17
100
AcDbEntity
  8
LINES
100
AcDbLine
 10
185.2
 20
84.75999999999999
 30
0.0
 11
186.16
 21
84.75999999999999
 31
0.0
  0
LINE
  5
63D
330
17
100
AcDbEntity
  8
LINES
100
AcDbLine
 10
188.56
 20
83.8
 30
0.0
 11
188.56
 21
85.36
 31
0.0
  0
LINE
  5
63E
330
17
100
AcDbEntity
  8
LINES
100
AcDbLine
 10
190.0
 20
83.8
 30
0.0
 11
190.0
 21
85.36
 31
0.0
  0
LINE
  5
63F
330
17
100
AcDbEntity
  8
LINES
100
AcDbLine
 10
196.35999999999999
 20
82.84
 30
0.0
 11
196.35999999999999
 21
84.52
 31
0.0
  0
LINE
  5
640
330
17
100
AcDbEntity
  8
LINES
100
AcDbLine
 10
198.16
 20
82.12
 30
0.0
 11
198.4
 21
82.84
 31
0.0
  0
LINE
  5
641
330
17
100
AcDbEntity
  8
LINES
100
AcDbLine
 10
201.64
 20
84.75999999999999
 30
0.0
 11
202.84
 21
84.75999999999999
 31
0.0
  0
LINE
  5
642
330
17
100
AcDbEntity
  8
LINES
100
AcDbLine
 10
204.04
 20
83.8
 30
0.0
 11
205.35999999999999
 21
83.8
 31
0.0
  0
LINE
  5
643
330
17
100
AcDbEntity
  8
LINES
100
AcDbLine
 10
206.56
 20
82.84
 30
0.0
 11
207.28
 21
82.84
 31
0.0
  0
LINE
  5
644
330
17
100
AcDbEntity
  8
LINES
100
AcDbLine
 10
206.56
 20
84.75999999999999
 30
0.0
 11
207.28
 21
84.75999999999999
 31
0.0
  0
LINE
  5
645
330
17
100
AcDbEntity
  8
LINES
100
AcDbLine
 10
208.95999999999998
 20
82.84
 30
0.0
 11
208.95999999999998
 21
83.08
 31
0.0
  0
LINE
  5
646
330
17
100
AcDbEntity
  8
LINES
100
AcDbLine
 10
211.35999999999999
 20
84.28
 30
0.0
 11
212.2
 21
84.88
 31
0.0
  0
LINE
  5
647
330
17
100
AcDbEntity
  8
LINES
100
AcDbLine
 10
213.4
 20
82.84
 30
0.0
 11
213.4
 21
86.32
 31
0.0
  0
LINE
  5
648
330
17
100
AcDbEntity
  8
LINES
100
AcDbLine
 10
213.4
 20
84.75999999999999
 30
0.0
 11
214.95999999999998
 21
84.75999999999999
 31
0.0
  0
LINE
  5
649
330
17
100
AcDbEntity
  8
LINES
100
AcDbLine
 10
214.95999999999998
 20
82.84
 30
0.0
 11
214.95999999999998
 21
86.32
 31
0.0
  0
LINE
  5
64A
330
17
100
AcDbEntity
  8
LINES
100
AcDbLine
 10
216.16
 20
83.8
 30
0.0
 11
217.35999999999999
 21
83.8
 31
0.0
  0
LINE
  5
64B
330
17
100
AcDbEntity
  8
LINES
100
AcDbLine
 10
223.95999999999998
 20
82.84
 30
0.0
 11
224.79999999999998
 21
82.84
 31
0.0
  0
LINE
  5
64C
330
17
100
AcDbEntity
  8
LINES
100
AcDbLine
 10
223.95999999999998
 20
84.75999999999999
 30
0.0
 11
224.79999999999998
 21
84.75999999999999
 31
0.0
  0
LINE
  5
64D
330
17
100
AcDbEntity
  8
LINES
100
AcDbLine
 10
226.48
 20
84.75999999999999
 30
0.0
 11
227.32
 21
84.75999999999999
 31
0.0
  0
LINE
  5
64E
330
17
100
AcDbEntity
  8
LINES
100
AcDbLine
 10
229.95999999999998
 20
83.8
 30
0.0
 11
231.28
 21
83.8
 31
0.0
  0
LINE
  5
64F
330
17
100
AcDbEntity
  8
LINES
100
AcDbLine
 10
233.2
 20
82.84
 30
0.0
 11
233.67999999999998
 21
82.84
 31
0.0
  0
LINE
  5
650
330
17
100
AcDbEntity
  8
LINES
100
AcDbLine
 10
232.48
 20
83.68
 30
0.0
 11
232.48
 21
85.47999999999999
 31
0.0
  0
LINE
  5
651
330
17
100
AcDbEntity
  8
LINES
100
AcDbLine
 10
233.2
 20
86.32
 30
0.0
 11
233.67999999999998
 21
86.32
 31
0.0
  0
LINE
  5
652
330
17
100
AcDbEntity
  8
LINES
100
AcDbLine
 10
235.23999999999998
 20
82.84
 30
0.0
 11
235.84
 21
82.84
 31
0.0
  0
LINE
  5
653
330
17
100
AcDbEntity
  8
LINES
100
AcDbLine
 10
234.51999999999998
 20
83.68
 30
0.0
 11
234.51999999999998
 21
85.47999999999999
 31
0.0
  0
LINE
  5
654
330
17
100
AcDbEntity
  8
LINES
100
AcDbLine
 10
235.23999999999998
 20
86.32
 30
0.0
 11
235.84
 21
86.32
 31
0.0
  0
LINE
  5
655
330
17
100
AcDbEntity
  8
LINES
100
AcDbLine
 10
236.67999999999998
 20
83.8
 30
0.0
 11
236.67999999999998
 21
85.36
 31
0.0
  0
LINE
  5
656
330
17
100
AcDbEntity
  8
LINES
100
AcDbLine
 10
238.23999999999998
 20
83.8
 30
0.0
 11
238.23999999999998
 21
85.36
 31
0.0
  0
LINE
  5
657
330
17
100
AcDbEntity
  8
LINES
100
AcDbLine
 10
239.07999999999998
 20
84.4
 30
0.0
 11
239.79999999999998
 21
84.4
 31
0.0
  0
LINE
  5
658
330
17
100
AcDbEntity
  8
LINES
100
AcDbLine
 10
240.04
 20
82.84
 30
0.0
 11
240.64
 21
84.4
 31
0.0
  0
LINE
  5
659
330
17
100
AcDbEntity
  8
LINES
100
AcDbLine
 10
241.48
 20
82.84
 30
0.0
 11
242.2
 21
82.84
 31
0.0
  0
LINE
  5
65A
330
17
100
AcDbEntity
  8
LINES
100
AcDbLine
 10
243.04
 20
83.91999999999999
 30
0.0
 11
243.04
 21
85.24
 31
0.0
  0
LINE
  5
65B
330
17
100
AcDbEntity
  8
LINES
100
AcDbLine
 10
244.23999999999998
 20
83.8
 30
0.0
 11
245.44
 21
83.8
 31
0.0
  0
LINE
  5
65C
330
17
100
AcDbEntity
  8
LINES
100
AcDbLine
 10
249.76
 20
82.84
 30
0.0
 11
250.23999999999998
 21
82.84
 31
0.0
  0
LINE
  5
65D
330
17
100
AcDbEntity
  8
LINES
100
AcDbLine
 10
249.04
 20
83.68
 30
0.0
 11
249.04
 21
85.47999999999999
 31
0.0
  0
LINE
  5
65E
330
17
100
AcDbEntity
  8
LINES
100
AcDbLine
 10
249.76
 20
86.32
 30
0.0
 11
250.23999999999998
 21
86.32
 31
0.0
  0
LINE
  5
65F
330
17
100
AcDbEntity
  8
LINES
100
AcDbLine
 10
251.2
 20
84.75999999999999
 30
0.0
 11
252.04
 21
84.75999999999999
 31
0.0
  0
LINE
  5
660
330
17
100
AcDbEntity
  8
LINES
100
AcDbLine
 10
257.79999999999995
 20
82.84
 30
0.0
 11
257.79999999999995
 21
86.32
 31
0.0
  0
LINE
  5
661
330
17
100
AcDbEntity
  8
LINES
100
AcDbLine
 10
259.48
 20
82.84
 30
0.0
 11
259.48
 21
86.32
 31
0.0
  0
LINE
  5
662
330
17
100
AcDbEntity
  8
LINES
100
AcDbLine
 10
258.76
 20
86.32
 30
0.0
 11
260.2
 21
86.32
 31
0.0
  0
LINE
  5
663
330
17
100
AcDbEntity
  8
LINES
100
AcDbLine
 10
261.15999999999997
 20
82.84
 30
0.0
 11
261.15999999999997
 21
86.32
 31
0.0
  0
LINE
  5
664
330
17
100
AcDbEntity
  8
LINES
100
AcDbLine
 10
261.15999999999997
 20
84.75999999999999
 30
0.0
 11
262.6
 21
84.75999999999999
 31
0.0
  0
LINE
  5
665
330
17
100
AcDbEntity
  8
LINES
100
AcDbLine
 10
262.6
 20
82.84
 30
0.0
 11
262.6
 21
86.32
 31
0.0
  0
LINE
  5
666
330
17
100
AcDbEntity
  8
LINES
100
AcDbLine
 10
264.76
 20
84.4
 30
0.0
 11
265.48
 21
84.4
 31
0.0
  0
LINE
  5
667
330
17
100
AcDbEntity
  8
LINES
100
AcDbLine
 10
267.15999999999997
 20
82.84
 30
0.0
 11
267.15999999999997
 21
86.32
 31
0.0
  0
LINE
  5
668
330
17
100
AcDbEntity
  8
LINES
100
AcDbLine
 10
268.12
 20
84.4
 30
0.0
 11
268.84000000000003
 21
84.4
 31
0.0
  0
LINE
  5
669
330
17
100
AcDbEntity
  8
LINES
100
AcDbLine
 10
270.52
 20
84.75999999999999
 30
0.0
 11
271.36
 21
84.75999999999999
 31
0.0
  0
LINE
  5
66A
330
17
100
AcDbEntity
  8
LINES
100
AcDbLine
 10
274.12
 20
84.28
 30
0.0
 11
274.96
 21
84.88
 31
0.0
  0
LINE
  5
66B
330
17
100
AcDbEntity
  8
LINES
100
AcDbLine
 10
276.28
 20
83.8
 30
0.0
 11
276.28
 21
86.32
 31
0.0
  0
LINE
  5
66C
330
17
100
AcDbEntity
  8
LINES
100
AcDbLine
 10
277.71999999999997
 20
83.8
 30
0.0
 11
277.71999999999997
 21
86.32
 31
0.0
  0
LINE
  5
66D
330
17
100
AcDbEntity
  8
LINES
100
AcDbLine
 10
278.68
 20
84.4
 30
0.0
 11
279.4
 21
84.4
 31
0.0
  0
LINE
  5
66E
330
17
100
AcDbEntity
  8
LINES
100
AcDbLine
 10
281.08
 20
84.4
 30
0.0
 11
281.8
 21
84.4
 31
0.0
  0
LINE
  5
66F
330
17
100
AcDbEntity
  8
LINES
100
AcDbLine
 10
283.48
 20
83.8
 30
0.0
 11
283.48
 21
85.36
 31
0.0
  0
LINE
  5
670
330
17
100
AcDbEntity
  8
LINES
100
AcDbLine
 10
285.03999999999996
 20
83.8
 30
0.0
 11
285.03999999999996
 21
85.36
 31
0.0
  0
LINE
  5
671
330
17
100
AcDbEntity
  8
LINES
100
AcDbLine
 10
285.88
 20
84.4
 30
0.0
 11
286.59999999999997
 21
84.4
 31
0.0
  0
LINE
  5
672
330
17
100
AcDbEntity
  8
LINES
100
AcDbLine
 10
286.84
 20
82.84
 30
0.0
 11
287.44
 21
84.4
 31
0.0
  0
LINE
  5
673
330
17
100
AcDbEntity
  8
LINES
100
AcDbLine
 10
289.12
 20
82.84
 30
0.0
 11
289.12
 21
86.32
 31
0.0
  0
LINE
  5
674
330
17
100
AcDbEntity
  8
LINES
100
AcDbLine
 10
288.28
 20
86.32
 30
0.0
 11
289.84
 21
86.32
 31
0.0
  0
LINE
  5
675
330
17
100
AcDbEntity
  8
LINES
100
AcDbLine
 10
291.88
 20
82.84
 30
0.0
 11
292.59999999999997
 21
82.84
 31
0.0
  0
LINE
  5
676
330
17
100
AcDbEntity
  8
LINES
100
AcDbLine
 10
293.44
 20
83.91999999999999
 30
0.0
 11
293.44
 21
85.24
 31
0.0
  0
LINE
  5
677
330
17
100
AcDbEntity
  8
LINES
100
AcDbLine
 10
294.4
 20
84.4
 30
0.0
 11
295.12
 21
84.4
 31
0.0
  0
LINE
  5
678
330
17
100
AcDbEntity
  8
LINES
100
AcDbLine
 10
295.24
 20
82.84
 30
0.0
 11
295.84
 21
84.4
 31
0.0
  0
LINE
  5
679
330
17
100
AcDbEntity
  8
LINES
100
AcDbLine
 10
297.03999999999996
 20
83.8
 30
0.0
 11
298.36
 21
83.8
 31
0.0
  0
LINE
  5
67A
330
17
100
AcDbEntity
  8
LINES
100
AcDbLine
 10
302.8
 20
82.84
 30
0.0
 11
302.8
 21
86.32
 31
0.0
  0
LINE
  5
67B
330
17
100
AcDbEntity
  8
LINES
100
AcDbLine
 10
306.15999999999997
 20
83.8
 30
0.0
 11
306.15999999999997
 21
85.36
 31
0.0
  0
LINE
  5
67C
330
17
100
AcDbEntity
  8
LINES
100
AcDbLine
 10
306.88
 20
86.32
 30
0.0
 11
307.59999999999997
 21
86.32
 31
0.0
  0
LINE
  5
67D
330
17
100
AcDbEntity
  8
LINES
100
AcDbLine
 10
308.92
 20
84.28
 30
0.0
 11
309.76
 21
84.88
 31
0.0
  0
LINE
  5
67E
330
17
100
AcDbEntity
  8
LINES
100
AcDbLine
 10
310.96
 20
82.84
 30
0.0
 11
310.96
 21
83.08
 31
0.0
  0
LINE
  5
67F
330
17
100
AcDbEntity
  8
LINES
100
AcDbLine
 10
785.3199999999999
 20
97.24
 30
0.0
 11
786.16
 21
97.24
 31
0.0
  0
LINE
  5
680
330
17
100
AcDbEntity
  8
LINES
100
AcDbLine
 10
52.24
 20
93.88
 30
0.0
 11
1137.1599999999999
 21
93.88
 31
0.0
  0
LINE
  5
681
330
17
100
AcDbEntity
  8
LINES
100
AcDbLine
 10
54.519999999999996
 20
80.19999999999999
 30
0.0
 11
55.12
 21
80.19999999999999
 31
0.0
  0
LINE
  5
682
330
17
100
AcDbEntity
  8
LINES
100
AcDbLine
 10
54.76
 20
78.64
 30
0.0
 11
55.12
 21
78.64
 31
0.0
  0
LINE
  5
683
330
17
100
AcDbEntity
  8
LINES
100
AcDbLine
 10
55.72
 20
77.56
 30
0.0
 11
55.72
 21
77.92
 31
0.0
  0
LINE
  5
684
330
17
100
AcDbEntity
  8
LINES
100
AcDbLine
 10
54.519999999999996
 20
76.84
 30
0.0
 11
55.12
 21
76.84
 31
0.0
  0
LINE
  5
685
330
17
100
AcDbEntity
  8
LINES
100
AcDbLine
 10
56.68
 20
76.84
 30
0.0
 11
56.68
 21
76.96000000000001
 31
0.0
  0
LINE
  5
686
330
17
100
AcDbEntity
  8
LINES
100
AcDbLine
 10
58.72
 20
78.64
 30
0.0
 11
59.92
 21
78.64
 31
0.0
  0
LINE
  5
687
330
17
100
AcDbEntity
  8
LINES
100
AcDbLine
 10
60.879999999999995
 20
77.8
 30
0.0
 11
60.879999999999995
 21
79.24
 31
0.0
  0
LINE
  5
688
330
17
100
AcDbEntity
  8
LINES
100
AcDbLine
 10
62.32
 20
77.8
 30
0.0
 11
62.32
 21
79.24
 31
0.0
  0
LINE
  5
689
330
17
100
AcDbEntity
  8
LINES
100
AcDbLine
 10
63.28
 20
78.28
 30
0.0
 11
64.0
 21
78.28
 31
0.0
  0
LINE
  5
68A
330
17
100
AcDbEntity
  8
LINES
100
AcDbLine
 10
64.12
 20
76.84
 30
0.0
 11
64.72
 21
78.28
 31
0.0
  0
LINE
  5
68B
330
17
100
AcDbEntity
  8
LINES
100
AcDbLine
 10
69.28
 20
77.8
 30
0.0
 11
69.28
 21
79.24
 31
0.0
  0
LINE
  5
68C
330
17
100
AcDbEntity
  8
LINES
100
AcDbLine
 10
70.84
 20
77.8
 30
0.0
 11
70.84
 21
79.24
 31
0.0
  0
LINE
  5
68D
330
17
100
AcDbEntity
  8
LINES
100
AcDbLine
 10
76.0
 20
76.84
 30
0.0
 11
76.6
 21
76.84
 31
0.0
  0
LINE
  5
68E
330
17
100
AcDbEntity
  8
LINES
100
AcDbLine
 10
75.4
 20
77.68
 30
0.0
 11
75.4
 21
79.36
 31
0.0
  0
LINE
  5
68F
330
17
100
AcDbEntity
  8
LINES
100
AcDbLine
 10
76.0
 20
80.19999999999999
 30
0.0
 11
76.6
 21
80.19999999999999
 31
0.0
  0
LINE
  5
690
330
17
100
AcDbEntity
  8
LINES
100
AcDbLine
 10
77.44
 20
78.28
 30
0.0
 11
78.16
 21
78.28
 31
0.0
  0
LINE
  5
691
330
17
100
AcDbEntity
  8
LINES
100
AcDbLine
 10
78.4
 20
76.84
 30
0.0
 11
79.0
 21
78.28
 31
0.0
  0
LINE
  5
692
330
17
100
AcDbEntity
  8
LINES
100
AcDbLine
 10
79.84
 20
76.84
 30
0.0
 11
79.84
 21
80.19999999999999
 31
0.0
  0
LINE
  5
693
330
17
100
AcDbEntity
  8
LINES
100
AcDbLine
 10
81.52
 20
76.84
 30
0.0
 11
81.52
 21
80.19999999999999
 31
0.0
  0
LINE
  5
694
330
17
100
AcDbEntity
  8
LINES
100
AcDbLine
 10
80.8
 20
80.19999999999999
 30
0.0
 11
82.24
 21
80.19999999999999
 31
0.0
  0
LINE
  5
695
330
17
100
AcDbEntity
  8
LINES
100
AcDbLine
 10
83.2
 20
76.84
 30
0.0
 11
83.2
 21
80.19999999999999
 31
0.0
  0
LINE
  5
696
330
17
100
AcDbEntity
  8
LINES
100
AcDbLine
 10
84.75999999999999
 20
76.84
 30
0.0
 11
85.36
 21
76.84
 31
0.0
  0
LINE
  5
697
330
17
100
AcDbEntity
  8
LINES
100
AcDbLine
 10
84.03999999999999
 20
77.68
 30
0.0
 11
84.03999999999999
 21
79.36
 31
0.0
  0
LINE
  5
698
330
17
100
AcDbEntity
  8
LINES
100
AcDbLine
 10
84.75999999999999
 20
80.19999999999999
 30
0.0
 11
85.36
 21
80.19999999999999
 31
0.0
  0
LINE
  5
699
330
17
100
AcDbEntity
  8
LINES
100
AcDbLine
 10
86.44
 20
77.8
 30
0.0
 11
87.75999999999999
 21
77.8
 31
0.0
  0
LINE
  5
69A
330
17
100
AcDbEntity
  8
LINES
100
AcDbLine
 10
92.2
 20
78.28
 30
0.0
 11
93.03999999999999
 21
78.28
 31
0.0
  0
LINE
  5
69B
330
17
100
AcDbEntity
  8
LINES
100
AcDbLine
 10
94.72
 20
76.84
 30
0.0
 11
94.72
 21
80.19999999999999
 31
0.0
  0
LINE
  5
69C
330
17
100
AcDbEntity
  8
LINES
100
AcDbLine
 10
95.56
 20
78.28
 30
0.0
 11
96.28
 21
78.28
 31
0.0
  0
LINE
  5
69D
330
17
100
AcDbEntity
  8
LINES
100
AcDbLine
 10
97.96
 20
78.64
 30
0.0
 11
98.92
 21
78.64
 31
0.0
  0
LINE
  5
69E
330
17
100
AcDbEntity
  8
LINES
100
AcDbLine
 10
101.67999999999999
 20
78.28
 30
0.0
 11
102.52
 21
78.75999999999999
 31
0.0
  0
LINE
  5
69F
330
17
100
AcDbEntity
  8
LINES
100
AcDbLine
 10
103.72
 20
76.84
 30
0.0
 11
103.72
 21
80.19999999999999
 31
0.0
  0
LINE
  5
6A0
330
17
100
AcDbEntity
  8
LINES
100
AcDbLine
 10
107.08
 20
78.64
 30
0.0
 11
107.92
 21
78.64
 31
0.0
  0
LINE
  5
6A1
330
17
100
AcDbEntity
  8
LINES
100
AcDbLine
 10
109.47999999999999
 20
78.28
 30
0.0
 11
110.32
 21
78.75999999999999
 31
0.0
  0
LINE
  5
6A2
330
17
100
AcDbEntity
  8
LINES
100
AcDbLine
 10
114.28
 20
77.92
 30
0.0
 11
115.47999999999999
 21
77.92
 31
0.0
  0
LINE
  5
6A3
330
17
100
AcDbEntity
  8
LINES
100
AcDbLine
 10
117.88
 20
76.84
 30
0.0
 11
119.08
 21
80.19999999999999
 31
0.0
  0
LINE
  5
6A4
330
17
100
AcDbEntity
  8
LINES
100
AcDbLine
 10
122.08
 20
79.47999999999999
 30
0.0
 11
122.32
 21
80.19999999999999
 31
0.0
  0
LINE
  5
6A5
330
17
100
AcDbEntity
  8
LINES
100
AcDbLine
 10
122.92
 20
79.47999999999999
 30
0.0
 11
123.03999999999999
 21
80.19999999999999
 31
0.0
  0
LINE
  5
6A6
330
17
100
AcDbEntity
  8
LINES
100
AcDbLine
 10
125.44
 20
77.8
 30
0.0
 11
126.64
 21
77.8
 31
0.0
  0
LINE
  5
6A7
330
17
100
AcDbEntity
  8
LINES
100
AcDbLine
 10
130.24
 20
76.84
 30
0.0
 11
130.95999999999998
 21
76.84
 31
0.0
  0
LINE
  5
6A8
330
17
100
AcDbEntity
  8
LINES
100
AcDbLine
 10
131.8
 20
77.8
 30
0.0
 11
131.8
 21
79.12
 31
0.0
  0
LINE
  5
6A9
330
17
100
AcDbEntity
  8
LINES
100
AcDbLine
 10
133.95999999999998
 20
76.84
 30
0.0
 11
134.68
 21
76.84
 31
0.0
  0
LINE
  5
6AA
330
17
100
AcDbEntity
  8
LINES
100
AcDbLine
 10
133.95999999999998
 20
78.64
 30
0.0
 11
134.68
 21
78.64
 31
0.0
  0
LINE
  5
6AB
330
17
100
AcDbEntity
  8
LINES
100
AcDbLine
 10
136.36
 20
78.64
 30
0.0
 11
137.2
 21
78.64
 31
0.0
  0
LINE
  5
6AC
330
17
100
AcDbEntity
  8
LINES
100
AcDbLine
 10
140.56
 20
77.8
 30
0.0
 11
140.56
 21
79.24
 31
0.0
  0
LINE
  5
6AD
330
17
100
AcDbEntity
  8
LINES
100
AcDbLine
 10
142.0
 20
77.8
 30
0.0
 11
142.0
 21
79.24
 31
0.0
  0
LINE
  5
6AE
330
17
100
AcDbEntity
  8
LINES
100
AcDbLine
 10
146.32
 20
76.0
 30
0.0
 11
146.44
 21
76.84
 31
0.0
  0
LINE
  5
6AF
330
17
100
AcDbEntity
  8
LINES
100
AcDbLine
 10
149.32
 20
76.84
 30
0.0
 11
149.32
 21
80.19999999999999
 31
0.0
  0
LINE
  5
6B0
330
17
100
AcDbEntity
  8
LINES
100
AcDbLine
 10
148.6
 20
80.19999999999999
 30
0.0
 11
150.04
 21
80.19999999999999
 31
0.0
  0
LINE
  5
6B1
330
17
100
AcDbEntity
  8
LINES
100
AcDbLine
 10
151.0
 20
76.84
 30
0.0
 11
151.0
 21
80.19999999999999
 31
0.0
  0
LINE
  5
6B2
330
17
100
AcDbEntity
  8
LINES
100
AcDbLine
 10
151.0
 20
78.64
 30
0.0
 11
152.44
 21
78.64
 31
0.0
  0
LINE
  5
6B3
330
17
100
AcDbEntity
  8
LINES
100
AcDbLine
 10
152.44
 20
76.84
 30
0.0
 11
152.44
 21
80.19999999999999
 31
0.0
  0
LINE
  5
6B4
330
17
100
AcDbEntity
  8
LINES
100
AcDbLine
 10
153.4
 20
78.64
 30
0.0
 11
154.24
 21
78.64
 31
0.0
  0
LINE
  5
6B5
330
17
100
AcDbEntity
  8
LINES
100
AcDbLine
 10
156.64
 20
78.64
 30
0.0
 11
157.96
 21
78.64
 31
0.0
  0
LINE
  5
6B6
330
17
100
AcDbEntity
  8
LINES
100
AcDbLine
 10
158.79999999999998
 20
76.84
 30
0.0
 11
158.79999999999998
 21
80.19999999999999
 31
0.0
  0
LINE
  5
6B7
330
17
100
AcDbEntity
  8
LINES
100
AcDbLine
 10
162.4
 20
77.8
 30
0.0
 11
163.72
 21
77.8
 31
0.0
  0
LINE
  5
6B8
330
17
100
AcDbEntity
  8
LINES
100
AcDbLine
 10
168.16
 20
78.28
 30
0.0
 11
168.88
 21
78.28
 31
0.0
  0
LINE
  5
6B9
330
17
100
AcDbEntity
  8
LINES
100
AcDbLine
 10
169.12
 20
76.84
 30
0.0
 11
169.72
 21
78.28
 31
0.0
  0
LINE
  5
6BA
330
17
100
AcDbEntity
  8
LINES
100
AcDbLine
 10
170.56
 20
77.8
 30
0.0
 11
170.56
 21
79.24
 31
0.0
  0
LINE
  5
6BB
330
17
100
AcDbEntity
  8
LINES
100
AcDbLine
 10
172.12
 20
77.8
 30
0.0
 11
172.12
 21
79.24
 31
0.0
  0
LINE
  5
6BC
330
17
100
AcDbEntity
  8
LINES
100
AcDbLine
 10
172.96
 20
77.8
 30
0.0
 11
172.96
 21
80.19999999999999
 31
0.0
  0
LINE
  5
6BD
330
17
100
AcDbEntity
  8
LINES
100
AcDbLine
 10
174.51999999999998
 20
77.8
 30
0.0
 11
174.51999999999998
 21
80.19999999999999
 31
0.0
  0
LINE
  5
6BE
330
17
100
AcDbEntity
  8
LINES
100
AcDbLine
 10
176.2
 20
76.84
 30
0.0
 11
176.2
 21
80.19999999999999
 31
0.0
  0
LINE
  5
6BF
330
17
100
AcDbEntity
  8
LINES
100
AcDbLine
 10
175.35999999999999
 20
80.19999999999999
 30
0.0
 11
176.92
 21
80.19999999999999
 31
0.0
  0
LINE
  5
6C0
330
17
100
AcDbEntity
  8
LINES
100
AcDbLine
 10
177.88
 20
76.84
 30
0.0
 11
177.88
 21
80.19999999999999
 31
0.0
  0
LINE
  5
6C1
330
17
100
AcDbEntity
  8
LINES
100
AcDbLine
 10
181.12
 20
77.8
 30
0.0
 11
181.12
 21
79.24
 31
0.0
  0
LINE
  5
6C2
330
17
100
AcDbEntity
  8
LINES
100
AcDbLine
 10
181.96
 20
80.19999999999999
 30
0.0
 11
182.68
 21
80.19999999999999
 31
0.0
  0
LINE
  5
6C3
330
17
100
AcDbEntity
  8
LINES
100
AcDbLine
 10
185.07999999999998
 20
77.8
 30
0.0
 11
186.28
 21
77.8
 31
0.0
  0
LINE
  5
6C4
330
17
100
AcDbEntity
  8
LINES
100
AcDbLine
 10
189.88
 20
76.84
 30
0.0
 11
190.6
 21
76.84
 31
0.0
  0
LINE
  5
6C5
330
17
100
AcDbEntity
  8
LINES
100
AcDbLine
 10
191.44
 20
77.8
 30
0.0
 11
191.44
 21
79.12
 31
0.0
  0
LINE
  5
6C6
330
17
100
AcDbEntity
  8
LINES
100
AcDbLine
 10
193.84
 20
78.28
 30
0.0
 11
194.68
 21
78.75999999999999
 31
0.0
  0
LINE
  5
6C7
330
17
100
AcDbEntity
  8
LINES
100
AcDbLine
 10
195.88
 20
77.8
 30
0.0
 11
195.88
 21
80.19999999999999
 31
0.0
  0
LINE
  5
6C8
330
17
100
AcDbEntity
  8
LINES
100
AcDbLine
 10
197.44
 20
77.8
 30
0.0
 11
197.44
 21
80.19999999999999
 31
0.0
  0
LINE
  5
6C9
330
17
100
AcDbEntity
  8
LINES
100
AcDbLine
 10
198.4
 20
78.28
 30
0.0
 11
199.12
 21
78.28
 31
0.0
  0
LINE
  5
6CA
330
17
100
AcDbEntity
  8
LINES
100
AcDbLine
 10
200.79999999999998
 20
78.28
 30
0.0
 11
201.51999999999998
 21
78.28
 31
0.0
  0
LINE
  5
6CB
330
17
100
AcDbEntity
  8
LINES
100
AcDbLine
 10
203.2
 20
77.8
 30
0.0
 11
203.2
 21
79.24
 31
0.0
  0
LINE
  5
6CC
330
17
100
AcDbEntity
  8
LINES
100
AcDbLine
 10
204.64
 20
77.8
 30
0.0
 11
204.64
 21
79.24
 31
0.0
  0
LINE
  5
6CD
330
17
100
AcDbEntity
  8
LINES
100
AcDbLine
 10
205.6
 20
78.28
 30
0.0
 11
206.32
 21
78.28
 31
0.0
  0
LINE
  5
6CE
330
17
100
AcDbEntity
  8
LINES
100
AcDbLine
 10
206.56
 20
76.84
 30
0.0
 11
207.16
 21
78.28
 31
0.0
  0
LINE
  5
6CF
330
17
100
AcDbEntity
  8
LINES
100
AcDbLine
 10
208.72
 20
76.84
 30
0.0
 11
208.72
 21
80.19999999999999
 31
0.0
  0
LINE
  5
6D0
330
17
100
AcDbEntity
  8
LINES
100
AcDbLine
 10
208.0
 20
80.19999999999999
 30
0.0
 11
209.56
 21
80.19999999999999
 31
0.0
  0
LINE
  5
6D1
330
17
100
AcDbEntity
  8
LINES
100
AcDbLine
 10
210.76
 20
78.28
 30
0.0
 11
211.6
 21
78.75999999999999
 31
0.0
  0
LINE
  5
6D2
330
17
100
AcDbEntity
  8
LINES
100
AcDbLine
 10
214.35999999999999
 20
77.8
 30
0.0
 11
215.56
 21
77.8
 31
0.0
  0
LINE
  5
6D3
330
17
100
AcDbEntity
  8
LINES
100
AcDbLine
 10
216.76
 20
78.28
 30
0.0
 11
217.48
 21
78.28
 31
0.0
  0
LINE
  5
6D4
330
17
100
AcDbEntity
  8
LINES
100
AcDbLine
 10
217.72
 20
76.84
 30
0.0
 11
218.32
 21
78.28
 31
0.0
  0
LINE
  5
6D5
330
17
100
AcDbEntity
  8
LINES
100
AcDbLine
 10
219.16
 20
78.64
 30
0.0
 11
220.12
 21
78.64
 31
0.0
  0
LINE
  5
6D6
330
17
100
AcDbEntity
  8
LINES
100
AcDbLine
 10
223.23999999999998
 20
76.84
 30
0.0
 11
223.23999999999998
 21
80.19999999999999
 31
0.0
  0
LINE
  5
6D7
330
17
100
AcDbEntity
  8
LINES
100
AcDbLine
 10
222.51999999999998
 20
80.19999999999999
 30
0.0
 11
223.95999999999998
 21
80.19999999999999
 31
0.0
  0
LINE
  5
6D8
330
17
100
AcDbEntity
  8
LINES
100
AcDbLine
 10
224.92
 20
77.8
 30
0.0
 11
224.92
 21
79.24
 31
0.0
  0
LINE
  5
6D9
330
17
100
AcDbEntity
  8
LINES
100
AcDbLine
 10
226.48
 20
77.8
 30
0.0
 11
226.48
 21
79.24
 31
0.0
  0
LINE
  5
6DA
330
17
100
AcDbEntity
  8
LINES
100
AcDbLine
 10
228.51999999999998
 20
76.84
 30
0.0
 11
229.23999999999998
 21
76.84
 31
0.0
  0
LINE
  5
6DB
330
17
100
AcDbEntity
  8
LINES
100
AcDbLine
 10
228.51999999999998
 20
78.64
 30
0.0
 11
229.23999999999998
 21
78.64
 31
0.0
  0
LINE
  5
6DC
330
17
100
AcDbEntity
  8
LINES
100
AcDbLine
 10
230.92
 20
78.64
 30
0.0
 11
231.88
 21
78.64
 31
0.0
  0
LINE
  5
6DD
330
17
100
AcDbEntity
  8
LINES
100
AcDbLine
 10
235.0
 20
76.84
 30
0.0
 11
235.48
 21
76.84
 31
0.0
  0
LINE
  5
6DE
330
17
100
AcDbEntity
  8
LINES
100
AcDbLine
 10
234.28
 20
77.68
 30
0.0
 11
234.28
 21
79.36
 31
0.0
  0
LINE
  5
6DF
330
17
100
AcDbEntity
  8
LINES
100
AcDbLine
 10
235.0
 20
80.19999999999999
 30
0.0
 11
235.48
 21
80.19999999999999
 31
0.0
  0
LINE
  5
6E0
330
17
100
AcDbEntity
  8
LINES
100
AcDbLine
 10
236.44
 20
77.8
 30
0.0
 11
236.44
 21
79.24
 31
0.0
  0
LINE
  5
6E1
330
17
100
AcDbEntity
  8
LINES
100
AcDbLine
 10
237.88
 20
77.8
 30
0.0
 11
237.88
 21
79.24
 31
0.0
  0
LINE
  5
6E2
330
17
100
AcDbEntity
  8
LINES
100
AcDbLine
 10
241.23999999999998
 20
78.64
 30
0.0
 11
242.44
 21
78.64
 31
0.0
  0
LINE
  5
6E3
330
17
100
AcDbEntity
  8
LINES
100
AcDbLine
 10
243.28
 20
76.84
 30
0.0
 11
243.28
 21
80.19999999999999
 31
0.0
  0
LINE
  5
6E4
330
17
100
AcDbEntity
  8
LINES
100
AcDbLine
 10
244.23999999999998
 20
78.28
 30
0.0
 11
244.95999999999998
 21
78.28
 31
0.0
  0
LINE
  5
6E5
330
17
100
AcDbEntity
  8
LINES
100
AcDbLine
 10
245.2
 20
76.84
 30
0.0
 11
245.79999999999998
 21
78.28
 31
0.0
  0
LINE
  5
6E6
330
17
100
AcDbEntity
  8
LINES
100
AcDbLine
 10
246.64
 20
78.64
 30
0.0
 11
247.6
 21
78.64
 31
0.0
  0
LINE
  5
6E7
330
17
100
AcDbEntity
  8
LINES
100
AcDbLine
 10
248.79999999999998
 20
76.84
 30
0.0
 11
249.39999999999998
 21
76.84
 31
0.0
  0
LINE
  5
6E8
330
17
100
AcDbEntity
  8
LINES
100
AcDbLine
 10
250.23999999999998
 20
77.8
 30
0.0
 11
250.23999999999998
 21
79.12
 31
0.0
  0
LINE
  5
6E9
330
17
100
AcDbEntity
  8
LINES
100
AcDbLine
 10
252.39999999999998
 20
76.84
 30
0.0
 11
253.12
 21
76.84
 31
0.0
  0
LINE
  5
6EA
330
17
100
AcDbEntity
  8
LINES
100
AcDbLine
 10
252.39999999999998
 20
78.64
 30
0.0
 11
253.12
 21
78.64
 31
0.0
  0
LINE
  5
6EB
330
17
100
AcDbEntity
  8
LINES
100
AcDbLine
 10
255.76
 20
76.84
 30
0.0
 11
255.76
 21
78.52
 31
0.0
  0
LINE
  5
6EC
330
17
100
AcDbEntity
  8
LINES
100
AcDbLine
 10
258.76
 20
78.64
 30
0.0
 11
259.96
 21
78.64
 31
0.0
  0
LINE
  5
6ED
330
17
100
AcDbEntity
  8
LINES
100
AcDbLine
 10
260.79999999999995
 20
76.84
 30
0.0
 11
260.79999999999995
 21
80.19999999999999
 31
0.0
  0
LINE
  5
6EE
330
17
100
AcDbEntity
  8
LINES
100
AcDbLine
 10
261.76
 20
78.64
 30
0.0
 11
262.6
 21
78.64
 31
0.0
  0
LINE
  5
6EF
330
17
100
AcDbEntity
  8
LINES
100
AcDbLine
 10
265.96
 20
76.84
 30
0.0
 11
266.67999999999995
 21
76.84
 31
0.0
  0
LINE
  5
6F0
330
17
100
AcDbEntity
  8
LINES
100
AcDbLine
 10
267.52
 20
77.8
 30
0.0
 11
267.52
 21
79.12
 31
0.0
  0
LINE
  5
6F1
330
17
100
AcDbEntity
  8
LINES
100
AcDbLine
 10
268.36
 20
76.84
 30
0.0
 11
268.36
 21
76.96000000000001
 31
0.0
  0
LINE
  5
6F2
330
17
100
AcDbEntity
  8
LINES
100
AcDbLine
 10
54.4
 20
65.8
 30
0.0
 11
55.0
 21
65.8
 31
0.0
  0
LINE
  5
6F3
330
17
100
AcDbEntity
  8
LINES
100
AcDbLine
 10
55.6
 20
66.52
 30
0.0
 11
55.6
 21
66.88
 31
0.0
  0
LINE
  5
6F4
330
17
100
AcDbEntity
  8
LINES
100
AcDbLine
 10
56.559999999999995
 20
65.8
 30
0.0
 11
56.559999999999995
 21
65.92
 31
0.0
  0
LINE
  5
6F5
330
17
100
AcDbEntity
  8
LINES
100
AcDbLine
 10
58.72
 20
67.6
 30
0.0
 11
59.92
 21
67.6
 31
0.0
  0
LINE
  5
6F6
330
17
100
AcDbEntity
  8
LINES
100
AcDbLine
 10
60.76
 20
66.64
 30
0.0
 11
60.76
 21
68.19999999999999
 31
0.0
  0
LINE
  5
6F7
330
17
100
AcDbEntity
  8
LINES
100
AcDbLine
 10
62.32
 20
66.64
 30
0.0
 11
62.32
 21
68.19999999999999
 31
0.0
  0
LINE
  5
6F8
330
17
100
AcDbEntity
  8
LINES
100
AcDbLine
 10
63.16
 20
67.24000000000001
 30
0.0
 11
64.0
 21
67.24000000000001
 31
0.0
  0
LINE
  5
6F9
330
17
100
AcDbEntity
  8
LINES
100
AcDbLine
 10
64.12
 20
65.8
 30
0.0
 11
64.72
 21
67.24000000000001
 31
0.0
  0
LINE
  5
6FA
330
17
100
AcDbEntity
  8
LINES
100
AcDbLine
 10
67.12
 20
67.12
 30
0.0
 11
67.96000000000001
 21
67.72
 31
0.0
  0
LINE
  5
6FB
330
17
100
AcDbEntity
  8
LINES
100
AcDbLine
 10
69.28
 20
66.64
 30
0.0
 11
69.28
 21
69.16
 31
0.0
  0
LINE
  5
6FC
330
17
100
AcDbEntity
  8
LINES
100
AcDbLine
 10
70.72
 20
66.64
 30
0.0
 11
70.72
 21
69.16
 31
0.0
  0
LINE
  5
6FD
330
17
100
AcDbEntity
  8
LINES
100
AcDbLine
 10
71.68
 20
67.24000000000001
 30
0.0
 11
72.4
 21
67.24000000000001
 31
0.0
  0
LINE
  5
6FE
330
17
100
AcDbEntity
  8
LINES
100
AcDbLine
 10
74.08
 20
67.24000000000001
 30
0.0
 11
74.8
 21
67.24000000000001
 31
0.0
  0
LINE
  5
6FF
330
17
100
AcDbEntity
  8
LINES
100
AcDbLine
 10
76.47999999999999
 20
66.64
 30
0.0
 11
76.47999999999999
 21
68.19999999999999
 31
0.0
  0
LINE
  5
700
330
17
100
AcDbEntity
  8
LINES
100
AcDbLine
 10
78.03999999999999
 20
66.64
 30
0.0
 11
78.03999999999999
 21
68.19999999999999
 31
0.0
  0
LINE
  5
701
330
17
100
AcDbEntity
  8
LINES
100
AcDbLine
 10
78.88
 20
67.24000000000001
 30
0.0
 11
79.6
 21
67.24000000000001
 31
0.0
  0
LINE
  5
702
330
17
100
AcDbEntity
  8
LINES
100
AcDbLine
 10
79.84
 20
65.8
 30
0.0
 11
80.44
 21
67.24000000000001
 31
0.0
  0
LINE
  5
703
330
17
100
AcDbEntity
  8
LINES
100
AcDbLine
 10
82.0
 20
65.8
 30
0.0
 11
82.0
 21
69.16
 31
0.0
  0
LINE
  5
704
330
17
100
AcDbEntity
  8
LINES
100
AcDbLine
 10
81.28
 20
69.16
 30
0.0
 11
82.84
 21
69.16
 31
0.0
  0
LINE
  5
705
330
17
100
AcDbEntity
  8
LINES
100
AcDbLine
 10
84.88
 20
67.24000000000001
 30
0.0
 11
85.72
 21
67.24000000000001
 31
0.0
  0
LINE
  5
706
330
17
100
AcDbEntity
  8
LINES
100
AcDbLine
 10
85.84
 20
65.8
 30
0.0
 11
86.44
 21
67.24000000000001
 31
0.0
  0
LINE
  5
707
330
17
100
AcDbEntity
  8
LINES
100
AcDbLine
 10
87.39999999999999
 20
67.6
 30
0.0
 11
88.24
 21
67.6
 31
0.0
  0
LINE
  5
708
330
17
100
AcDbEntity
  8
LINES
100
AcDbLine
 10
89.44
 20
67.6
 30
0.0
 11
90.64
 21
67.6
 31
0.0
  0
LINE
  5
709
330
17
100
AcDbEntity
  8
LINES
100
AcDbLine
 10
91.6
 20
67.6
 30
0.0
 11
92.44
 21
67.6
 31
0.0
  0
LINE
  5
70A
330
17
100
AcDbEntity
  8
LINES
100
AcDbLine
 10
93.64
 20
67.24000000000001
 30
0.0
 11
94.48
 21
67.24000000000001
 31
0.0
  0
LINE
  5
70B
330
17
100
AcDbEntity
  8
LINES
100
AcDbLine
 10
94.6
 20
65.8
 30
0.0
 11
95.2
 21
67.24000000000001
 31
0.0
  0
LINE
  5
70C
330
17
100
AcDbEntity
  8
LINES
100
AcDbLine
 10
96.03999999999999
 20
67.6
 30
0.0
 11
97.0
 21
67.6
 31
0.0
  0
LINE
  5
70D
330
17
100
AcDbEntity
  8
LINES
100
AcDbLine
 10
101.32
 20
65.8
 30
0.0
 11
101.8
 21
65.8
 31
0.0
  0
LINE
  5
70E
330
17
100
AcDbEntity
  8
LINES
100
AcDbLine
 10
100.6
 20
66.64
 30
0.0
 11
100.6
 21
68.32
 31
0.0
  0
LINE
  5
70F
330
17
100
AcDbEntity
  8
LINES
100
AcDbLine
 10
101.32
 20
69.16
 30
0.0
 11
101.8
 21
69.16
 31
0.0
  0
LINE
  5
710
330
17
100
AcDbEntity
  8
LINES
100
AcDbLine
 10
102.75999999999999
 20
67.6
 30
0.0
 11
103.6
 21
67.6
 31
0.0
  0
LINE
  5
711
330
17
100
AcDbEntity
  8
LINES
100
AcDbLine
 10
105.16
 20
67.12
 30
0.0
 11
106.0
 21
67.72
 31
0.0
  0
LINE
  5
712
330
17
100
AcDbEntity
  8
LINES
100
AcDbLine
 10
108.75999999999999
 20
67.12
 30
0.0
 11
109.6
 21
67.72
 31
0.0
  0
LINE
  5
713
330
17
100
AcDbEntity
  8
LINES
100
AcDbLine
 10
110.92
 20
67.6
 30
0.0
 11
111.75999999999999
 21
67.6
 31
0.0
  0
LINE
  5
714
330
17
100
AcDbEntity
  8
LINES
100
AcDbLine
 10
112.96
 20
67.6
 30
0.0
 11
113.92
 21
67.6
 31
0.0
  0
LINE
  5
715
330
17
100
AcDbEntity
  8
LINES
100
AcDbLine
 10
116.32
 20
65.8
 30
0.0
 11
117.03999999999999
 21
65.8
 31
0.0
  0
LINE
  5
716
330
17
100
AcDbEntity
  8
LINES
100
AcDbLine
 10
117.88
 20
66.75999999999999
 30
0.0
 11
117.88
 21
68.08
 31
0.0
  0
LINE
  5
717
330
17
100
AcDbEntity
  8
LINES
100
AcDbLine
 10
118.72
 20
66.64
 30
0.0
 11
118.72
 21
68.19999999999999
 31
0.0
  0
LINE
  5
718
330
17
100
AcDbEntity
  8
LINES
100
AcDbLine
 10
120.28
 20
66.64
 30
0.0
 11
120.28
 21
68.19999999999999
 31
0.0
  0
LINE
  5
719
330
17
100
AcDbEntity
  8
LINES
100
AcDbLine
 10
121.83999999999999
 20
65.8
 30
0.0
 11
122.32
 21
65.8
 31
0.0
  0
LINE
  5
71A
330
17
100
AcDbEntity
  8
LINES
100
AcDbLine
 10
121.11999999999999
 20
66.64
 30
0.0
 11
121.11999999999999
 21
68.32
 31
0.0
  0
LINE
  5
71B
330
17
100
AcDbEntity
  8
LINES
100
AcDbLine
 10
121.83999999999999
 20
69.16
 30
0.0
 11
122.32
 21
69.16
 31
0.0
  0
LINE
  5
71C
330
17
100
AcDbEntity
  8
LINES
100
AcDbLine
 10
123.28
 20
66.64
 30
0.0
 11
123.28
 21
69.16
 31
0.0
  0
LINE
  5
71D
330
17
100
AcDbEntity
  8
LINES
100
AcDbLine
 10
124.72
 20
66.64
 30
0.0
 11
124.72
 21
69.16
 31
0.0
  0
LINE
  5
71E
330
17
100
AcDbEntity
  8
LINES
100
AcDbLine
 10
128.44
 20
67.6
 30
0.0
 11
129.28
 21
67.6
 31
0.0
  0
LINE
  5
71F
330
17
100
AcDbEntity
  8
LINES
100
AcDbLine
 10
133.72
 20
65.8
 30
0.0
 11
133.72
 21
69.16
 31
0.0
  0
LINE
  5
720
330
17
100
AcDbEntity
  8
LINES
100
AcDbLine
 10
132.88
 20
69.16
 30
0.0
 11
134.44
 21
69.16
 31
0.0
  0
LINE
  5
721
330
17
100
AcDbEntity
  8
LINES
100
AcDbLine
 10
135.64
 20
67.12
 30
0.0
 11
136.48
 21
67.72
 31
0.0
  0
LINE
  5
722
330
17
100
AcDbEntity
  8
LINES
100
AcDbLine
 10
139.0
 20
65.8
 30
0.0
 11
139.72
 21
65.8
 31
0.0
  0
LINE
  5
723
330
17
100
AcDbEntity
  8
LINES
100
AcDbLine
 10
139.0
 20
67.6
 30
0.0
 11
139.72
 21
67.6
 31
0.0
  0
LINE
  5
724
330
17
100
AcDbEntity
  8
LINES
100
AcDbLine
 10
146.68
 20
65.8
 30
0.0
 11
146.68
 21
67.24000000000001
 31
0.0
  0
LINE
  5
725
330
17
100
AcDbEntity
  8
LINES
100
AcDbLine
 10
148.0
 20
66.88
 30
0.0
 11
149.2
 21
66.88
 31
0.0
  0
LINE
  5
726
330
17
100
AcDbEntity
  8
LINES
100
AcDbLine
 10
156.51999999999998
 20
66.88
 30
0.0
 11
157.72
 21
66.88
 31
0.0
  0
LINE
  5
727
330
17
100
AcDbEntity
  8
LINES
100
AcDbLine
 10
158.56
 20
67.6
 30
0.0
 11
159.51999999999998
 21
67.6
 31
0.0
  0
LINE
  5
728
330
17
100
AcDbEntity
  8
LINES
100
AcDbLine
 10
161.07999999999998
 20
67.12
 30
0.0
 11
161.92
 21
67.72
 31
0.0
  0
LINE
  5
729
330
17
100
AcDbEntity
  8
LINES
100
AcDbLine
 10
163.48
 20
67.12
 30
0.0
 11
164.32
 21
67.72
 31
0.0
  0
LINE
  5
72A
330
17
100
AcDbEntity
  8
LINES
100
AcDbLine
 10
165.51999999999998
 20
66.88
 30
0.0
 11
166.72
 21
66.88
 31
0.0
  0
LINE
  5
72B
330
17
100
AcDbEntity
  8
LINES
100
AcDbLine
 10
167.92
 20
67.12
 30
0.0
 11
168.76
 21
67.72
 31
0.0
  0
LINE
  5
72C
330
17
100
AcDbEntity
  8
LINES
100
AcDbLine
 10
170.79999999999998
 20
65.8
 30
0.0
 11
170.79999999999998
 21
69.16
 31
0.0
  0
LINE
  5
72D
330
17
100
AcDbEntity
  8
LINES
100
AcDbLine
 10
170.07999999999998
 20
69.16
 30
0.0
 11
171.51999999999998
 21
69.16
 31
0.0
  0
LINE
  5
72E
330
17
100
AcDbEntity
  8
LINES
100
AcDbLine
 10
172.48
 20
65.8
 30
0.0
 11
173.2
 21
65.8
 31
0.0
  0
LINE
  5
72F
330
17
100
AcDbEntity
  8
LINES
100
AcDbLine
 10
173.92
 20
66.75999999999999
 30
0.0
 11
173.92
 21
68.08
 31
0.0
  0
LINE
  5
730
330
17
100
AcDbEntity
  8
LINES
100
AcDbLine
 10
174.88
 20
66.88
 30
0.0
 11
176.07999999999998
 21
66.88
 31
0.0
  0
LINE
  5
731
330
17
100
AcDbEntity
  8
LINES
100
AcDbLine
 10
182.68
 20
65.8
 30
0.0
 11
182.68
 21
65.92
 31
0.0
  0
LINE
  5
732
330
17
100
AcDbEntity
  8
LINES
100
AcDbLine
 10
812.8
 20
67.84
 30
0.0
 11
813.16
 21
68.19999999999999
 31
0.0
  0
LINE
  5
733
330
17
100
AcDbEntity
  8
LINES
100
AcDbLine
 10
812.3199999999999
 20
67.84
 30
0.0
 11
813.16
 21
68.68
 31
0.0
  0
LINE
  5
734
330
17
100
AcDbEntity
  8
LINES
100
AcDbLine
 10
811.72
 20
67.84
 30
0.0
 11
813.16
 21
69.16
 31
0.0
  0
LINE
  5
735
330
17
100
AcDbEntity
  8
LINES
100
AcDbLine
 10
811.24
 20
67.84
 30
0.0
 11
813.16
 21
69.64
 31
0.0
  0
LINE
  5
736
330
17
100
AcDbEntity
  8
LINES
100
AcDbLine
 10
810.76
 20
67.84
 30
0.0
 11
813.16
 21
70.24000000000001
 31
0.0
  0
LINE
  5
737
330
17
100
AcDbEntity
  8
LINES
100
AcDbLine
 10
810.28
 20
67.84
 30
0.0
 11
813.16
 21
70.72
 31
0.0
  0
LINE
  5
738
330
17
100
AcDbEntity
  8
LINES
100
AcDbLine
 10
809.8
 20
67.84
 30
0.0
 11
813.16
 21
71.19999999999999
 31
0.0
  0
LINE
  5
739
330
17
100
AcDbEntity
  8
LINES
100
AcDbLine
 10
809.56
 20
68.08
 30
0.0
 11
813.16
 21
71.68
 31
0.0
  0
LINE
  5
73A
330
17
100
AcDbEntity
  8
LINES
100
AcDbLine
 10
809.56
 20
68.56
 30
0.0
 11
813.16
 21
72.16
 31
0.0
  0
LINE
  5
73B
330
17
100
AcDbEntity
  8
LINES
100
AcDbLine
 10
809.56
 20
69.03999999999999
 30
0.0
 11
813.16
 21
72.64
 31
0.0
  0
LINE
  5
73C
330
17
100
AcDbEntity
  8
LINES
100
AcDbLine
 10
808.48
 20
67.96000000000001
 30
0.0
 11
808.8399999999999
 21
68.32
 31
0.0
  0
LINE
  5
73D
330
17
100
AcDbEntity
  8
LINES
100
AcDbLine
 10
809.56
 20
69.52
 30
0.0
 11
813.16
 21
73.12
 31
0.0
  0
LINE
  5
73E
330
17
100
AcDbEntity
  8
LINES
100
AcDbLine
 10
807.88
 20
67.84
 30
0.0
 11
808.8399999999999
 21
68.8
 31
0.0
  0
LINE
  5
73F
330
17
100
AcDbEntity
  8
LINES
100
AcDbLine
 10
809.56
 20
70.0
 30
0.0
 11
813.16
 21
73.6
 31
0.0
  0
LINE
  5
740
330
17
100
AcDbEntity
  8
LINES
100
AcDbLine
 10
807.4
 20
67.84
 30
0.0
 11
808.8399999999999
 21
69.28
 31
0.0
  0
LINE
  5
741
330
17
100
AcDbEntity
  8
LINES
100
AcDbLine
 10
809.56
 20
70.47999999999999
 30
0.0
 11
813.16
 21
74.08
 31
0.0
  0
LINE
  5
742
330
17
100
AcDbEntity
  8
LINES
100
AcDbLine
 10
806.92
 20
67.84
 30
0.0
 11
808.8399999999999
 21
69.75999999999999
 31
0.0
  0
LINE
  5
743
330
17
100
AcDbEntity
  8
LINES
100
AcDbLine
 10
809.56
 20
70.96000000000001
 30
0.0
 11
813.16
 21
74.68
 31
0.0
  0
LINE
  5
744
330
17
100
AcDbEntity
  8
LINES
100
AcDbLine
 10
806.4399999999999
 20
67.84
 30
0.0
 11
808.8399999999999
 21
70.36
 31
0.0
  0
LINE
  5
745
330
17
100
AcDbEntity
  8
LINES
100
AcDbLine
 10
809.56
 20
71.44
 30
0.0
 11
813.16
 21
75.16
 31
0.0
  0
LINE
  5
746
330
17
100
AcDbEntity
  8
LINES
100
AcDbLine
 10
805.8399999999999
 20
67.84
 30
0.0
 11
808.8399999999999
 21
70.84
 31
0.0
  0
LINE
  5
747
330
17
100
AcDbEntity
  8
LINES
100
AcDbLine
 10
809.56
 20
72.03999999999999
 30
0.0
 11
813.16
 21
75.64
 31
0.0
  0
LINE
  5
748
330
17
100
AcDbEntity
  8
LINES
100
AcDbLine
 10
805.36
 20
67.72
 30
0.0
 11
808.8399999999999
 21
71.32
 31
0.0
  0
LINE
  5
749
330
17
100
AcDbEntity
  8
LINES
100
AcDbLine
 10
809.56
 20
72.52
 30
0.0
 11
813.16
 21
76.12
 31
0.0
  0
LINE
  5
74A
330
17
100
AcDbEntity
  8
LINES
100
AcDbLine
 10
805.12
 20
67.96000000000001
 30
0.0
 11
808.8399999999999
 21
71.8
 31
0.0
  0
LINE
  5
74B
330
17
100
AcDbEntity
  8
LINES
100
AcDbLine
 10
809.56
 20
73.0
 30
0.0
 11
813.16
 21
76.6
 31
0.0
  0
LINE
  5
74C
330
17
100
AcDbEntity
  8
LINES
100
AcDbLine
 10
805.12
 20
68.56
 30
0.0
 11
808.8399999999999
 21
72.28
 31
0.0
  0
LINE
  5
74D
330
17
100
AcDbEntity
  8
LINES
100
AcDbLine
 10
809.56
 20
73.47999999999999
 30
0.0
 11
813.16
 21
77.08
 31
0.0
  0
LINE
  5
74E
330
17
100
AcDbEntity
  8
LINES
100
AcDbLine
 10
805.12
 20
69.03999999999999
 30
0.0
 11
808.8399999999999
 21
72.75999999999999
 31
0.0
  0
LINE
  5
74F
330
17
100
AcDbEntity
  8
LINES
100
AcDbLine
 10
809.56
 20
73.96000000000001
 30
0.0
 11
813.16
 21
77.56
 31
0.0
  0
LINE
  5
750
330
17
100
AcDbEntity
  8
LINES
100
AcDbLine
 10
805.12
 20
69.52
 30
0.0
 11
808.8399999999999
 21
73.24
 31
0.0
  0
LINE
  5
751
330
17
100
AcDbEntity
  8
LINES
100
AcDbLine
 10
809.56
 20
74.44
 30
0.0
 11
813.16
 21
78.03999999999999
 31
0.0
  0
LINE
  5
752
330
17
100
AcDbEntity
  8
LINES
100
AcDbLine
 10
805.12
 20
70.0
 30
0.0
 11
808.8399999999999
 21
73.72
 31
0.0
  0
LINE
  5
753
330
17
100
AcDbEntity
  8
LINES
100
AcDbLine
 10
805.12
 20
70.47999999999999
 30
0.0
 11
808.8399999999999
 21
74.32
 31
0.0
  0
LINE
  5
754
330
17
100
AcDbEntity
  8
LINES
100
AcDbLine
 10
809.56
 20
74.92
 30
0.0
 11
813.16
 21
78.52
 31
0.0
  0
LINE
  5
755
330
17
100
AcDbEntity
  8
LINES
100
AcDbLine
 10
802.6
 20
67.96000000000001
 30
0.0
 11
804.76
 21
70.12
 31
0.0
  0
LINE
  5
756
330
17
100
AcDbEntity
  8
LINES
100
AcDbLine
 10
805.12
 20
70.96000000000001
 30
0.0
 11
808.8399999999999
 21
74.8
 31
0.0
  0
LINE
  5
757
330
17
100
AcDbEntity
  8
LINES
100
AcDbLine
 10
809.56
 20
75.4
 30
0.0
 11
813.16
 21
79.0
 31
0.0
  0
LINE
  5
758
330
17
100
AcDbEntity
  8
LINES
100
AcDbLine
 10
801.88
 20
67.72
 30
0.0
 11
804.64
 21
70.47999999999999
 31
0.0
  0
LINE
  5
759
330
17
100
AcDbEntity
  8
LINES
100
AcDbLine
 10
805.12
 20
71.44
 30
0.0
 11
808.8399999999999
 21
75.28
 31
0.0
  0
LINE
  5
75A
330
17
100
AcDbEntity
  8
LINES
100
AcDbLine
 10
804.76
 20
71.08
 30
0.0
 11
804.88
 21
71.19999999999999
 31
0.0
  0
LINE
  5
75B
330
17
100
AcDbEntity
  8
LINES
100
AcDbLine
 10
809.56
 20
75.88
 30
0.0
 11
813.16
 21
79.47999999999999
 31
0.0
  0
LINE
  5
75C
330
17
100
AcDbEntity
  8
LINES
100
AcDbLine
 10
801.28
 20
67.6
 30
0.0
 11
804.28
 21
70.6
 31
0.0
  0
LINE
  5
75D
330
17
100
AcDbEntity
  8
LINES
100
AcDbLine
 10
805.12
 20
71.92
 30
0.0
 11
808.8399999999999
 21
75.75999999999999
 31
0.0
  0
LINE
  5
75E
330
17
100
AcDbEntity
  8
LINES
100
AcDbLine
 10
804.28
 20
71.08
 30
0.0
 11
804.88
 21
71.68
 31
0.0
  0
LINE
  5
75F
330
17
100
AcDbEntity
  8
LINES
100
AcDbLine
 10
809.56
 20
76.36
 30
0.0
 11
812.68
 21
79.47999999999999
 31
0.0
  0
LINE
  5
760
330
17
100
AcDbEntity
  8
LINES
100
AcDbLine
 10
800.68
 20
67.6
 30
0.0
 11
803.92
 21
70.72
 31
0.0
  0
LINE
  5
761
330
17
100
AcDbEntity
  8
LINES
100
AcDbLine
 10
805.12
 20
72.4
 30
0.0
 11
808.8399999999999
 21
76.24
 31
0.0
  0
LINE
  5
762
330
17
100
AcDbEntity
  8
LINES
100
AcDbLine
 10
803.8
 20
71.08
 30
0.0
 11
804.88
 21
72.16
 31
0.0
  0
LINE
  5
763
330
17
100
AcDbEntity
  8
LINES
100
AcDbLine
 10
809.56
 20
76.96000000000001
 30
0.0
 11
812.1999999999999
 21
79.47999999999999
 31
0.0
  0
LINE
  5
764
330
17
100
AcDbEntity
  8
LINES
100
AcDbLine
 10
800.1999999999999
 20
67.47999999999999
 30
0.0
 11
803.4399999999999
 21
70.72
 31
0.0
  0
LINE
  5
765
330
17
100
AcDbEntity
  8
LINES
100
AcDbLine
 10
805.12
 20
73.0
 30
0.0
 11
808.6
 21
76.47999999999999
 31
0.0
  0
LINE
  5
766
330
17
100
AcDbEntity
  8
LINES
100
AcDbLine
 10
803.3199999999999
 20
71.08
 30
0.0
 11
804.76
 21
72.64
 31
0.0
  0
LINE
  5
767
330
17
100
AcDbEntity
  8
LINES
100
AcDbLine
 10
809.56
 20
77.44
 30
0.0
 11
811.6
 21
79.47999999999999
 31
0.0
  0
LINE
  5
768
330
17
100
AcDbEntity
  8
LINES
100
AcDbLine
 10
799.72
 20
67.47999999999999
 30
0.0
 11
802.9599999999999
 21
70.84
 31
0.0
  0
LINE
  5
769
330
17
100
AcDbEntity
  8
LINES
100
AcDbLine
 10
805.12
 20
73.47999999999999
 30
0.0
 11
808.12
 21
76.47999999999999
 31
0.0
  0
LINE
  5
76A
330
17
100
AcDbEntity
  8
LINES
100
AcDbLine
 10
808.8399999999999
 20
77.08
 30
0.0
 11
808.8399999999999
 21
77.19999999999999
 31
0.0
  0
LINE
  5
76B
330
17
100
AcDbEntity
  8
LINES
100
AcDbLine
 10
802.8399999999999
 20
71.08
 30
0.0
 11
804.76
 21
73.12
 31
0.0
  0
LINE
  5
76C
330
17
100
AcDbEntity
  8
LINES
100
AcDbLine
 10
809.56
 20
77.92
 30
0.0
 11
811.12
 21
79.47999999999999
 31
0.0
  0
LINE
  5
76D
330
17
100
AcDbEntity
  8
LINES
100
AcDbLine
 10
799.24
 20
67.6
 30
0.0
 11
802.48
 21
70.84
 31
0.0
  0
LINE
  5
76E
330
17
100
AcDbEntity
  8
LINES
100
AcDbLine
 10
805.12
 20
73.96000000000001
 30
0.0
 11
807.64
 21
76.47999999999999
 31
0.0
  0
LINE
  5
76F
330
17
100
AcDbEntity
  8
LINES
100
AcDbLine
 10
808.24
 20
77.08
 30
0.0
 11
808.8399999999999
 21
77.68
 31
0.0
  0
LINE
  5
770
330
17
100
AcDbEntity
  8
LINES
100
AcDbLine
 10
802.36
 20
71.08
 30
0.0
 11
804.64
 21
73.47999999999999
 31
0.0
  0
LINE
  5
771
330
17
100
AcDbEntity
  8
LINES
100
AcDbLine
 10
809.56
 20
78.4
 30
0.0
 11
810.64
 21
79.47999999999999
 31
0.0
  0
LINE
  5
772
330
17
100
AcDbEntity
  8
LINES
100
AcDbLine
 10
798.76
 20
67.6
 30
0.0
 11
802.0
 21
70.84
 31
0.0
  0
LINE
  5
773
330
17
100
AcDbEntity
  8
LINES
100
AcDbLine
 10
805.12
 20
74.44
 30
0.0
 11
807.16
 21
76.47999999999999
 31
0.0
  0
LINE
  5
774
330
17
100
AcDbEntity
  8
LINES
100
AcDbLine
 10
801.76
 20
71.08
 30
0.0
 11
804.52
 21
73.84
 31
0.0
  0
LINE
  5
775
330
17
100
AcDbEntity
  8
LINES
100
AcDbLine
 10
807.76
 20
77.08
 30
0.0
 11
808.8399999999999
 21
78.16
 31
0.0
  0
LINE
  5
776
330
17
100
AcDbEntity
  8
LINES
100
AcDbLine
 10
801.16
 20
70.47999999999999
 30
0.0
 11
801.28
 21
70.6
 31
0.0
  0
LINE
  5
777
330
17
100
AcDbEntity
  8
LINES
100
AcDbLine
 10
809.56
 20
78.88
 30
0.0
 11
810.16
 21
79.47999999999999
 31
0.0
  0
LINE
  5
778
330
17
100
AcDbEntity
  8
LINES
100
AcDbLine
 10
798.28
 20
67.6
 30
0.0
 11
800.8
 21
70.12
 31
0.0
  0
LINE
  5
779
330
17
100
AcDbEntity
  8
LINES
100
AcDbLine
 10
805.12
 20
74.92
 30
0.0
 11
806.56
 21
76.47999999999999
 31
0.0
  0
LINE
  5
77A
330
17
100
AcDbEntity
  8
LINES
100
AcDbLine
 10
807.28
 20
77.08
 30
0.0
 11
808.8399999999999
 21
78.64
 31
0.0
  0
LINE
  5
77B
330
17
100
AcDbEntity
  8
LINES
100
AcDbLine
 10
801.28
 20
71.08
 30
0.0
 11
804.4
 21
74.19999999999999
 31
0.0
  0
LINE
  5
77C
330
17
100
AcDbEntity
  8
LINES
100
AcDbLine
 10
809.56
 20
79.36
 30
0.0
 11
809.68
 21
79.47999999999999
 31
0.0
  0
LINE
  5
77D
330
17
100
AcDbEntity
  8
LINES
100
AcDbLine
 10
797.92
 20
67.72
 30
0.0
 11
800.1999999999999
 21
70.0
 31
0.0
  0
LINE
  5
77E
330
17
100
AcDbEntity
  8
LINES
100
AcDbLine
 10
805.12
 20
75.4
 30
0.0
 11
806.0799999999999
 21
76.47999999999999
 31
0.0
  0
LINE
  5
77F
330
17
100
AcDbEntity
  8
LINES
100
AcDbLine
 10
800.8
 20
71.08
 30
0.0
 11
804.16
 21
74.44
 31
0.0
  0
LINE
  5
780
330
17
100
AcDbEntity
  8
LINES
100
AcDbLine
 10
806.68
 20
77.08
 30
0.0
 11
808.8399999999999
 21
79.12
 31
0.0
  0
LINE
  5
781
330
17
100
AcDbEntity
  8
LINES
100
AcDbLine
 10
797.56
 20
67.96000000000001
 30
0.0
 11
799.72
 21
70.12
 31
0.0
  0
LINE
  5
782
330
17
100
AcDbEntity
  8
LINES
100
AcDbLine
 10
805.12
 20
75.88
 30
0.0
 11
805.6
 21
76.47999999999999
 31
0.0
  0
LINE
  5
783
330
17
100
AcDbEntity
  8
LINES
100
AcDbLine
 10
800.3199999999999
 20
71.08
 30
0.0
 11
804.04
 21
74.8
 31
0.0
  0
LINE
  5
784
330
17
100
AcDbEntity
  8
LINES
100
AcDbLine
 10
806.1999999999999
 20
76.96000000000001
 30
0.0
 11
808.6
 21
79.36
 31
0.0
  0
LINE
  5
785
330
17
100
AcDbEntity
  8
LINES
100
AcDbLine
 10
797.3199999999999
 20
68.08
 30
0.0
 11
799.36
 21
70.24000000000001
 31
0.0
  0
LINE
  5
786
330
17
100
AcDbEntity
  8
LINES
100
AcDbLine
 10
805.12
 20
76.36
 30
0.0
 11
805.12
 21
76.47999999999999
 31
0.0
  0
LINE
  5
787
330
17
100
AcDbEntity
  8
LINES
100
AcDbLine
 10
799.8399999999999
 20
71.08
 30
0.0
 11
803.8
 21
75.03999999999999
 31
0.0
  0
LINE
  5
788
330
17
100
AcDbEntity
  8
LINES
100
AcDbLine
 10
805.72
 20
76.96000000000001
 30
0.0
 11
808.12
 21
79.36
 31
0.0
  0
LINE
  5
789
330
17
100
AcDbEntity
  8
LINES
100
AcDbLine
 10
796.9599999999999
 20
68.32
 30
0.0
 11
799.12
 21
70.36
 31
0.0
  0
LINE
  5
78A
330
17
100
AcDbEntity
  8
LINES
100
AcDbLine
 10
799.36
 20
71.08
 30
0.0
 11
803.56
 21
75.28
 31
0.0
  0
LINE
  5
78B
330
17
100
AcDbEntity
  8
LINES
100
AcDbLine
 10
805.24
 20
76.96000000000001
 30
0.0
 11
807.64
 21
79.36
 31
0.0
  0
LINE
  5
78C
330
17
100
AcDbEntity
  8
LINES
100
AcDbLine
 10
796.72
 20
68.56
 30
0.0
 11
798.88
 21
70.72
 31
0.0
  0
LINE
  5
78D
330
17
100
AcDbEntity
  8
LINES
100
AcDbLine
 10
805.12
 20
77.32
 30
0.0
 11
807.16
 21
79.47999999999999
 31
0.0
  0
LINE
  5
78E
330
17
100
AcDbEntity
  8
LINES
100
AcDbLine
 10
796.48
 20
68.8
 30
0.0
 11
803.3199999999999
 21
75.52
 31
0.0
  0
LINE
  5
78F
330
17
100
AcDbEntity
  8
LINES
100
AcDbLine
 10
800.92
 20
73.72
 30
0.0
 11
802.9599999999999
 21
75.75999999999999
 31
0.0
  0
LINE
  5
790
330
17
100
AcDbEntity
  8
LINES
100
AcDbLine
 10
796.24
 20
69.03999999999999
 30
0.0
 11
800.68
 21
73.36
 31
0.0
  0
LINE
  5
791
330
17
100
AcDbEntity
  8
LINES
100
AcDbLine
 10
805.12
 20
77.92
 30
0.0
 11
806.68
 21
79.47999999999999
 31
0.0
  0
LINE
  5
792
330
17
100
AcDbEntity
  8
LINES
100
AcDbLine
 10
795.04
 20
67.84
 30
0.0
 11
795.04
 21
67.84
 31
0.0
  0
LINE
  5
793
330
17
100
AcDbEntity
  8
LINES
100
AcDbLine
 10
800.68
 20
73.96000000000001
 30
0.0
 11
802.72
 21
76.0
 31
0.0
  0
LINE
  5
794
330
17
100
AcDbEntity
  8
LINES
100
AcDbLine
 10
796.0
 20
69.28
 30
0.0
 11
800.0799999999999
 21
73.36
 31
0.0
  0
LINE
  5
795
330
17
100
AcDbEntity
  8
LINES
100
AcDbLine
 10
805.12
 20
78.4
 30
0.0
 11
806.1999999999999
 21
79.47999999999999
 31
0.0
  0
LINE
  5
796
330
17
100
AcDbEntity
  8
LINES
100
AcDbLine
 10
794.56
 20
67.84
 30
0.0
 11
795.04
 21
68.32
 31
0.0
  0
LINE
  5
797
330
17
100
AcDbEntity
  8
LINES
100
AcDbLine
 10
800.4399999999999
 20
74.19999999999999
 30
0.0
 11
802.36
 21
76.12
 31
0.0
  0
LINE
  5
798
330
17
100
AcDbEntity
  8
LINES
100
AcDbLine
 10
795.76
 20
69.52
 30
0.0
 11
799.6
 21
73.36
 31
0.0
  0
LINE
  5
799
330
17
100
AcDbEntity
  8
LINES
100
AcDbLine
 10
805.12
 20
78.88
 30
0.0
 11
805.72
 21
79.36
 31
0.0
  0
LINE
  5
79A
330
17
100
AcDbEntity
  8
LINES
100
AcDbLine
 10
794.0799999999999
 20
67.84
 30
0.0
 11
795.04
 21
68.8
 31
0.0
  0
LINE
  5
79B
330
17
100
AcDbEntity
  8
LINES
100
AcDbLine
 10
795.64
 20
69.88
 30
0.0
 11
799.24
 21
73.47999999999999
 31
0.0
  0
LINE
  5
79C
330
17
100
AcDbEntity
  8
LINES
100
AcDbLine
 10
800.1999999999999
 20
74.44
 30
0.0
 11
802.0
 21
76.24
 31
0.0
  0
LINE
  5
79D
330
17
100
AcDbEntity
  8
LINES
100
AcDbLine
 10
793.6
 20
67.84
 30
0.0
 11
795.04
 21
69.28
 31
0.0
  0
LINE
  5
79E
330
17
100
AcDbEntity
  8
LINES
100
AcDbLine
 10
795.4
 20
70.12
 30
0.0
 11
799.0
 21
73.72
 31
0.0
  0
LINE
  5
79F
330
17
100
AcDbEntity
  8
LINES
100
AcDbLine
 10
799.72
 20
74.44
 30
0.0
 11
801.64
 21
76.36
 31
0.0
  0
LINE
  5
7A0
330
17
100
AcDbEntity
  8
LINES
100
AcDbLine
 10
793.0
 20
67.84
 30
0.0
 11
795.04
 21
69.88
 31
0.0
  0
LINE
  5
7A1
330
17
100
AcDbEntity
  8
LINES
100
AcDbLine
 10
795.28
 20
70.47999999999999
 30
0.0
 11
801.28
 21
76.47999999999999
 31
0.0
  0
LINE
  5
7A2
330
17
100
AcDbEntity
  8
LINES
100
AcDbLine
 10
792.52
 20
67.84
 30
0.0
 11
795.16
 21
70.36
 31
0.0
  0
LINE
  5
7A3
330
17
100
AcDbEntity
  8
LINES
100
AcDbLine
 10
792.04
 20
67.84
 30
0.0
 11
800.8
 21
76.6
 31
0.0
  0
LINE
  5
7A4
330
17
100
AcDbEntity
  8
LINES
100
AcDbLine
 10
791.56
 20
67.84
 30
0.0
 11
800.4399999999999
 21
76.6
 31
0.0
  0
LINE
  5
7A5
330
17
100
AcDbEntity
  8
LINES
100
AcDbLine
 10
791.4399999999999
 20
68.19999999999999
 30
0.0
 11
799.9599999999999
 21
76.6
 31
0.0
  0
LINE
  5
7A6
330
17
100
AcDbEntity
  8
LINES
100
AcDbLine
 10
791.4399999999999
 20
68.68
 30
0.0
 11
799.48
 21
76.6
 31
0.0
  0
LINE
  5
7A7
330
17
100
AcDbEntity
  8
LINES
100
AcDbLine
 10
791.4399999999999
 20
69.16
 30
0.0
 11
798.88
 21
76.6
 31
0.0
  0
LINE
  5
7A8
330
17
100
AcDbEntity
  8
LINES
100
AcDbLine
 10
791.4399999999999
 20
69.64
 30
0.0
 11
798.28
 21
76.47999999999999
 31
0.0
  0
LINE
  5
7A9
330
17
100
AcDbEntity
  8
LINES
100
AcDbLine
 10
789.64
 20
67.84
 30
0.0
 11
790.0
 21
68.19999999999999
 31
0.0
  0
LINE
  5
7AA
330
17
100
AcDbEntity
  8
LINES
100
AcDbLine
 10
791.4399999999999
 20
70.12
 30
0.0
 11
794.92
 21
73.6
 31
0.0
  0
LINE
  5
7AB
330
17
100
AcDbEntity
  8
LINES
100
AcDbLine
 10
795.88
 20
74.56
 30
0.0
 11
797.56
 21
76.24
 31
0.0
  0
LINE
  5
7AC
330
17
100
AcDbEntity
  8
LINES
100
AcDbLine
 10
789.16
 20
67.84
 30
0.0
 11
790.0
 21
68.68
 31
0.0
  0
LINE
  5
7AD
330
17
100
AcDbEntity
  8
LINES
100
AcDbLine
 10
791.4399999999999
 20
70.6
 30
0.0
 11
794.8
 21
73.96000000000001
 31
0.0
  0
LINE
  5
7AE
330
17
100
AcDbEntity
  8
LINES
100
AcDbLine
 10
788.56
 20
67.84
 30
0.0
 11
790.0
 21
69.28
 31
0.0
  0
LINE
  5
7AF
330
17
100
AcDbEntity
  8
LINES
100
AcDbLine
 10
791.3199999999999
 20
71.08
 30
0.0
 11
794.8
 21
74.44
 31
0.0
  0
LINE
  5
7B0
330
17
100
AcDbEntity
  8
LINES
100
AcDbLine
 10
788.0799999999999
 20
67.84
 30
0.0
 11
790.0
 21
69.75999999999999
 31
0.0
  0
LINE
  5
7B1
330
17
100
AcDbEntity
  8
LINES
100
AcDbLine
 10
791.3199999999999
 20
71.56
 30
0.0
 11
794.68
 21
74.92
 31
0.0
  0
LINE
  5
7B2
330
17
100
AcDbEntity
  8
LINES
100
AcDbLine
 10
787.6
 20
67.84
 30
0.0
 11
790.0
 21
70.24000000000001
 31
0.0
  0
LINE
  5
7B3
330
17
100
AcDbEntity
  8
LINES
100
AcDbLine
 10
791.3199999999999
 20
72.03999999999999
 30
0.0
 11
794.68
 21
75.28
 31
0.0
  0
LINE
  5
7B4
330
17
100
AcDbEntity
  8
LINES
100
AcDbLine
 10
787.12
 20
67.84
 30
0.0
 11
790.0
 21
70.72
 31
0.0
  0
LINE
  5
7B5
330
17
100
AcDbEntity
  8
LINES
100
AcDbLine
 10
791.3199999999999
 20
72.52
 30
0.0
 11
794.4399999999999
 21
75.64
 31
0.0
  0
LINE
  5
7B6
330
17
100
AcDbEntity
  8
LINES
100
AcDbLine
 10
786.64
 20
67.84
 30
0.0
 11
790.0
 21
71.19999999999999
 31
0.0
  0
LINE
  5
7B7
330
17
100
AcDbEntity
  8
LINES
100
AcDbLine
 10
791.3199999999999
 20
72.88
 30
0.0
 11
794.3199999999999
 21
75.88
 31
0.0
  0
LINE
  5
7B8
330
17
100
AcDbEntity
  8
LINES
100
AcDbLine
 10
786.4
 20
68.08
 30
0.0
 11
790.0
 21
71.68
 31
0.0
  0
LINE
  5
7B9
330
17
100
AcDbEntity
  8
LINES
100
AcDbLine
 10
791.1999999999999
 20
73.36
 30
0.0
 11
794.0799999999999
 21
76.12
 31
0.0
  0
LINE
  5
7BA
330
17
100
AcDbEntity
  8
LINES
100
AcDbLine
 10
786.4
 20
68.56
 30
0.0
 11
790.0
 21
72.16
 31
0.0
  0
LINE
  5
7BB
330
17
100
AcDbEntity
  8
LINES
100
AcDbLine
 10
791.0799999999999
 20
73.72
 30
0.0
 11
793.72
 21
76.36
 31
0.0
  0
LINE
  5
7BC
330
17
100
AcDbEntity
  8
LINES
100
AcDbLine
 10
786.4
 20
69.03999999999999
 30
0.0
 11
790.12
 21
72.64
 31
0.0
  0
LINE
  5
7BD
330
17
100
AcDbEntity
  8
LINES
100
AcDbLine
 10
786.4
 20
69.52
 30
0.0
 11
790.12
 21
73.24
 31
0.0
  0
LINE
  5
7BE
330
17
100
AcDbEntity
  8
LINES
100
AcDbLine
 10
790.72
 20
73.84
 30
0.0
 11
793.36
 21
76.47999999999999
 31
0.0
  0
LINE
  5
7BF
330
17
100
AcDbEntity
  8
LINES
100
AcDbLine
 10
784.72
 20
67.84
 30
0.0
 11
785.0799999999999
 21
68.08
 31
0.0
  0
LINE
  5
7C0
330
17
100
AcDbEntity
  8
LINES
100
AcDbLine
 10
786.4
 20
70.0
 30
0.0
 11
793.0
 21
76.6
 31
0.0
  0
LINE
  5
7C1
330
17
100
AcDbEntity
  8
LINES
100
AcDbLine
 10
784.24
 20
67.84
 30
0.0
 11
785.0799999999999
 21
68.68
 31
0.0
  0
LINE
  5
7C2
330
17
100
AcDbEntity
  8
LINES
100
AcDbLine
 10
786.4
 20
70.47999999999999
 30
0.0
 11
792.52
 21
76.72
 31
0.0
  0
LINE
  5
7C3
330
17
100
AcDbEntity
  8
LINES
100
AcDbLine
 10
783.64
 20
67.84
 30
0.0
 11
785.0799999999999
 21
69.16
 31
0.0
  0
LINE
  5
7C4
330
17
100
AcDbEntity
  8
LINES
100
AcDbLine
 10
786.4
 20
70.96000000000001
 30
0.0
 11
792.04
 21
76.72
 31
0.0
  0
LINE
  5
7C5
330
17
100
AcDbEntity
  8
LINES
100
AcDbLine
 10
783.16
 20
67.84
 30
0.0
 11
785.0799999999999
 21
69.64
 31
0.0
  0
LINE
  5
7C6
330
17
100
AcDbEntity
  8
LINES
100
AcDbLine
 10
786.4
 20
71.44
 30
0.0
 11
791.56
 21
76.6
 31
0.0
  0
LINE
  5
7C7
330
17
100
AcDbEntity
  8
LINES
100
AcDbLine
 10
782.68
 20
67.84
 30
0.0
 11
785.0799999999999
 21
70.12
 31
0.0
  0
LINE
  5
7C8
330
17
100
AcDbEntity
  8
LINES
100
AcDbLine
 10
786.28
 20
71.92
 30
0.0
 11
790.8399999999999
 21
76.47999999999999
 31
0.0
  0
LINE
  5
7C9
330
17
100
AcDbEntity
  8
LINES
100
AcDbLine
 10
782.1999999999999
 20
67.84
 30
0.0
 11
785.0799999999999
 21
70.72
 31
0.0
  0
LINE
  5
7CA
330
17
100
AcDbEntity
  8
LINES
100
AcDbLine
 10
786.28
 20
72.4
 30
0.0
 11
790.0
 21
76.0
 31
0.0
  0
LINE
  5
7CB
330
17
100
AcDbEntity
  8
LINES
100
AcDbLine
 10
781.72
 20
67.84
 30
0.0
 11
785.0799999999999
 21
71.19999999999999
 31
0.0
  0
LINE
  5
7CC
330
17
100
AcDbEntity
  8
LINES
100
AcDbLine
 10
786.28
 20
72.88
 30
0.0
 11
789.4
 21
76.0
 31
0.0
  0
LINE
  5
7CD
330
17
100
AcDbEntity
  8
LINES
100
AcDbLine
 10
781.36
 20
67.96000000000001
 30
0.0
 11
785.0799999999999
 21
71.68
 31
0.0
  0
LINE
  5
7CE
330
17
100
AcDbEntity
  8
LINES
100
AcDbLine
 10
786.28
 20
73.24
 30
0.0
 11
789.04
 21
76.12
 31
0.0
  0
LINE
  5
7CF
330
17
100
AcDbEntity
  8
LINES
100
AcDbLine
 10
781.36
 20
68.44
 30
0.0
 11
785.1999999999999
 21
72.16
 31
0.0
  0
LINE
  5
7D0
330
17
100
AcDbEntity
  8
LINES
100
AcDbLine
 10
786.04
 20
73.6
 30
0.0
 11
788.8
 21
76.24
 31
0.0
  0
LINE
  5
7D1
330
17
100
AcDbEntity
  8
LINES
100
AcDbLine
 10
781.36
 20
68.92
 30
0.0
 11
785.1999999999999
 21
72.75999999999999
 31
0.0
  0
LINE
  5
7D2
330
17
100
AcDbEntity
  8
LINES
100
AcDbLine
 10
785.8
 20
73.84
 30
0.0
 11
788.4399999999999
 21
76.47999999999999
 31
0.0
  0
LINE
  5
7D3
330
17
100
AcDbEntity
  8
LINES
100
AcDbLine
 10
781.36
 20
69.4
 30
0.0
 11
785.1999999999999
 21
73.24
 31
0.0
  0
LINE
  5
7D4
330
17
100
AcDbEntity
  8
LINES
100
AcDbLine
 10
781.36
 20
70.0
 30
0.0
 11
788.0799999999999
 21
76.6
 31
0.0
  0
LINE
  5
7D5
330
17
100
AcDbEntity
  8
LINES
100
AcDbLine
 10
781.36
 20
70.47999999999999
 30
0.0
 11
787.6
 21
76.6
 31
0.0
  0
LINE
  5
7D6
330
17
100
AcDbEntity
  8
LINES
100
AcDbLine
 10
781.36
 20
70.96000000000001
 30
0.0
 11
787.12
 21
76.72
 31
0.0
  0
LINE
  5
7D7
330
17
100
AcDbEntity
  8
LINES
100
AcDbLine
 10
781.36
 20
71.44
 30
0.0
 11
786.64
 21
76.6
 31
0.0
  0
LINE
  5
7D8
330
17
100
AcDbEntity
  8
LINES
100
AcDbLine
 10
781.36
 20
71.92
 30
0.0
 11
785.8
 21
76.36
 31
0.0
  0
LINE
  5
7D9
330
17
100
AcDbEntity
  8
LINES
100
AcDbLine
 10
781.36
 20
72.4
 30
0.0
 11
785.0799999999999
 21
76.0
 31
0.0
  0
LINE
  5
7DA
330
17
100
AcDbEntity
  8
LINES
100
AcDbLine
 10
781.36
 20
72.88
 30
0.0
 11
784.72
 21
76.24
 31
0.0
  0
LINE
  5
7DB
330
17
100
AcDbEntity
  8
LINES
100
AcDbLine
 10
781.36
 20
73.36
 30
0.0
 11
784.36
 21
76.36
 31
0.0
  0
LINE
  5
7DC
330
17
100
AcDbEntity
  8
LINES
100
AcDbLine
 10
781.36
 20
73.84
 30
0.0
 11
783.88
 21
76.36
 31
0.0
  0
LINE
  5
7DD
330
17
100
AcDbEntity
  8
LINES
100
AcDbLine
 10
781.36
 20
74.44
 30
0.0
 11
783.4
 21
76.47999999999999
 31
0.0
  0
LINE
  5
7DE
330
17
100
AcDbEntity
  8
LINES
100
AcDbLine
 10
781.36
 20
74.92
 30
0.0
 11
782.92
 21
76.47999999999999
 31
0.0
  0
LINE
  5
7DF
330
17
100
AcDbEntity
  8
LINES
100
AcDbLine
 10
781.36
 20
75.4
 30
0.0
 11
782.4399999999999
 21
76.47999999999999
 31
0.0
  0
LINE
  5
7E0
330
17
100
AcDbEntity
  8
LINES
100
AcDbLine
 10
781.36
 20
75.88
 30
0.0
 11
781.9599999999999
 21
76.47999999999999
 31
0.0
  0
LINE
  5
7E1
330
17
100
AcDbEntity
  8
LINES
100
AcDbLine
 10
781.36
 20
76.36
 30
0.0
 11
781.48
 21
76.47999999999999
 31
0.0
  0
LINE
  5
7E2
330
17
100
AcDbEntity
  8
LINES
100
AcDbLine
 10
778.6
 20
76.47999999999999
 30
0.0
 11
778.6
 21
77.19999999999999
 31
0.0
  0
LINE
  5
7E3
330
17
100
AcDbEntity
  8
LINES
100
AcDbLine
 10
795.16
 20
70.6
 30
0.0
 11
795.16
 21
70.6
 31
0.0
  0
LINE
  5
7E4
330
17
100
AcDbEntity
  8
LINES
100
AcDbLine
 10
778.6
 20
67.72
 30
0.0
 11
778.8399999999999
 21
68.08
 31
0.0
  0
LINE
  5
7E5
330
17
100
AcDbEntity
  8
LINES
100
AcDbLine
 10
778.0
 20
67.72
 30
0.0
 11
778.8399999999999
 21
68.56
 31
0.0
  0
LINE
  5
7E6
330
17
100
AcDbEntity
  8
LINES
100
AcDbLine
 10
777.52
 20
67.72
 30
0.0
 11
778.36
 21
68.68
 31
0.0
  0
LINE
  5
7E7
330
17
100
AcDbEntity
  8
LINES
100
AcDbLine
 10
777.04
 20
67.72
 30
0.0
 11
777.88
 21
68.68
 31
0.0
  0
LINE
  5
7E8
330
17
100
AcDbEntity
  8
LINES
100
AcDbLine
 10
776.56
 20
67.72
 30
0.0
 11
777.4
 21
68.68
 31
0.0
  0
LINE
  5
7E9
330
17
100
AcDbEntity
  8
LINES
100
AcDbLine
 10
777.52
 20
69.28
 30
0.0
 11
778.0
 21
69.64
 31
0.0
  0
LINE
  5
7EA
330
17
100
AcDbEntity
  8
LINES
100
AcDbLine
 10
778.6
 20
70.24000000000001
 30
0.0
 11
778.8399999999999
 21
70.47999999999999
 31
0.0
  0
LINE
  5
7EB
330
17
100
AcDbEntity
  8
LINES
100
AcDbLine
 10
776.0799999999999
 20
67.72
 30
0.0
 11
776.92
 21
68.68
 31
0.0
  0
LINE
  5
7EC
330
17
100
AcDbEntity
  8
LINES
100
AcDbLine
 10
777.04
 20
69.28
 30
0.0
 11
777.52
 21
69.75999999999999
 31
0.0
  0
LINE
  5
7ED
330
17
100
AcDbEntity
  8
LINES
100
AcDbLine
 10
778.12
 20
70.24000000000001
 30
0.0
 11
778.72
 21
70.84
 31
0.0
  0
LINE
  5
7EE
330
17
100
AcDbEntity
  8
LINES
100
AcDbLine
 10
775.6
 20
67.72
 30
0.0
 11
776.92
 21
69.16
 31
0.0
  0
LINE
  5
7EF
330
17
100
AcDbEntity
  8
LINES
100
AcDbLine
 10
777.64
 20
70.24000000000001
 30
0.0
 11
778.24
 21
70.84
 31
0.0
  0
LINE
  5
7F0
330
17
100
AcDbEntity
  8
LINES
100
AcDbLine
 10
775.12
 20
67.72
 30
0.0
 11
777.04
 21
69.75999999999999
 31
0.0
  0
LINE
  5
7F1
330
17
100
AcDbEntity
  8
LINES
100
AcDbLine
 10
777.16
 20
70.24000000000001
 30
0.0
 11
777.64
 21
70.84
 31
0.0
  0
LINE
  5
7F2
330
17
100
AcDbEntity
  8
LINES
100
AcDbLine
 10
774.64
 20
67.72
 30
0.0
 11
776.92
 21
70.0
 31
0.0
  0
LINE
  5
7F3
330
17
100
AcDbEntity
  8
LINES
100
AcDbLine
 10
778.48
 20
72.16
 30
0.0
 11
778.72
 21
72.28
 31
0.0
  0
LINE
  5
7F4
330
17
100
AcDbEntity
  8
LINES
100
AcDbLine
 10
774.4
 20
68.08
 30
0.0
 11
777.16
 21
70.84
 31
0.0
  0
LINE
  5
7F5
330
17
100
AcDbEntity
  8
LINES
100
AcDbLine
 10
778.0
 20
72.16
 30
0.0
 11
778.72
 21
72.88
 31
0.0
  0
LINE
  5
7F6
330
17
100
AcDbEntity
  8
LINES
100
AcDbLine
 10
774.4
 20
68.56
 30
0.0
 11
776.68
 21
70.84
 31
0.0
  0
LINE
  5
7F7
330
17
100
AcDbEntity
  8
LINES
100
AcDbLine
 10
777.4
 20
72.16
 30
0.0
 11
778.6
 21
73.36
 31
0.0
  0
LINE
  5
7F8
330
17
100
AcDbEntity
  8
LINES
100
AcDbLine
 10
774.4
 20
69.03999999999999
 30
0.0
 11
776.1999999999999
 21
70.84
 31
0.0
  0
LINE
  5
7F9
330
17
100
AcDbEntity
  8
LINES
100
AcDbLine
 10
777.04
 20
72.16
 30
0.0
 11
778.6
 21
73.84
 31
0.0
  0
LINE
  5
7FA
330
17
100
AcDbEntity
  8
LINES
100
AcDbLine
 10
774.4
 20
69.52
 30
0.0
 11
776.0799999999999
 21
71.19999999999999
 31
0.0
  0
LINE
  5
7FB
330
17
100
AcDbEntity
  8
LINES
100
AcDbLine
 10
777.04
 20
72.64
 30
0.0
 11
778.6
 21
74.32
 31
0.0
  0
LINE
  5
7FC
330
17
100
AcDbEntity
  8
LINES
100
AcDbLine
 10
774.4
 20
70.0
 30
0.0
 11
776.0799999999999
 21
71.68
 31
0.0
  0
LINE
  5
7FD
330
17
100
AcDbEntity
  8
LINES
100
AcDbLine
 10
777.04
 20
73.12
 30
0.0
 11
778.6
 21
74.8
 31
0.0
  0
LINE
  5
7FE
330
17
100
AcDbEntity
  8
LINES
100
AcDbLine
 10
774.4
 20
70.47999999999999
 30
0.0
 11
776.0799999999999
 21
72.16
 31
0.0
  0
LINE
  5
7FF
330
17
100
AcDbEntity
  8
LINES
100
AcDbLine
 10
777.04
 20
73.6
 30
0.0
 11
778.6
 21
75.28
 31
0.0
  0
LINE
  5
800
330
17
100
AcDbEntity
  8
LINES
100
AcDbLine
 10
774.4
 20
70.96000000000001
 30
0.0
 11
776.0799999999999
 21
72.64
 31
0.0
  0
LINE
  5
801
330
17
100
AcDbEntity
  8
LINES
100
AcDbLine
 10
774.4
 20
71.56
 30
0.0
 11
776.0799999999999
 21
73.24
 31
0.0
  0
LINE
  5
802
330
17
100
AcDbEntity
  8
LINES
100
AcDbLine
 10
777.04
 20
74.08
 30
0.0
 11
778.6
 21
75.75999999999999
 31
0.0
  0
LINE
  5
803
330
17
100
AcDbEntity
  8
LINES
100
AcDbLine
 10
770.68
 20
67.84
 30
0.0
 11
771.04
 21
68.08
 31
0.0
  0
LINE
  5
804
330
17
100
AcDbEntity
  8
LINES
100
AcDbLine
 10
774.4
 20
72.03999999999999
 30
0.0
 11
776.0799999999999
 21
73.72
 31
0.0
  0
LINE
  5
805
330
17
100
AcDbEntity
  8
LINES
100
AcDbLine
 10
776.92
 20
74.56
 30
0.0
 11
778.6
 21
76.24
 31
0.0
  0
LINE
  5
806
330
17
100
AcDbEntity
  8
LINES
100
AcDbLine
 10
770.1999999999999
 20
67.84
 30
0.0
 11
771.04
 21
68.56
 31
0.0
  0
LINE
  5
807
330
17
100
AcDbEntity
  8
LINES
100
AcDbLine
 10
774.4
 20
72.52
 30
0.0
 11
776.0799999999999
 21
74.19999999999999
 31
0.0
  0
LINE
  5
808
330
17
100
AcDbEntity
  8
LINES
100
AcDbLine
 10
776.92
 20
75.03999999999999
 30
0.0
 11
778.6
 21
76.72
 31
0.0
  0
LINE
  5
809
330
17
100
AcDbEntity
  8
LINES
100
AcDbLine
 10
769.72
 20
67.84
 30
0.0
 11
770.56
 21
68.68
 31
0.0
  0
LINE
  5
80A
330
17
100
AcDbEntity
  8
LINES
100
AcDbLine
 10
774.4
 20
73.0
 30
0.0
 11
776.0799999999999
 21
74.68
 31
0.0
  0
LINE
  5
80B
330
17
100
AcDbEntity
  8
LINES
100
AcDbLine
 10
776.92
 20
75.52
 30
0.0
 11
778.6
 21
77.19999999999999
 31
0.0
  0
LINE
  5
80C
330
17
100
AcDbEntity
  8
LINES
100
AcDbLine
 10
769.24
 20
67.84
 30
0.0
 11
770.0799999999999
 21
68.68
 31
0.0
  0
LINE
  5
80D
330
17
100
AcDbEntity
  8
LINES
100
AcDbLine
 10
774.4
 20
73.47999999999999
 30
0.0
 11
776.0799999999999
 21
75.16
 31
0.0
  0
LINE
  5
80E
330
17
100
AcDbEntity
  8
LINES
100
AcDbLine
 10
770.0799999999999
 20
69.16
 30
0.0
 11
770.1999999999999
 21
69.28
 31
0.0
  0
LINE
  5
80F
330
17
100
AcDbEntity
  8
LINES
100
AcDbLine
 10
776.92
 20
76.0
 30
0.0
 11
778.6
 21
77.68
 31
0.0
  0
LINE
  5
810
330
17
100
AcDbEntity
  8
LINES
100
AcDbLine
 10
768.76
 20
67.84
 30
0.0
 11
769.6
 21
68.68
 31
0.0
  0
LINE
  5
811
330
17
100
AcDbEntity
  8
LINES
100
AcDbLine
 10
770.56
 20
70.24000000000001
 30
0.0
 11
771.04
 21
70.6
 31
0.0
  0
LINE
  5
812
330
17
100
AcDbEntity
  8
LINES
100
AcDbLine
 10
774.4
 20
73.96000000000001
 30
0.0
 11
776.0799999999999
 21
75.64
 31
0.0
  0
LINE
  5
813
330
17
100
AcDbEntity
  8
LINES
100
AcDbLine
 10
769.6
 20
69.16
 30
0.0
 11
770.0799999999999
 21
69.64
 31
0.0
  0
LINE
  5
814
330
17
100
AcDbEntity
  8
LINES
100
AcDbLine
 10
776.92
 20
76.47999999999999
 30
0.0
 11
778.36
 21
77.92
 31
0.0
  0
LINE
  5
815
330
17
100
AcDbEntity
  8
LINES
100
AcDbLine
 10
768.28
 20
67.84
 30
0.0
 11
769.24
 21
68.92
 31
0.0
  0
LINE
  5
816
330
17
100
AcDbEntity
  8
LINES
100
AcDbLine
 10
774.4
 20
74.44
 30
0.0
 11
776.0799999999999
 21
76.12
 31
0.0
  0
LINE
  5
817
330
17
100
AcDbEntity
  8
LINES
100
AcDbLine
 10
770.0799999999999
 20
70.24000000000001
 30
0.0
 11
770.8
 21
70.84
 31
0.0
  0
LINE
  5
818
330
17
100
AcDbEntity
  8
LINES
100
AcDbLine
 10
776.8
 20
76.84
 30
0.0
 11
778.12
 21
78.28
 31
0.0
  0
LINE
  5
819
330
17
100
AcDbEntity
  8
LINES
100
AcDbLine
 10
767.8
 20
67.84
 30
0.0
 11
769.6
 21
69.64
 31
0.0
  0
LINE
  5
81A
330
17
100
AcDbEntity
  8
LINES
100
AcDbLine
 10
771.4
 20
72.03999999999999
 30
0.0
 11
776.0799999999999
 21
76.6
 31
0.0
  0
LINE
  5
81B
330
17
100
AcDbEntity
  8
LINES
100
AcDbLine
 10
769.6
 20
70.24000000000001
 30
0.0
 11
770.3199999999999
 21
70.84
 31
0.0
  0
LINE
  5
81C
330
17
100
AcDbEntity
  8
LINES
100
AcDbLine
 10
776.68
 20
77.19999999999999
 30
0.0
 11
777.88
 21
78.52
 31
0.0
  0
LINE
  5
81D
330
17
100
AcDbEntity
  8
LINES
100
AcDbLine
 10
767.3199999999999
 20
67.84
 30
0.0
 11
769.24
 21
69.88
 31
0.0
  0
LINE
  5
81E
330
17
100
AcDbEntity
  8
LINES
100
AcDbLine
 10
771.16
 20
72.28
 30
0.0
 11
775.6
 21
76.72
 31
0.0
  0
LINE
  5
81F
330
17
100
AcDbEntity
  8
LINES
100
AcDbLine
 10
776.4399999999999
 20
77.44
 30
0.0
 11
777.64
 21
78.75999999999999
 31
0.0
  0
LINE
  5
820
330
17
100
AcDbEntity
  8
LINES
100
AcDbLine
 10
766.8399999999999
 20
67.84
 30
0.0
 11
769.8399999999999
 21
70.84
 31
0.0
  0
LINE
  5
821
330
17
100
AcDbEntity
  8
LINES
100
AcDbLine
 10
770.92
 20
72.52
 30
0.0
 11
775.12
 21
76.72
 31
0.0
  0
LINE
  5
822
330
17
100
AcDbEntity
  8
LINES
100
AcDbLine
 10
775.9599999999999
 20
77.44
 30
0.0
 11
777.4
 21
78.88
 31
0.0
  0
LINE
  5
823
330
17
100
AcDbEntity
  8
LINES
100
AcDbLine
 10
766.72
 20
68.19999999999999
 30
0.0
 11
769.36
 21
70.84
 31
0.0
  0
LINE
  5
824
330
17
100
AcDbEntity
  8
LINES
100
AcDbLine
 10
770.68
 20
72.75999999999999
 30
0.0
 11
774.64
 21
76.72
 31
0.0
  0
LINE
  5
825
330
17
100
AcDbEntity
  8
LINES
100
AcDbLine
 10
775.48
 20
77.56
 30
0.0
 11
777.04
 21
79.0
 31
0.0
  0
LINE
  5
826
330
17
100
AcDbEntity
  8
LINES
100
AcDbLine
 10
766.72
 20
68.68
 30
0.0
 11
768.88
 21
70.84
 31
0.0
  0
LINE
  5
827
330
17
100
AcDbEntity
  8
LINES
100
AcDbLine
 10
771.88
 20
74.44
 30
0.0
 11
774.16
 21
76.72
 31
0.0
  0
LINE
  5
828
330
17
100
AcDbEntity
  8
LINES
100
AcDbLine
 10
770.4399999999999
 20
73.0
 30
0.0
 11
771.64
 21
74.19999999999999
 31
0.0
  0
LINE
  5
829
330
17
100
AcDbEntity
  8
LINES
100
AcDbLine
 10
775.0
 20
77.56
 30
0.0
 11
776.56
 21
79.12
 31
0.0
  0
LINE
  5
82A
330
17
100
AcDbEntity
  8
LINES
100
AcDbLine
 10
766.72
 20
69.16
 30
0.0
 11
768.4
 21
70.96000000000001
 31
0.0
  0
LINE
  5
82B
330
17
100
AcDbEntity
  8
LINES
100
AcDbLine
 10
770.1999999999999
 20
73.24
 30
0.0
 11
771.4
 21
74.44
 31
0.0
  0
LINE
  5
82C
330
17
100
AcDbEntity
  8
LINES
100
AcDbLine
 10
774.52
 20
77.56
 30
0.0
 11
776.1999999999999
 21
79.12
 31
0.0
  0
LINE
  5
82D
330
17
100
AcDbEntity
  8
LINES
100
AcDbLine
 10
766.72
 20
69.75999999999999
 30
0.0
 11
768.4
 21
71.44
 31
0.0
  0
LINE
  5
82E
330
17
100
AcDbEntity
  8
LINES
100
AcDbLine
 10
769.9599999999999
 20
73.47999999999999
 30
0.0
 11
771.16
 21
74.68
 31
0.0
  0
LINE
  5
82F
330
17
100
AcDbEntity
  8
LINES
100
AcDbLine
 10
774.04
 20
77.56
 30
0.0
 11
775.72
 21
79.24
 31
0.0
  0
LINE
  5
830
330
17
100
AcDbEntity
  8
LINES
100
AcDbLine
 10
766.72
 20
70.24000000000001
 30
0.0
 11
768.4
 21
71.92
 31
0.0
  0
LINE
  5
831
330
17
100
AcDbEntity
  8
LINES
100
AcDbLine
 10
769.72
 20
73.72
 30
0.0
 11
770.92
 21
74.92
 31
0.0
  0
LINE
  5
832
330
17
100
AcDbEntity
  8
LINES
100
AcDbLine
 10
773.56
 20
77.56
 30
0.0
 11
775.24
 21
79.24
 31
0.0
  0
LINE
  5
833
330
17
100
AcDbEntity
  8
LINES
100
AcDbLine
 10
766.72
 20
70.72
 30
0.0
 11
768.4
 21
72.52
 31
0.0
  0
LINE
  5
834
330
17
100
AcDbEntity
  8
LINES
100
AcDbLine
 10
769.48
 20
74.08
 30
0.0
 11
770.68
 21
75.16
 31
0.0
  0
LINE
  5
835
330
17
100
AcDbEntity
  8
LINES
100
AcDbLine
 10
773.0799999999999
 20
77.56
 30
0.0
 11
774.76
 21
79.24
 31
0.0
  0
LINE
  5
836
330
17
100
AcDbEntity
  8
LINES
100
AcDbLine
 10
766.72
 20
71.19999999999999
 30
0.0
 11
768.4
 21
73.0
 31
0.0
  0
LINE
  5
837
330
17
100
AcDbEntity
  8
LINES
100
AcDbLine
 10
769.24
 20
74.32
 30
0.0
 11
770.4399999999999
 21
75.52
 31
0.0
  0
LINE
  5
838
330
17
100
AcDbEntity
  8
LINES
100
AcDbLine
 10
772.6
 20
77.68
 30
0.0
 11
774.16
 21
79.24
 31
0.0
  0
LINE
  5
839
330
17
100
AcDbEntity
  8
LINES
100
AcDbLine
 10
766.72
 20
71.68
 30
0.0
 11
768.4
 21
73.47999999999999
 31
0.0
  0
LINE
  5
83A
330
17
100
AcDbEntity
  8
LINES
100
AcDbLine
 10
769.0
 20
74.56
 30
0.0
 11
770.1999999999999
 21
75.75999999999999
 31
0.0
  0
LINE
  5
83B
330
17
100
AcDbEntity
  8
LINES
100
AcDbLine
 10
772.12
 20
77.68
 30
0.0
 11
773.68
 21
79.24
 31
0.0
  0
LINE
  5
83C
330
17
100
AcDbEntity
  8
LINES
100
AcDbLine
 10
766.72
 20
72.16
 30
0.0
 11
768.4
 21
73.96000000000001
 31
0.0
  0
LINE
  5
83D
330
17
100
AcDbEntity
  8
LINES
100
AcDbLine
 10
768.76
 20
74.8
 30
0.0
 11
769.9599999999999
 21
76.0
 31
0.0
  0
LINE
  5
83E
330
17
100
AcDbEntity
  8
LINES
100
AcDbLine
 10
771.64
 20
77.68
 30
0.0
 11
773.1999999999999
 21
79.24
 31
0.0
  0
LINE
  5
83F
330
17
100
AcDbEntity
  8
LINES
100
AcDbLine
 10
766.72
 20
72.64
 30
0.0
 11
768.4
 21
74.44
 31
0.0
  0
LINE
  5
840
330
17
100
AcDbEntity
  8
LINES
100
AcDbLine
 10
771.16
 20
77.68
 30
0.0
 11
772.72
 21
79.24
 31
0.0
  0
LINE
  5
841
330
17
100
AcDbEntity
  8
LINES
100
AcDbLine
 10
766.72
 20
73.12
 30
0.0
 11
769.72
 21
76.24
 31
0.0
  0
LINE
  5
842
330
17
100
AcDbEntity
  8
LINES
100
AcDbLine
 10
770.68
 20
77.68
 30
0.0
 11
772.24
 21
79.24
 31
0.0
  0
LINE
  5
843
330
17
100
AcDbEntity
  8
LINES
100
AcDbLine
 10
766.72
 20
73.6
 30
0.0
 11
769.48
 21
76.47999999999999
 31
0.0
  0
LINE
  5
844
330
17
100
AcDbEntity
  8
LINES
100
AcDbLine
 10
770.1999999999999
 20
77.68
 30
0.0
 11
771.76
 21
79.24
 31
0.0
  0
LINE
  5
845
330
17
100
AcDbEntity
  8
LINES
100
AcDbLine
 10
766.72
 20
74.08
 30
0.0
 11
769.36
 21
76.72
 31
0.0
  0
LINE
  5
846
330
17
100
AcDbEntity
  8
LINES
100
AcDbLine
 10
769.72
 20
77.68
 30
0.0
 11
771.28
 21
79.24
 31
0.0
  0
LINE
  5
847
330
17
100
AcDbEntity
  8
LINES
100
AcDbLine
 10
766.72
 20
74.68
 30
0.0
 11
768.88
 21
76.84
 31
0.0
  0
LINE
  5
848
330
17
100
AcDbEntity
  8
LINES
100
AcDbLine
 10
769.24
 20
77.68
 30
0.0
 11
770.8
 21
79.24
 31
0.0
  0
LINE
  5
849
330
17
100
AcDbEntity
  8
LINES
100
AcDbLine
 10
766.72
 20
75.16
 30
0.0
 11
768.4
 21
76.84
 31
0.0
  0
LINE
  5
84A
330
17
100
AcDbEntity
  8
LINES
100
AcDbLine
 10
768.76
 20
77.68
 30
0.0
 11
770.3199999999999
 21
79.24
 31
0.0
  0
LINE
  5
84B
330
17
100
AcDbEntity
  8
LINES
100
AcDbLine
 10
766.72
 20
75.64
 30
0.0
 11
767.92
 21
76.84
 31
0.0
  0
LINE
  5
84C
330
17
100
AcDbEntity
  8
LINES
100
AcDbLine
 10
768.28
 20
77.68
 30
0.0
 11
769.8399999999999
 21
79.24
 31
0.0
  0
LINE
  5
84D
330
17
100
AcDbEntity
  8
LINES
100
AcDbLine
 10
766.72
 20
76.12
 30
0.0
 11
767.4399999999999
 21
76.84
 31
0.0
  0
LINE
  5
84E
330
17
100
AcDbEntity
  8
LINES
100
AcDbLine
 10
767.8
 20
77.68
 30
0.0
 11
769.24
 21
79.24
 31
0.0
  0
LINE
  5
84F
330
17
100
AcDbEntity
  8
LINES
100
AcDbLine
 10
766.72
 20
76.6
 30
0.0
 11
766.9599999999999
 21
76.84
 31
0.0
  0
LINE
  5
850
330
17
100
AcDbEntity
  8
LINES
100
AcDbLine
 10
767.1999999999999
 20
77.68
 30
0.0
 11
768.76
 21
79.24
 31
0.0
  0
LINE
  5
851
330
17
100
AcDbEntity
  8
LINES
100
AcDbLine
 10
766.72
 20
77.68
 30
0.0
 11
768.28
 21
79.24
 31
0.0
  0
LINE
  5
852
330
17
100
AcDbEntity
  8
LINES
100
AcDbLine
 10
766.72
 20
78.16
 30
0.0
 11
767.8
 21
79.24
 31
0.0
  0
LINE
  5
853
330
17
100
AcDbEntity
  8
LINES
100
AcDbLine
 10
766.72
 20
78.64
 30
0.0
 11
767.3199999999999
 21
79.24
 31
0.0
  0
LINE
  5
854
330
17
100
AcDbEntity
  8
LINES
100
AcDbLine
 10
766.72
 20
79.12
 30
0.0
 11
766.8399999999999
 21
79.24
 31
0.0
  0
LINE
  5
855
330
17
100
AcDbEntity
  8
LINES
100
AcDbLine
 10
773.3199999999999
 20
68.44
 30
0.0
 11
773.92
 21
69.03999999999999
 31
0.0
  0
LINE
  5
856
330
17
100
AcDbEntity
  8
LINES
100
AcDbLine
 10
772.6
 20
68.32
 30
0.0
 11
774.04
 21
69.75999999999999
 31
0.0
  0
LINE
  5
857
330
17
100
AcDbEntity
  8
LINES
100
AcDbLine
 10
772.24
 20
68.32
 30
0.0
 11
774.04
 21
70.12
 31
0.0
  0
LINE
  5
858
330
17
100
AcDbEntity
  8
LINES
100
AcDbLine
 10
772.36
 20
69.03999999999999
 30
0.0
 11
773.92
 21
70.47999999999999
 31
0.0
  0
LINE
  5
859
330
17
100
AcDbEntity
  8
LINES
100
AcDbLine
 10
771.88
 20
68.44
 30
0.0
 11
772.12
 21
68.68
 31
0.0
  0
LINE
  5
85A
330
17
100
AcDbEntity
  8
LINES
100
AcDbLine
 10
771.52
 20
68.68
 30
0.0
 11
773.68
 21
70.72
 31
0.0
  0
LINE
  5
85B
330
17
100
AcDbEntity
  8
LINES
100
AcDbLine
 10
773.1999999999999
 20
70.72
 30
0.0
 11
773.3199999999999
 21
70.96000000000001
 31
0.0
  0
LINE
  5
85C
330
17
100
AcDbEntity
  8
LINES
100
AcDbLine
 10
771.4
 20
68.92
 30
0.0
 11
772.8399999999999
 21
70.47999999999999
 31
0.0
  0
LINE
  5
85D
330
17
100
AcDbEntity
  8
LINES
100
AcDbLine
 10
771.16
 20
69.28
 30
0.0
 11
773.0799999999999
 21
71.08
 31
0.0
  0
LINE
  5
85E
330
17
100
AcDbEntity
  8
LINES
100
AcDbLine
 10
771.16
 20
69.75999999999999
 30
0.0
 11
772.6
 21
71.19999999999999
 31
0.0
  0
LINE
  5
85F
330
17
100
AcDbEntity
  8
LINES
100
AcDbLine
 10
771.28
 20
70.36
 30
0.0
 11
771.88
 21
70.96000000000001
 31
0.0
  0
LINE
  5
860
330
17
100
AcDbEntity
  8
LINES
100
AcDbLine
 10
768.16
 20
55.36
 30
0.0
 11
768.16
 21
55.36
 31
0.0
  0
LINE
  5
861
330
17
100
AcDbEntity
  8
LINES
100
AcDbLine
 10
808.8399999999999
 20
55.480000000000004
 30
0.0
 11
808.8399999999999
 21
55.480000000000004
 31
0.0
  0
LINE
  5
862
330
17
100
AcDbEntity
  8
LINES
100
AcDbLine
 10
766.0
 20
47.8
 30
0.0
 11
766.0
 21
49.36
 31
0.0
  0
LINE
  5
863
330
17
100
AcDbEntity
  8
LINES
100
AcDbLine
 10
814.48
 20
47.92
 30
0.0
 11
814.48
 21
47.92
 31
0.0
  0
LINE
  5
864
330
17
100
AcDbEntity
  8
LINES
100
AcDbLine
 10
799.48
 20
47.8
 30
0.0
 11
800.56
 21
47.8
 31
0.0
  0
LINE
  5
865
330
17
100
AcDbEntity
  8
LINES
100
AcDbLine
 10
772.12
 20
49.84
 30
0.0
 11
772.12
 21
49.84
 31
0.0
  0
LINE
  5
866
330
17
100
AcDbEntity
  8
LINES
100
AcDbLine
 10
780.52
 20
49.84
 30
0.0
 11
780.52
 21
49.84
 31
0.0
  0
LINE
  5
867
330
17
100
AcDbEntity
  8
LINES
100
AcDbLine
 10
804.04
 20
49.84
 30
0.0
 11
804.04
 21
49.84
 31
0.0
  0
LINE
  5
868
330
17
100
AcDbEntity
  8
LINES
100
AcDbLine
 10
814.72
 20
47.8
 30
0.0
 11
814.9599999999999
 21
48.04
 31
0.0
  0
LINE
  5
869
330
17
100
AcDbEntity
  8
LINES
100
AcDbLine
 10
814.48
 20
47.92
 30
0.0
 11
815.0799999999999
 21
48.4
 31
0.0
  0
LINE
  5
86A
330
17
100
AcDbEntity
  8
LINES
100
AcDbLine
 10
814.12
 20
47.8
 30
0.0
 11
815.0799999999999
 21
48.76
 31
0.0
  0
LINE
  5
86B
330
17
100
AcDbEntity
  8
LINES
100
AcDbLine
 10
813.64
 20
47.68
 30
0.0
 11
815.0799999999999
 21
49.0
 31
0.0
  0
LINE
  5
86C
330
17
100
AcDbEntity
  8
LINES
100
AcDbLine
 10
814.48
 20
48.879999999999995
 30
0.0
 11
815.0799999999999
 21
49.36
 31
0.0
  0
LINE
  5
86D
330
17
100
AcDbEntity
  8
LINES
100
AcDbLine
 10
813.4
 20
47.8
 30
0.0
 11
813.76
 21
48.16
 31
0.0
  0
LINE
  5
86E
330
17
100
AcDbEntity
  8
LINES
100
AcDbLine
 10
814.48
 20
49.120000000000005
 30
0.0
 11
815.0799999999999
 21
49.72
 31
0.0
  0
LINE
  5
86F
330
17
100
AcDbEntity
  8
LINES
100
AcDbLine
 10
813.16
 20
47.92
 30
0.0
 11
813.64
 21
48.28
 31
0.0
  0
LINE
  5
870
330
17
100
AcDbEntity
  8
LINES
100
AcDbLine
 10
814.36
 20
49.36
 30
0.0
 11
815.0799999999999
 21
50.08
 31
0.0
  0
LINE
  5
871
330
17
100
AcDbEntity
  8
LINES
100
AcDbLine
 10
813.04
 20
48.04
 30
0.0
 11
813.4
 21
48.4
 31
0.0
  0
LINE
  5
872
330
17
100
AcDbEntity
  8
LINES
100
AcDbLine
 10
814.24
 20
49.480000000000004
 30
0.0
 11
815.0799999999999
 21
50.32
 31
0.0
  0
LINE
  5
873
330
17
100
AcDbEntity
  8
LINES
100
AcDbLine
 10
812.92
 20
48.28
 30
0.0
 11
813.4
 21
48.76
 31
0.0
  0
LINE
  5
874
330
17
100
AcDbEntity
  8
LINES
100
AcDbLine
 10
814.0
 20
49.599999999999994
 30
0.0
 11
814.9599999999999
 21
50.68
 31
0.0
  0
LINE
  5
875
330
17
100
AcDbEntity
  8
LINES
100
AcDbLine
 10
812.8
 20
48.519999999999996
 30
0.0
 11
813.4
 21
49.0
 31
0.0
  0
LINE
  5
876
330
17
100
AcDbEntity
  8
LINES
100
AcDbLine
 10
812.8
 20
48.76
 30
0.0
 11
814.0
 21
49.96
 31
0.0
  0
LINE
  5
877
330
17
100
AcDbEntity
  8
LINES
100
AcDbLine
 10
814.48
 20
50.44
 30
0.0
 11
814.9599999999999
 21
50.92
 31
0.0
  0
LINE
  5
878
330
17
100
AcDbEntity
  8
LINES
100
AcDbLine
 10
811.8399999999999
 20
47.8
 30
0.0
 11
812.1999999999999
 21
48.16
 31
0.0
  0
LINE
  5
879
330
17
100
AcDbEntity
  8
LINES
100
AcDbLine
 10
812.8
 20
49.120000000000005
 30
0.0
 11
813.76
 21
50.08
 31
0.0
  0
LINE
  5
87A
330
17
100
AcDbEntity
  8
LINES
100
AcDbLine
 10
811.36
 20
47.68
 30
0.0
 11
812.0799999999999
 21
48.4
 31
0.0
  0
LINE
  5
87B
330
17
100
AcDbEntity
  8
LINES
100
AcDbLine
 10
812.1999999999999
 20
48.76
 30
0.0
 11
812.3199999999999
 21
49.0
 31
0.0
  0
LINE
  5
87C
330
17
100
AcDbEntity
  8
LINES
100
AcDbLine
 10
813.04
 20
49.599999999999994
 30
0.0
 11
813.28
 21
49.96
 31
0.0
  0
LINE
  5
87D
330
17
100
AcDbEntity
  8
LINES
100
AcDbLine
 10
811.12
 20
47.68
 30
0.0
 11
811.6
 21
48.28
 31
0.0
  0
LINE
  5
87E
330
17
100
AcDbEntity
  8
LINES
100
AcDbLine
 10
811.8399999999999
 20
48.76
 30
0.0
 11
812.3199999999999
 21
49.239999999999995
 31
0.0
  0
LINE
  5
87F
330
17
100
AcDbEntity
  8
LINES
100
AcDbLine
 10
810.88
 20
47.8
 30
0.0
 11
811.24
 21
48.16
 31
0.0
  0
LINE
  5
880
330
17
100
AcDbEntity
  8
LINES
100
AcDbLine
 10
811.48
 20
48.76
 30
0.0
 11
812.1999999999999
 21
49.480000000000004
 31
0.0
  0
LINE
  5
881
330
17
100
AcDbEntity
  8
LINES
100
AcDbLine
 10
810.64
 20
47.92
 30
0.0
 11
811.0
 21
48.28
 31
0.0
  0
LINE
  5
882
330
17
100
AcDbEntity
  8
LINES
100
AcDbLine
 10
811.0
 20
48.64
 30
0.0
 11
811.36
 21
49.0
 31
0.0
  0
LINE
  5
883
330
17
100
AcDbEntity
  8
LINES
100
AcDbLine
 10
811.72
 20
49.36
 30
0.0
 11
812.0799999999999
 21
49.72
 31
0.0
  0
LINE
  5
884
330
17
100
AcDbEntity
  8
LINES
100
AcDbLine
 10
810.52
 20
48.04
 30
0.0
 11
810.88
 21
48.519999999999996
 31
0.0
  0
LINE
  5
885
330
17
100
AcDbEntity
  8
LINES
100
AcDbLine
 10
810.4
 20
48.28
 30
0.0
 11
811.12
 21
49.0
 31
0.0
  0
LINE
  5
886
330
17
100
AcDbEntity
  8
LINES
100
AcDbLine
 10
811.6
 20
49.599999999999994
 30
0.0
 11
811.9599999999999
 21
49.84
 31
0.0
  0
LINE
  5
887
330
17
100
AcDbEntity
  8
LINES
100
AcDbLine
 10
809.8
 20
47.68
 30
0.0
 11
809.92
 21
47.8
 31
0.0
  0
LINE
  5
888
330
17
100
AcDbEntity
  8
LINES
100
AcDbLine
 10
810.28
 20
48.64
 30
0.0
 11
810.88
 21
49.120000000000005
 31
0.0
  0
LINE
  5
889
330
17
100
AcDbEntity
  8
LINES
100
AcDbLine
 10
811.36
 20
49.72
 30
0.0
 11
811.72
 21
49.96
 31
0.0
  0
LINE
  5
88A
330
17
100
AcDbEntity
  8
LINES
100
AcDbLine
 10
809.4399999999999
 20
47.68
 30
0.0
 11
809.8
 21
48.16
 31
0.0
  0
LINE
  5
88B
330
17
100
AcDbEntity
  8
LINES
100
AcDbLine
 10
810.28
 20
48.879999999999995
 30
0.0
 11
811.48
 21
50.08
 31
0.0
  0
LINE
  5
88C
330
17
100
AcDbEntity
  8
LINES
100
AcDbLine
 10
809.1999999999999
 20
47.8
 30
0.0
 11
809.56
 21
48.16
 31
0.0
  0
LINE
  5
88D
330
17
100
AcDbEntity
  8
LINES
100
AcDbLine
 10
810.4
 20
49.239999999999995
 30
0.0
 11
811.12
 21
50.08
 31
0.0
  0
LINE
  5
88E
330
17
100
AcDbEntity
  8
LINES
100
AcDbLine
 10
808.9599999999999
 20
47.92
 30
0.0
 11
809.56
 21
48.519999999999996
 31
0.0
  0
LINE
  5
88F
330
17
100
AcDbEntity
  8
LINES
100
AcDbLine
 10
808.9599999999999
 20
48.16
 30
0.0
 11
809.56
 21
48.76
 31
0.0
  0
LINE
  5
890
330
17
100
AcDbEntity
  8
LINES
100
AcDbLine
 10
808.9599999999999
 20
48.519999999999996
 30
0.0
 11
809.56
 21
49.120000000000005
 31
0.0
  0
LINE
  5
891
330
17
100
AcDbEntity
  8
LINES
100
AcDbLine
 10
808.9599999999999
 20
48.879999999999995
 30
0.0
 11
809.92
 21
49.84
 31
0.0
  0
LINE
  5
892
330
17
100
AcDbEntity
  8
LINES
100
AcDbLine
 10
807.88
 20
47.8
 30
0.0
 11
808.12
 21
48.04
 31
0.0
  0
LINE
  5
893
330
17
100
AcDbEntity
  8
LINES
100
AcDbLine
 10
808.8399999999999
 20
49.120000000000005
 30
0.0
 11
809.8
 21
50.08
 31
0.0
  0
LINE
  5
894
330
17
100
AcDbEntity
  8
LINES
100
AcDbLine
 10
807.64
 20
47.92
 30
0.0
 11
808.12
 21
48.4
 31
0.0
  0
LINE
  5
895
330
17
100
AcDbEntity
  8
LINES
100
AcDbLine
 10
808.8399999999999
 20
49.36
 30
0.0
 11
809.56
 21
50.2
 31
0.0
  0
LINE
  5
896
330
17
100
AcDbEntity
  8
LINES
100
AcDbLine
 10
807.64
 20
48.16
 30
0.0
 11
808.12
 21
48.76
 31
0.0
  0
LINE
  5
897
330
17
100
AcDbEntity
  8
LINES
100
AcDbLine
 10
808.72
 20
49.72
 30
0.0
 11
809.56
 21
50.44
 31
0.0
  0
LINE
  5
898
330
17
100
AcDbEntity
  8
LINES
100
AcDbLine
 10
807.64
 20
48.519999999999996
 30
0.0
 11
808.12
 21
49.0
 31
0.0
  0
LINE
  5
899
330
17
100
AcDbEntity
  8
LINES
100
AcDbLine
 10
807.64
 20
48.879999999999995
 30
0.0
 11
808.12
 21
49.36
 31
0.0
  0
LINE
  5
89A
330
17
100
AcDbEntity
  8
LINES
100
AcDbLine
 10
808.6
 20
49.84
 30
0.0
 11
809.4399999999999
 21
50.68
 31
0.0
  0
LINE
  5
89B
330
17
100
AcDbEntity
  8
LINES
100
AcDbLine
 10
806.56
 20
47.8
 30
0.0
 11
806.8
 21
48.04
 31
0.0
  0
LINE
  5
89C
330
17
100
AcDbEntity
  8
LINES
100
AcDbLine
 10
807.64
 20
49.239999999999995
 30
0.0
 11
808.12
 21
49.72
 31
0.0
  0
LINE
  5
89D
330
17
100
AcDbEntity
  8
LINES
100
AcDbLine
 10
806.3199999999999
 20
47.92
 30
0.0
 11
806.8
 21
48.4
 31
0.0
  0
LINE
  5
89E
330
17
100
AcDbEntity
  8
LINES
100
AcDbLine
 10
807.64
 20
49.480000000000004
 30
0.0
 11
808.0
 21
49.96
 31
0.0
  0
LINE
  5
89F
330
17
100
AcDbEntity
  8
LINES
100
AcDbLine
 10
806.3199999999999
 20
48.28
 30
0.0
 11
806.8
 21
48.76
 31
0.0
  0
LINE
  5
8A0
330
17
100
AcDbEntity
  8
LINES
100
AcDbLine
 10
807.64
 20
49.84
 30
0.0
 11
807.76
 21
50.08
 31
0.0
  0
LINE
  5
8A1
330
17
100
AcDbEntity
  8
LINES
100
AcDbLine
 10
806.3199999999999
 20
48.519999999999996
 30
0.0
 11
806.8
 21
49.120000000000005
 31
0.0
  0
LINE
  5
8A2
330
17
100
AcDbEntity
  8
LINES
100
AcDbLine
 10
806.3199999999999
 20
48.879999999999995
 30
0.0
 11
806.8
 21
49.36
 31
0.0
  0
LINE
  5
8A3
330
17
100
AcDbEntity
  8
LINES
100
AcDbLine
 10
807.88
 20
50.44
 30
0.0
 11
808.12
 21
50.68
 31
0.0
  0
LINE
  5
8A4
330
17
100
AcDbEntity
  8
LINES
100
AcDbLine
 10
805.24
 20
47.8
 30
0.0
 11
805.48
 21
48.04
 31
0.0
  0
LINE
  5
8A5
330
17
100
AcDbEntity
  8
LINES
100
AcDbLine
 10
806.3199999999999
 20
49.120000000000005
 30
0.0
 11
806.8
 21
49.599999999999994
 31
0.0
  0
LINE
  5
8A6
330
17
100
AcDbEntity
  8
LINES
100
AcDbLine
 10
807.64
 20
50.56
 30
0.0
 11
808.0
 21
50.92
 31
0.0
  0
LINE
  5
8A7
330
17
100
AcDbEntity
  8
LINES
100
AcDbLine
 10
805.0
 20
47.92
 30
0.0
 11
805.48
 21
48.28
 31
0.0
  0
LINE
  5
8A8
330
17
100
AcDbEntity
  8
LINES
100
AcDbLine
 10
806.1999999999999
 20
49.36
 30
0.0
 11
806.68
 21
49.84
 31
0.0
  0
LINE
  5
8A9
330
17
100
AcDbEntity
  8
LINES
100
AcDbLine
 10
805.0
 20
48.16
 30
0.0
 11
805.48
 21
48.64
 31
0.0
  0
LINE
  5
8AA
330
17
100
AcDbEntity
  8
LINES
100
AcDbLine
 10
806.0799999999999
 20
49.599999999999994
 30
0.0
 11
806.4399999999999
 21
49.96
 31
0.0
  0
LINE
  5
8AB
330
17
100
AcDbEntity
  8
LINES
100
AcDbLine
 10
805.0
 20
48.519999999999996
 30
0.0
 11
805.48
 21
49.0
 31
0.0
  0
LINE
  5
8AC
330
17
100
AcDbEntity
  8
LINES
100
AcDbLine
 10
804.88
 20
48.76
 30
0.0
 11
806.1999999999999
 21
50.08
 31
0.0
  0
LINE
  5
8AD
330
17
100
AcDbEntity
  8
LINES
100
AcDbLine
 10
803.92
 20
47.8
 30
0.0
 11
804.04
 21
47.92
 31
0.0
  0
LINE
  5
8AE
330
17
100
AcDbEntity
  8
LINES
100
AcDbLine
 10
804.88
 20
49.120000000000005
 30
0.0
 11
805.8399999999999
 21
49.96
 31
0.0
  0
LINE
  5
8AF
330
17
100
AcDbEntity
  8
LINES
100
AcDbLine
 10
803.68
 20
47.8
 30
0.0
 11
804.04
 21
48.28
 31
0.0
  0
LINE
  5
8B0
330
17
100
AcDbEntity
  8
LINES
100
AcDbLine
 10
804.88
 20
49.36
 30
0.0
 11
805.36
 21
49.84
 31
0.0
  0
LINE
  5
8B1
330
17
100
AcDbEntity
  8
LINES
100
AcDbLine
 10
803.56
 20
48.04
 30
0.0
 11
804.04
 21
48.519999999999996
 31
0.0
  0
LINE
  5
8B2
330
17
100
AcDbEntity
  8
LINES
100
AcDbLine
 10
804.64
 20
49.480000000000004
 30
0.0
 11
805.12
 21
49.96
 31
0.0
  0
LINE
  5
8B3
330
17
100
AcDbEntity
  8
LINES
100
AcDbLine
 10
803.56
 20
48.4
 30
0.0
 11
804.04
 21
48.879999999999995
 31
0.0
  0
LINE
  5
8B4
330
17
100
AcDbEntity
  8
LINES
100
AcDbLine
 10
803.56
 20
48.76
 30
0.0
 11
804.16
 21
49.36
 31
0.0
  0
LINE
  5
8B5
330
17
100
AcDbEntity
  8
LINES
100
AcDbLine
 10
804.4
 20
49.599999999999994
 30
0.0
 11
804.88
 21
50.08
 31
0.0
  0
LINE
  5
8B6
330
17
100
AcDbEntity
  8
LINES
100
AcDbLine
 10
802.6
 20
47.8
 30
0.0
 11
802.8399999999999
 21
48.04
 31
0.0
  0
LINE
  5
8B7
330
17
100
AcDbEntity
  8
LINES
100
AcDbLine
 10
803.56
 20
49.0
 30
0.0
 11
804.52
 21
50.08
 31
0.0
  0
LINE
  5
8B8
330
17
100
AcDbEntity
  8
LINES
100
AcDbLine
 10
802.36
 20
47.8
 30
0.0
 11
802.8399999999999
 21
48.4
 31
0.0
  0
LINE
  5
8B9
330
17
100
AcDbEntity
  8
LINES
100
AcDbLine
 10
803.56
 20
49.36
 30
0.0
 11
804.04
 21
49.84
 31
0.0
  0
LINE
  5
8BA
330
17
100
AcDbEntity
  8
LINES
100
AcDbLine
 10
802.24
 20
48.16
 30
0.0
 11
802.8399999999999
 21
48.76
 31
0.0
  0
LINE
  5
8BB
330
17
100
AcDbEntity
  8
LINES
100
AcDbLine
 10
803.56
 20
49.72
 30
0.0
 11
803.92
 21
50.08
 31
0.0
  0
LINE
  5
8BC
330
17
100
AcDbEntity
  8
LINES
100
AcDbLine
 10
802.24
 20
48.4
 30
0.0
 11
802.8399999999999
 21
49.120000000000005
 31
0.0
  0
LINE
  5
8BD
330
17
100
AcDbEntity
  8
LINES
100
AcDbLine
 10
802.24
 20
48.76
 30
0.0
 11
802.8399999999999
 21
49.36
 31
0.0
  0
LINE
  5
8BE
330
17
100
AcDbEntity
  8
LINES
100
AcDbLine
 10
801.28
 20
47.8
 30
0.0
 11
801.64
 21
48.16
 31
0.0
  0
LINE
  5
8BF
330
17
100
AcDbEntity
  8
LINES
100
AcDbLine
 10
802.24
 20
49.120000000000005
 30
0.0
 11
802.8399999999999
 21
49.72
 31
0.0
  0
LINE
  5
8C0
330
17
100
AcDbEntity
  8
LINES
100
AcDbLine
 10
800.92
 20
47.8
 30
0.0
 11
801.4
 21
48.28
 31
0.0
  0
LINE
  5
8C1
330
17
100
AcDbEntity
  8
LINES
100
AcDbLine
 10
802.24
 20
49.36
 30
0.0
 11
802.8399999999999
 21
49.96
 31
0.0
  0
LINE
  5
8C2
330
17
100
AcDbEntity
  8
LINES
100
AcDbLine
 10
800.56
 20
47.8
 30
0.0
 11
801.16
 21
48.28
 31
0.0
  0
LINE
  5
8C3
330
17
100
AcDbEntity
  8
LINES
100
AcDbLine
 10
802.24
 20
49.72
 30
0.0
 11
802.6
 21
50.08
 31
0.0
  0
LINE
  5
8C4
330
17
100
AcDbEntity
  8
LINES
100
AcDbLine
 10
800.3199999999999
 20
47.8
 30
0.0
 11
800.8
 21
48.28
 31
0.0
  0
LINE
  5
8C5
330
17
100
AcDbEntity
  8
LINES
100
AcDbLine
 10
802.6
 20
50.44
 30
0.0
 11
802.8399999999999
 21
50.68
 31
0.0
  0
LINE
  5
8C6
330
17
100
AcDbEntity
  8
LINES
100
AcDbLine
 10
799.9599999999999
 20
47.8
 30
0.0
 11
800.4399999999999
 21
48.28
 31
0.0
  0
LINE
  5
8C7
330
17
100
AcDbEntity
  8
LINES
100
AcDbLine
 10
802.36
 20
50.44
 30
0.0
 11
802.72
 21
50.92
 31
0.0
  0
LINE
  5
8C8
330
17
100
AcDbEntity
  8
LINES
100
AcDbLine
 10
799.6
 20
47.8
 30
0.0
 11
800.0799999999999
 21
48.28
 31
0.0
  0
LINE
  5
8C9
330
17
100
AcDbEntity
  8
LINES
100
AcDbLine
 10
802.24
 20
50.68
 30
0.0
 11
802.48
 21
50.92
 31
0.0
  0
LINE
  5
8CA
330
17
100
AcDbEntity
  8
LINES
100
AcDbLine
 10
799.48
 20
47.92
 30
0.0
 11
800.0799999999999
 21
48.519999999999996
 31
0.0
  0
LINE
  5
8CB
330
17
100
AcDbEntity
  8
LINES
100
AcDbLine
 10
799.48
 20
48.28
 30
0.0
 11
800.0799999999999
 21
48.879999999999995
 31
0.0
  0
LINE
  5
8CC
330
17
100
AcDbEntity
  8
LINES
100
AcDbLine
 10
799.48
 20
48.519999999999996
 30
0.0
 11
800.0799999999999
 21
49.239999999999995
 31
0.0
  0
LINE
  5
8CD
330
17
100
AcDbEntity
  8
LINES
100
AcDbLine
 10
799.48
 20
48.879999999999995
 30
0.0
 11
800.0799999999999
 21
49.480000000000004
 31
0.0
  0
LINE
  5
8CE
330
17
100
AcDbEntity
  8
LINES
100
AcDbLine
 10
799.48
 20
49.239999999999995
 30
0.0
 11
800.0799999999999
 21
49.84
 31
0.0
  0
LINE
  5
8CF
330
17
100
AcDbEntity
  8
LINES
100
AcDbLine
 10
799.48
 20
49.599999999999994
 30
0.0
 11
800.0799999999999
 21
50.2
 31
0.0
  0
LINE
  5
8D0
330
17
100
AcDbEntity
  8
LINES
100
AcDbLine
 10
799.48
 20
49.84
 30
0.0
 11
800.0799999999999
 21
50.56
 31
0.0
  0
LINE
  5
8D1
330
17
100
AcDbEntity
  8
LINES
100
AcDbLine
 10
799.48
 20
50.2
 30
0.0
 11
800.0799999999999
 21
50.8
 31
0.0
  0
LINE
  5
8D2
330
17
100
AcDbEntity
  8
LINES
100
AcDbLine
 10
796.9599999999999
 20
47.68
 30
0.0
 11
797.68
 21
48.4
 31
0.0
  0
LINE
  5
8D3
330
17
100
AcDbEntity
  8
LINES
100
AcDbLine
 10
799.48
 20
50.56
 30
0.0
 11
799.72
 21
50.8
 31
0.0
  0
LINE
  5
8D4
330
17
100
AcDbEntity
  8
LINES
100
AcDbLine
 10
796.6
 20
47.68
 30
0.0
 11
797.56
 21
48.64
 31
0.0
  0
LINE
  5
8D5
330
17
100
AcDbEntity
  8
LINES
100
AcDbLine
 10
796.9599999999999
 20
48.4
 30
0.0
 11
797.4399999999999
 21
48.879999999999995
 31
0.0
  0
LINE
  5
8D6
330
17
100
AcDbEntity
  8
LINES
100
AcDbLine
 10
796.24
 20
47.68
 30
0.0
 11
796.72
 21
48.16
 31
0.0
  0
LINE
  5
8D7
330
17
100
AcDbEntity
  8
LINES
100
AcDbLine
 10
796.72
 20
48.519999999999996
 30
0.0
 11
797.1999999999999
 21
49.0
 31
0.0
  0
LINE
  5
8D8
330
17
100
AcDbEntity
  8
LINES
100
AcDbLine
 10
796.0
 20
47.8
 30
0.0
 11
796.36
 21
48.16
 31
0.0
  0
LINE
  5
8D9
330
17
100
AcDbEntity
  8
LINES
100
AcDbLine
 10
796.48
 20
48.64
 30
0.0
 11
796.9599999999999
 21
49.0
 31
0.0
  0
LINE
  5
8DA
330
17
100
AcDbEntity
  8
LINES
100
AcDbLine
 10
797.4399999999999
 20
49.480000000000004
 30
0.0
 11
797.4399999999999
 21
49.599999999999994
 31
0.0
  0
LINE
  5
8DB
330
17
100
AcDbEntity
  8
LINES
100
AcDbLine
 10
795.88
 20
47.92
 30
0.0
 11
796.12
 21
48.28
 31
0.0
  0
LINE
  5
8DC
330
17
100
AcDbEntity
  8
LINES
100
AcDbLine
 10
796.24
 20
48.64
 30
0.0
 11
796.72
 21
49.120000000000005
 31
0.0
  0
LINE
  5
8DD
330
17
100
AcDbEntity
  8
LINES
100
AcDbLine
 10
797.0799999999999
 20
49.480000000000004
 30
0.0
 11
797.3199999999999
 21
49.72
 31
0.0
  0
LINE
  5
8DE
330
17
100
AcDbEntity
  8
LINES
100
AcDbLine
 10
795.64
 20
48.04
 30
0.0
 11
796.0
 21
48.4
 31
0.0
  0
LINE
  5
8DF
330
17
100
AcDbEntity
  8
LINES
100
AcDbLine
 10
796.0
 20
48.76
 30
0.0
 11
796.48
 21
49.239999999999995
 31
0.0
  0
LINE
  5
8E0
330
17
100
AcDbEntity
  8
LINES
100
AcDbLine
 10
796.8399999999999
 20
49.599999999999994
 30
0.0
 11
797.1999999999999
 21
49.96
 31
0.0
  0
LINE
  5
8E1
330
17
100
AcDbEntity
  8
LINES
100
AcDbLine
 10
795.52
 20
48.28
 30
0.0
 11
795.64
 21
48.4
 31
0.0
  0
LINE
  5
8E2
330
17
100
AcDbEntity
  8
LINES
100
AcDbLine
 10
796.6
 20
49.72
 30
0.0
 11
796.9599999999999
 21
49.96
 31
0.0
  0
LINE
  5
8E3
330
17
100
AcDbEntity
  8
LINES
100
AcDbLine
 10
795.88
 20
48.879999999999995
 30
0.0
 11
796.24
 21
49.36
 31
0.0
  0
LINE
  5
8E4
330
17
100
AcDbEntity
  8
LINES
100
AcDbLine
 10
795.64
 20
49.120000000000005
 30
0.0
 11
796.12
 21
49.480000000000004
 31
0.0
  0
LINE
  5
8E5
330
17
100
AcDbEntity
  8
LINES
100
AcDbLine
 10
796.24
 20
49.599999999999994
 30
0.0
 11
796.6
 21
50.08
 31
0.0
  0
LINE
  5
8E6
330
17
100
AcDbEntity
  8
LINES
100
AcDbLine
 10
794.3199999999999
 20
47.68
 30
0.0
 11
794.92
 21
48.28
 31
0.0
  0
LINE
  5
8E7
330
17
100
AcDbEntity
  8
LINES
100
AcDbLine
 10
795.64
 20
49.36
 30
0.0
 11
796.36
 21
50.08
 31
0.0
  0
LINE
  5
8E8
330
17
100
AcDbEntity
  8
LINES
100
AcDbLine
 10
793.9599999999999
 20
47.68
 30
0.0
 11
794.68
 21
48.4
 31
0.0
  0
LINE
  5
8E9
330
17
100
AcDbEntity
  8
LINES
100
AcDbLine
 10
794.68
 20
48.76
 30
0.0
 11
795.16
 21
49.120000000000005
 31
0.0
  0
LINE
  5
8EA
330
17
100
AcDbEntity
  8
LINES
100
AcDbLine
 10
793.72
 20
47.8
 30
0.0
 11
794.0799999999999
 21
48.16
 31
0.0
  0
LINE
  5
8EB
330
17
100
AcDbEntity
  8
LINES
100
AcDbLine
 10
794.3199999999999
 20
48.76
 30
0.0
 11
795.04
 21
49.36
 31
0.0
  0
LINE
  5
8EC
330
17
100
AcDbEntity
  8
LINES
100
AcDbLine
 10
793.48
 20
47.8
 30
0.0
 11
793.8399999999999
 21
48.16
 31
0.0
  0
LINE
  5
8ED
330
17
100
AcDbEntity
  8
LINES
100
AcDbLine
 10
793.9599999999999
 20
48.76
 30
0.0
 11
794.3199999999999
 21
49.0
 31
0.0
  0
LINE
  5
8EE
330
17
100
AcDbEntity
  8
LINES
100
AcDbLine
 10
794.56
 20
49.239999999999995
 30
0.0
 11
794.92
 21
49.599999999999994
 31
0.0
  0
LINE
  5
8EF
330
17
100
AcDbEntity
  8
LINES
100
AcDbLine
 10
793.24
 20
48.04
 30
0.0
 11
793.72
 21
48.4
 31
0.0
  0
LINE
  5
8F0
330
17
100
AcDbEntity
  8
LINES
100
AcDbLine
 10
794.4399999999999
 20
49.480000000000004
 30
0.0
 11
794.8
 21
49.84
 31
0.0
  0
LINE
  5
8F1
330
17
100
AcDbEntity
  8
LINES
100
AcDbLine
 10
793.12
 20
48.16
 30
0.0
 11
793.9599999999999
 21
49.0
 31
0.0
  0
LINE
  5
8F2
330
17
100
AcDbEntity
  8
LINES
100
AcDbLine
 10
794.1999999999999
 20
49.599999999999994
 30
0.0
 11
794.56
 21
49.96
 31
0.0
  0
LINE
  5
8F3
330
17
100
AcDbEntity
  8
LINES
100
AcDbLine
 10
793.0
 20
48.4
 30
0.0
 11
793.72
 21
49.120000000000005
 31
0.0
  0
LINE
  5
8F4
330
17
100
AcDbEntity
  8
LINES
100
AcDbLine
 10
793.9599999999999
 20
49.599999999999994
 30
0.0
 11
794.3199999999999
 21
49.96
 31
0.0
  0
LINE
  5
8F5
330
17
100
AcDbEntity
  8
LINES
100
AcDbLine
 10
793.0
 20
48.64
 30
0.0
 11
793.6
 21
49.239999999999995
 31
0.0
  0
LINE
  5
8F6
330
17
100
AcDbEntity
  8
LINES
100
AcDbLine
 10
793.0
 20
49.0
 30
0.0
 11
794.0799999999999
 21
50.08
 31
0.0
  0
LINE
  5
8F7
330
17
100
AcDbEntity
  8
LINES
100
AcDbLine
 10
791.8
 20
47.8
 30
0.0
 11
791.92
 21
47.92
 31
0.0
  0
LINE
  5
8F8
330
17
100
AcDbEntity
  8
LINES
100
AcDbLine
 10
793.12
 20
49.480000000000004
 30
0.0
 11
793.6
 21
49.96
 31
0.0
  0
LINE
  5
8F9
330
17
100
AcDbEntity
  8
LINES
100
AcDbLine
 10
791.4399999999999
 20
47.8
 30
0.0
 11
791.92
 21
48.28
 31
0.0
  0
LINE
  5
8FA
330
17
100
AcDbEntity
  8
LINES
100
AcDbLine
 10
791.4399999999999
 20
48.04
 30
0.0
 11
791.92
 21
48.64
 31
0.0
  0
LINE
  5
8FB
330
17
100
AcDbEntity
  8
LINES
100
AcDbLine
 10
791.4399999999999
 20
48.4
 30
0.0
 11
791.92
 21
49.0
 31
0.0
  0
LINE
  5
8FC
330
17
100
AcDbEntity
  8
LINES
100
AcDbLine
 10
792.64
 20
49.599999999999994
 30
0.0
 11
792.76
 21
49.72
 31
0.0
  0
LINE
  5
8FD
330
17
100
AcDbEntity
  8
LINES
100
AcDbLine
 10
790.72
 20
47.8
 30
0.0
 11
790.72
 21
47.8
 31
0.0
  0
LINE
  5
8FE
330
17
100
AcDbEntity
  8
LINES
100
AcDbLine
 10
791.4399999999999
 20
48.76
 30
0.0
 11
792.64
 21
49.96
 31
0.0
  0
LINE
  5
8FF
330
17
100
AcDbEntity
  8
LINES
100
AcDbLine
 10
790.48
 20
47.8
 30
0.0
 11
790.72
 21
48.04
 31
0.0
  0
LINE
  5
900
330
17
100
AcDbEntity
  8
LINES
100
AcDbLine
 10
791.4399999999999
 20
49.120000000000005
 30
0.0
 11
792.4
 21
50.08
 31
0.0
  0
LINE
  5
901
330
17
100
AcDbEntity
  8
LINES
100
AcDbLine
 10
790.12
 20
47.8
 30
0.0
 11
790.72
 21
48.4
 31
0.0
  0
LINE
  5
902
330
17
100
AcDbEntity
  8
LINES
100
AcDbLine
 10
791.4399999999999
 20
49.36
 30
0.0
 11
792.04
 21
50.08
 31
0.0
  0
LINE
  5
903
330
17
100
AcDbEntity
  8
LINES
100
AcDbLine
 10
789.76
 20
47.8
 30
0.0
 11
790.72
 21
48.76
 31
0.0
  0
LINE
  5
904
330
17
100
AcDbEntity
  8
LINES
100
AcDbLine
 10
791.4399999999999
 20
49.72
 30
0.0
 11
791.68
 21
49.96
 31
0.0
  0
LINE
  5
905
330
17
100
AcDbEntity
  8
LINES
100
AcDbLine
 10
789.4
 20
47.68
 30
0.0
 11
790.72
 21
49.120000000000005
 31
0.0
  0
LINE
  5
906
330
17
100
AcDbEntity
  8
LINES
100
AcDbLine
 10
790.12
 20
48.76
 30
0.0
 11
790.72
 21
49.36
 31
0.0
  0
LINE
  5
907
330
17
100
AcDbEntity
  8
LINES
100
AcDbLine
 10
789.04
 20
47.68
 30
0.0
 11
789.52
 21
48.16
 31
0.0
  0
LINE
  5
908
330
17
100
AcDbEntity
  8
LINES
100
AcDbLine
 10
790.12
 20
49.120000000000005
 30
0.0
 11
790.72
 21
49.72
 31
0.0
  0
LINE
  5
909
330
17
100
AcDbEntity
  8
LINES
100
AcDbLine
 10
788.92
 20
47.8
 30
0.0
 11
789.28
 21
48.28
 31
0.0
  0
LINE
  5
90A
330
17
100
AcDbEntity
  8
LINES
100
AcDbLine
 10
790.12
 20
49.480000000000004
 30
0.0
 11
790.72
 21
49.96
 31
0.0
  0
LINE
  5
90B
330
17
100
AcDbEntity
  8
LINES
100
AcDbLine
 10
788.68
 20
48.04
 30
0.0
 11
789.28
 21
48.519999999999996
 31
0.0
  0
LINE
  5
90C
330
17
100
AcDbEntity
  8
LINES
100
AcDbLine
 10
790.12
 20
49.72
 30
0.0
 11
790.36
 21
50.08
 31
0.0
  0
LINE
  5
90D
330
17
100
AcDbEntity
  8
LINES
100
AcDbLine
 10
788.68
 20
48.28
 30
0.0
 11
789.16
 21
48.879999999999995
 31
0.0
  0
LINE
  5
90E
330
17
100
AcDbEntity
  8
LINES
100
AcDbLine
 10
788.56
 20
48.519999999999996
 30
0.0
 11
789.16
 21
49.120000000000005
 31
0.0
  0
LINE
  5
90F
330
17
100
AcDbEntity
  8
LINES
100
AcDbLine
 10
787.72
 20
47.68
 30
0.0
 11
788.0799999999999
 21
48.04
 31
0.0
  0
LINE
  5
910
330
17
100
AcDbEntity
  8
LINES
100
AcDbLine
 10
788.56
 20
48.879999999999995
 30
0.0
 11
789.16
 21
49.480000000000004
 31
0.0
  0
LINE
  5
911
330
17
100
AcDbEntity
  8
LINES
100
AcDbLine
 10
787.48
 20
47.68
 30
0.0
 11
787.8399999999999
 21
48.16
 31
0.0
  0
LINE
  5
912
330
17
100
AcDbEntity
  8
LINES
100
AcDbLine
 10
788.56
 20
49.239999999999995
 30
0.0
 11
789.16
 21
49.72
 31
0.0
  0
LINE
  5
913
330
17
100
AcDbEntity
  8
LINES
100
AcDbLine
 10
787.24
 20
47.92
 30
0.0
 11
787.72
 21
48.28
 31
0.0
  0
LINE
  5
914
330
17
100
AcDbEntity
  8
LINES
100
AcDbLine
 10
788.56
 20
49.480000000000004
 30
0.0
 11
789.04
 21
49.96
 31
0.0
  0
LINE
  5
915
330
17
100
AcDbEntity
  8
LINES
100
AcDbLine
 10
787.24
 20
48.16
 30
0.0
 11
787.72
 21
48.64
 31
0.0
  0
LINE
  5
916
330
17
100
AcDbEntity
  8
LINES
100
AcDbLine
 10
788.56
 20
49.84
 30
0.0
 11
788.8
 21
50.08
 31
0.0
  0
LINE
  5
917
330
17
100
AcDbEntity
  8
LINES
100
AcDbLine
 10
787.24
 20
48.519999999999996
 30
0.0
 11
787.72
 21
49.0
 31
0.0
  0
LINE
  5
918
330
17
100
AcDbEntity
  8
LINES
100
AcDbLine
 10
787.24
 20
48.76
 30
0.0
 11
787.72
 21
49.36
 31
0.0
  0
LINE
  5
919
330
17
100
AcDbEntity
  8
LINES
100
AcDbLine
 10
787.12
 20
49.120000000000005
 30
0.0
 11
788.0799999999999
 21
49.96
 31
0.0
  0
LINE
  5
91A
330
17
100
AcDbEntity
  8
LINES
100
AcDbLine
 10
785.8
 20
47.68
 30
0.0
 11
786.52
 21
48.4
 31
0.0
  0
LINE
  5
91B
330
17
100
AcDbEntity
  8
LINES
100
AcDbLine
 10
787.12
 20
49.36
 30
0.0
 11
787.8399999999999
 21
50.08
 31
0.0
  0
LINE
  5
91C
330
17
100
AcDbEntity
  8
LINES
100
AcDbLine
 10
785.4399999999999
 20
47.68
 30
0.0
 11
786.28
 21
48.519999999999996
 31
0.0
  0
LINE
  5
91D
330
17
100
AcDbEntity
  8
LINES
100
AcDbLine
 10
787.0
 20
49.599999999999994
 30
0.0
 11
787.72
 21
50.32
 31
0.0
  0
LINE
  5
91E
330
17
100
AcDbEntity
  8
LINES
100
AcDbLine
 10
785.1999999999999
 20
47.68
 30
0.0
 11
785.56
 21
48.16
 31
0.0
  0
LINE
  5
91F
330
17
100
AcDbEntity
  8
LINES
100
AcDbLine
 10
786.88
 20
49.72
 30
0.0
 11
787.6
 21
50.56
 31
0.0
  0
LINE
  5
920
330
17
100
AcDbEntity
  8
LINES
100
AcDbLine
 10
784.9599999999999
 20
47.8
 30
0.0
 11
785.3199999999999
 21
48.16
 31
0.0
  0
LINE
  5
921
330
17
100
AcDbEntity
  8
LINES
100
AcDbLine
 10
786.04
 20
49.36
 30
0.0
 11
786.4
 21
49.599999999999994
 31
0.0
  0
LINE
  5
922
330
17
100
AcDbEntity
  8
LINES
100
AcDbLine
 10
784.72
 20
48.04
 30
0.0
 11
785.0799999999999
 21
48.4
 31
0.0
  0
LINE
  5
923
330
17
100
AcDbEntity
  8
LINES
100
AcDbLine
 10
785.92
 20
49.480000000000004
 30
0.0
 11
786.28
 21
49.84
 31
0.0
  0
LINE
  5
924
330
17
100
AcDbEntity
  8
LINES
100
AcDbLine
 10
784.6
 20
48.16
 30
0.0
 11
785.0799999999999
 21
48.64
 31
0.0
  0
LINE
  5
925
330
17
100
AcDbEntity
  8
LINES
100
AcDbLine
 10
784.48
 20
48.4
 30
0.0
 11
784.9599999999999
 21
48.879999999999995
 31
0.0
  0
LINE
  5
926
330
17
100
AcDbEntity
  8
LINES
100
AcDbLine
 10
785.68
 20
49.599999999999994
 30
0.0
 11
786.04
 21
49.96
 31
0.0
  0
LINE
  5
927
330
17
100
AcDbEntity
  8
LINES
100
AcDbLine
 10
783.88
 20
47.68
 30
0.0
 11
783.88
 21
47.8
 31
0.0
  0
LINE
  5
928
330
17
100
AcDbEntity
  8
LINES
100
AcDbLine
 10
784.36
 20
48.64
 30
0.0
 11
785.0799999999999
 21
49.239999999999995
 31
0.0
  0
LINE
  5
929
330
17
100
AcDbEntity
  8
LINES
100
AcDbLine
 10
785.4399999999999
 20
49.599999999999994
 30
0.0
 11
785.8
 21
49.96
 31
0.0
  0
LINE
  5
92A
330
17
100
AcDbEntity
  8
LINES
100
AcDbLine
 10
783.52
 20
47.8
 30
0.0
 11
783.88
 21
48.04
 31
0.0
  0
LINE
  5
92B
330
17
100
AcDbEntity
  8
LINES
100
AcDbLine
 10
784.36
 20
49.0
 30
0.0
 11
785.4399999999999
 21
50.08
 31
0.0
  0
LINE
  5
92C
330
17
100
AcDbEntity
  8
LINES
100
AcDbLine
 10
783.28
 20
47.8
 30
0.0
 11
783.88
 21
48.4
 31
0.0
  0
LINE
  5
92D
330
17
100
AcDbEntity
  8
LINES
100
AcDbLine
 10
784.48
 20
49.36
 30
0.0
 11
785.1999999999999
 21
50.08
 31
0.0
  0
LINE
  5
92E
330
17
100
AcDbEntity
  8
LINES
100
AcDbLine
 10
782.92
 20
47.8
 30
0.0
 11
783.88
 21
48.76
 31
0.0
  0
LINE
  5
92F
330
17
100
AcDbEntity
  8
LINES
100
AcDbLine
 10
783.16
 20
48.4
 30
0.0
 11
783.88
 21
49.120000000000005
 31
0.0
  0
LINE
  5
930
330
17
100
AcDbEntity
  8
LINES
100
AcDbLine
 10
782.4399999999999
 20
47.68
 30
0.0
 11
783.04
 21
48.16
 31
0.0
  0
LINE
  5
931
330
17
100
AcDbEntity
  8
LINES
100
AcDbLine
 10
783.16
 20
48.76
 30
0.0
 11
783.88
 21
49.36
 31
0.0
  0
LINE
  5
932
330
17
100
AcDbEntity
  8
LINES
100
AcDbLine
 10
782.1999999999999
 20
47.8
 30
0.0
 11
782.68
 21
48.16
 31
0.0
  0
LINE
  5
933
330
17
100
AcDbEntity
  8
LINES
100
AcDbLine
 10
783.28
 20
49.120000000000005
 30
0.0
 11
783.88
 21
49.72
 31
0.0
  0
LINE
  5
934
330
17
100
AcDbEntity
  8
LINES
100
AcDbLine
 10
782.0799999999999
 20
47.92
 30
0.0
 11
782.4399999999999
 21
48.28
 31
0.0
  0
LINE
  5
935
330
17
100
AcDbEntity
  8
LINES
100
AcDbLine
 10
783.28
 20
49.480000000000004
 30
0.0
 11
783.76
 21
49.96
 31
0.0
  0
LINE
  5
936
330
17
100
AcDbEntity
  8
LINES
100
AcDbLine
 10
781.9599999999999
 20
48.16
 30
0.0
 11
782.3199999999999
 21
48.519999999999996
 31
0.0
  0
LINE
  5
937
330
17
100
AcDbEntity
  8
LINES
100
AcDbLine
 10
783.28
 20
49.84
 30
0.0
 11
783.52
 21
49.96
 31
0.0
  0
LINE
  5
938
330
17
100
AcDbEntity
  8
LINES
100
AcDbLine
 10
781.8399999999999
 20
48.4
 30
0.0
 11
782.3199999999999
 21
48.879999999999995
 31
0.0
  0
LINE
  5
939
330
17
100
AcDbEntity
  8
LINES
100
AcDbLine
 10
781.72
 20
48.64
 30
0.0
 11
782.3199999999999
 21
49.239999999999995
 31
0.0
  0
LINE
  5
93A
330
17
100
AcDbEntity
  8
LINES
100
AcDbLine
 10
781.72
 20
48.879999999999995
 30
0.0
 11
782.3199999999999
 21
49.480000000000004
 31
0.0
  0
LINE
  5
93B
330
17
100
AcDbEntity
  8
LINES
100
AcDbLine
 10
781.72
 20
49.239999999999995
 30
0.0
 11
782.3199999999999
 21
49.84
 31
0.0
  0
LINE
  5
93C
330
17
100
AcDbEntity
  8
LINES
100
AcDbLine
 10
780.28
 20
47.8
 30
0.0
 11
780.52
 21
48.04
 31
0.0
  0
LINE
  5
93D
330
17
100
AcDbEntity
  8
LINES
100
AcDbLine
 10
781.72
 20
49.599999999999994
 30
0.0
 11
782.1999999999999
 21
50.08
 31
0.0
  0
LINE
  5
93E
330
17
100
AcDbEntity
  8
LINES
100
AcDbLine
 10
780.04
 20
47.92
 30
0.0
 11
780.52
 21
48.4
 31
0.0
  0
LINE
  5
93F
330
17
100
AcDbEntity
  8
LINES
100
AcDbLine
 10
779.92
 20
48.16
 30
0.0
 11
780.52
 21
48.76
 31
0.0
  0
LINE
  5
940
330
17
100
AcDbEntity
  8
LINES
100
AcDbLine
 10
779.92
 20
48.519999999999996
 30
0.0
 11
780.64
 21
49.120000000000005
 31
0.0
  0
LINE
  5
941
330
17
100
AcDbEntity
  8
LINES
100
AcDbLine
 10
781.0
 20
49.599999999999994
 30
0.0
 11
781.36
 21
49.84
 31
0.0
  0
LINE
  5
942
330
17
100
AcDbEntity
  8
LINES
100
AcDbLine
 10
779.1999999999999
 20
47.68
 30
0.0
 11
779.56
 21
48.04
 31
0.0
  0
LINE
  5
943
330
17
100
AcDbEntity
  8
LINES
100
AcDbLine
 10
779.92
 20
48.76
 30
0.0
 11
781.24
 21
50.08
 31
0.0
  0
LINE
  5
944
330
17
100
AcDbEntity
  8
LINES
100
AcDbLine
 10
778.8399999999999
 20
47.68
 30
0.0
 11
779.3199999999999
 21
48.16
 31
0.0
  0
LINE
  5
945
330
17
100
AcDbEntity
  8
LINES
100
AcDbLine
 10
779.92
 20
49.120000000000005
 30
0.0
 11
780.88
 21
49.96
 31
0.0
  0
LINE
  5
946
330
17
100
AcDbEntity
  8
LINES
100
AcDbLine
 10
778.72
 20
47.8
 30
0.0
 11
779.1999999999999
 21
48.28
 31
0.0
  0
LINE
  5
947
330
17
100
AcDbEntity
  8
LINES
100
AcDbLine
 10
779.92
 20
49.480000000000004
 30
0.0
 11
780.52
 21
49.96
 31
0.0
  0
LINE
  5
948
330
17
100
AcDbEntity
  8
LINES
100
AcDbLine
 10
778.6
 20
48.04
 30
0.0
 11
779.0799999999999
 21
48.64
 31
0.0
  0
LINE
  5
949
330
17
100
AcDbEntity
  8
LINES
100
AcDbLine
 10
779.92
 20
49.84
 30
0.0
 11
780.28
 21
50.08
 31
0.0
  0
LINE
  5
94A
330
17
100
AcDbEntity
  8
LINES
100
AcDbLine
 10
778.48
 20
48.28
 30
0.0
 11
779.0799999999999
 21
48.879999999999995
 31
0.0
  0
LINE
  5
94B
330
17
100
AcDbEntity
  8
LINES
100
AcDbLine
 10
778.48
 20
48.64
 30
0.0
 11
779.0799999999999
 21
49.239999999999995
 31
0.0
  0
LINE
  5
94C
330
17
100
AcDbEntity
  8
LINES
100
AcDbLine
 10
778.48
 20
49.0
 30
0.0
 11
779.4399999999999
 21
49.96
 31
0.0
  0
LINE
  5
94D
330
17
100
AcDbEntity
  8
LINES
100
AcDbLine
 10
777.28
 20
47.8
 30
0.0
 11
777.76
 21
48.28
 31
0.0
  0
LINE
  5
94E
330
17
100
AcDbEntity
  8
LINES
100
AcDbLine
 10
778.48
 20
49.239999999999995
 30
0.0
 11
779.3199999999999
 21
50.08
 31
0.0
  0
LINE
  5
94F
330
17
100
AcDbEntity
  8
LINES
100
AcDbLine
 10
776.8
 20
47.68
 30
0.0
 11
777.76
 21
48.64
 31
0.0
  0
LINE
  5
950
330
17
100
AcDbEntity
  8
LINES
100
AcDbLine
 10
777.28
 20
48.4
 30
0.0
 11
777.64
 21
48.76
 31
0.0
  0
LINE
  5
951
330
17
100
AcDbEntity
  8
LINES
100
AcDbLine
 10
778.36
 20
49.480000000000004
 30
0.0
 11
779.0799999999999
 21
50.2
 31
0.0
  0
LINE
  5
952
330
17
100
AcDbEntity
  8
LINES
100
AcDbLine
 10
776.56
 20
47.68
 30
0.0
 11
776.92
 21
48.04
 31
0.0
  0
LINE
  5
953
330
17
100
AcDbEntity
  8
LINES
100
AcDbLine
 10
777.04
 20
48.519999999999996
 30
0.0
 11
777.52
 21
48.879999999999995
 31
0.0
  0
LINE
  5
954
330
17
100
AcDbEntity
  8
LINES
100
AcDbLine
 10
778.24
 20
49.72
 30
0.0
 11
779.0799999999999
 21
50.56
 31
0.0
  0
LINE
  5
955
330
17
100
AcDbEntity
  8
LINES
100
AcDbLine
 10
776.3199999999999
 20
47.8
 30
0.0
 11
776.68
 21
48.04
 31
0.0
  0
LINE
  5
956
330
17
100
AcDbEntity
  8
LINES
100
AcDbLine
 10
776.8
 20
48.64
 30
0.0
 11
777.28
 21
49.0
 31
0.0
  0
LINE
  5
957
330
17
100
AcDbEntity
  8
LINES
100
AcDbLine
 10
778.48
 20
50.32
 30
0.0
 11
778.8399999999999
 21
50.68
 31
0.0
  0
LINE
  5
958
330
17
100
AcDbEntity
  8
LINES
100
AcDbLine
 10
776.0799999999999
 20
47.92
 30
0.0
 11
776.4399999999999
 21
48.16
 31
0.0
  0
LINE
  5
959
330
17
100
AcDbEntity
  8
LINES
100
AcDbLine
 10
776.56
 20
48.64
 30
0.0
 11
777.04
 21
49.120000000000005
 31
0.0
  0
LINE
  5
95A
330
17
100
AcDbEntity
  8
LINES
100
AcDbLine
 10
777.28
 20
49.480000000000004
 30
0.0
 11
777.64
 21
49.72
 31
0.0
  0
LINE
  5
95B
330
17
100
AcDbEntity
  8
LINES
100
AcDbLine
 10
775.8399999999999
 20
48.04
 30
0.0
 11
776.1999999999999
 21
48.4
 31
0.0
  0
LINE
  5
95C
330
17
100
AcDbEntity
  8
LINES
100
AcDbLine
 10
776.3199999999999
 20
48.76
 30
0.0
 11
776.8
 21
49.239999999999995
 31
0.0
  0
LINE
  5
95D
330
17
100
AcDbEntity
  8
LINES
100
AcDbLine
 10
777.16
 20
49.599999999999994
 30
0.0
 11
777.4
 21
49.84
 31
0.0
  0
LINE
  5
95E
330
17
100
AcDbEntity
  8
LINES
100
AcDbLine
 10
775.72
 20
48.16
 30
0.0
 11
775.9599999999999
 21
48.4
 31
0.0
  0
LINE
  5
95F
330
17
100
AcDbEntity
  8
LINES
100
AcDbLine
 10
776.92
 20
49.599999999999994
 30
0.0
 11
777.16
 21
49.96
 31
0.0
  0
LINE
  5
960
330
17
100
AcDbEntity
  8
LINES
100
AcDbLine
 10
776.0799999999999
 20
48.879999999999995
 30
0.0
 11
776.56
 21
49.36
 31
0.0
  0
LINE
  5
961
330
17
100
AcDbEntity
  8
LINES
100
AcDbLine
 10
776.4399999999999
 20
49.599999999999994
 30
0.0
 11
776.92
 21
50.08
 31
0.0
  0
LINE
  5
962
330
17
100
AcDbEntity
  8
LINES
100
AcDbLine
 10
775.9599999999999
 20
49.0
 30
0.0
 11
776.3199999999999
 21
49.480000000000004
 31
0.0
  0
LINE
  5
963
330
17
100
AcDbEntity
  8
LINES
100
AcDbLine
 10
775.8399999999999
 20
49.239999999999995
 30
0.0
 11
776.68
 21
50.08
 31
0.0
  0
LINE
  5
964
330
17
100
AcDbEntity
  8
LINES
100
AcDbLine
 10
775.8399999999999
 20
49.599999999999994
 30
0.0
 11
776.1999999999999
 21
49.96
 31
0.0
  0
LINE
  5
965
330
17
100
AcDbEntity
  8
LINES
100
AcDbLine
 10
813.28
 20
53.2
 30
0.0
 11
813.64
 21
53.56
 31
0.0
  0
LINE
  5
966
330
17
100
AcDbEntity
  8
LINES
100
AcDbLine
 10
813.04
 20
53.32
 30
0.0
 11
813.52
 21
53.68
 31
0.0
  0
LINE
  5
967
330
17
100
AcDbEntity
  8
LINES
100
AcDbLine
 10
812.8
 20
53.32
 30
0.0
 11
813.28
 21
53.92
 31
0.0
  0
LINE
  5
968
330
17
100
AcDbEntity
  8
LINES
100
AcDbLine
 10
812.3199999999999
 20
53.2
 30
0.0
 11
813.4
 21
54.28
 31
0.0
  0
LINE
  5
969
330
17
100
AcDbEntity
  8
LINES
100
AcDbLine
 10
811.9599999999999
 20
53.2
 30
0.0
 11
813.4
 21
54.64
 31
0.0
  0
LINE
  5
96A
330
17
100
AcDbEntity
  8
LINES
100
AcDbLine
 10
812.4399999999999
 20
53.92
 30
0.0
 11
813.04
 21
54.64
 31
0.0
  0
LINE
  5
96B
330
17
100
AcDbEntity
  8
LINES
100
AcDbLine
 10
811.6
 20
53.2
 30
0.0
 11
812.0799999999999
 21
53.68
 31
0.0
  0
LINE
  5
96C
330
17
100
AcDbEntity
  8
LINES
100
AcDbLine
 10
812.3199999999999
 20
54.16
 30
0.0
 11
812.68
 21
54.519999999999996
 31
0.0
  0
LINE
  5
96D
330
17
100
AcDbEntity
  8
LINES
100
AcDbLine
 10
811.36
 20
53.2
 30
0.0
 11
811.72
 21
53.68
 31
0.0
  0
LINE
  5
96E
330
17
100
AcDbEntity
  8
LINES
100
AcDbLine
 10
812.0799999999999
 20
54.4
 30
0.0
 11
812.56
 21
54.76
 31
0.0
  0
LINE
  5
96F
330
17
100
AcDbEntity
  8
LINES
100
AcDbLine
 10
811.12
 20
53.32
 30
0.0
 11
811.48
 21
53.8
 31
0.0
  0
LINE
  5
970
330
17
100
AcDbEntity
  8
LINES
100
AcDbLine
 10
811.9599999999999
 20
54.519999999999996
 30
0.0
 11
812.8
 21
55.36
 31
0.0
  0
LINE
  5
971
330
17
100
AcDbEntity
  8
LINES
100
AcDbLine
 10
811.0
 20
53.56
 30
0.0
 11
811.36
 21
53.92
 31
0.0
  0
LINE
  5
972
330
17
100
AcDbEntity
  8
LINES
100
AcDbLine
 10
811.72
 20
54.64
 30
0.0
 11
812.92
 21
55.84
 31
0.0
  0
LINE
  5
973
330
17
100
AcDbEntity
  8
LINES
100
AcDbLine
 10
810.88
 20
53.8
 30
0.0
 11
811.48
 21
54.28
 31
0.0
  0
LINE
  5
974
330
17
100
AcDbEntity
  8
LINES
100
AcDbLine
 10
812.4399999999999
 20
55.599999999999994
 30
0.0
 11
812.8
 21
56.08
 31
0.0
  0
LINE
  5
975
330
17
100
AcDbEntity
  8
LINES
100
AcDbLine
 10
810.76
 20
54.04
 30
0.0
 11
812.1999999999999
 21
55.480000000000004
 31
0.0
  0
LINE
  5
976
330
17
100
AcDbEntity
  8
LINES
100
AcDbLine
 10
812.4399999999999
 20
55.96
 30
0.0
 11
812.68
 21
56.2
 31
0.0
  0
LINE
  5
977
330
17
100
AcDbEntity
  8
LINES
100
AcDbLine
 10
810.88
 20
54.4
 30
0.0
 11
811.9599999999999
 21
55.480000000000004
 31
0.0
  0
LINE
  5
978
330
17
100
AcDbEntity
  8
LINES
100
AcDbLine
 10
811.36
 20
55.239999999999995
 30
0.0
 11
811.8399999999999
 21
55.72
 31
0.0
  0
LINE
  5
979
330
17
100
AcDbEntity
  8
LINES
100
AcDbLine
 10
812.1999999999999
 20
56.08
 30
0.0
 11
812.4399999999999
 21
56.32
 31
0.0
  0
LINE
  5
97A
330
17
100
AcDbEntity
  8
LINES
100
AcDbLine
 10
808.48
 20
52.36
 30
0.0
 11
808.72
 21
52.599999999999994
 31
0.0
  0
LINE
  5
97B
330
17
100
AcDbEntity
  8
LINES
100
AcDbLine
 10
811.24
 20
55.480000000000004
 30
0.0
 11
812.1999999999999
 21
56.44
 31
0.0
  0
LINE
  5
97C
330
17
100
AcDbEntity
  8
LINES
100
AcDbLine
 10
808.0
 20
52.239999999999995
 30
0.0
 11
808.9599999999999
 21
53.08
 31
0.0
  0
LINE
  5
97D
330
17
100
AcDbEntity
  8
LINES
100
AcDbLine
 10
811.24
 20
55.72
 30
0.0
 11
811.9599999999999
 21
56.44
 31
0.0
  0
LINE
  5
97E
330
17
100
AcDbEntity
  8
LINES
100
AcDbLine
 10
807.76
 20
52.239999999999995
 30
0.0
 11
808.9599999999999
 21
53.44
 31
0.0
  0
LINE
  5
97F
330
17
100
AcDbEntity
  8
LINES
100
AcDbLine
 10
808.36
 20
53.2
 30
0.0
 11
808.9599999999999
 21
53.8
 31
0.0
  0
LINE
  5
980
330
17
100
AcDbEntity
  8
LINES
100
AcDbLine
 10
807.4
 20
52.239999999999995
 30
0.0
 11
807.88
 21
52.72
 31
0.0
  0
LINE
  5
981
330
17
100
AcDbEntity
  8
LINES
100
AcDbLine
 10
808.24
 20
53.44
 30
0.0
 11
808.9599999999999
 21
54.04
 31
0.0
  0
LINE
  5
982
330
17
100
AcDbEntity
  8
LINES
100
AcDbLine
 10
807.16
 20
52.36
 30
0.0
 11
807.64
 21
52.72
 31
0.0
  0
LINE
  5
983
330
17
100
AcDbEntity
  8
LINES
100
AcDbLine
 10
807.76
 20
53.32
 30
0.0
 11
808.9599999999999
 21
54.4
 31
0.0
  0
LINE
  5
984
330
17
100
AcDbEntity
  8
LINES
100
AcDbLine
 10
807.04
 20
52.480000000000004
 30
0.0
 11
807.4
 21
52.84
 31
0.0
  0
LINE
  5
985
330
17
100
AcDbEntity
  8
LINES
100
AcDbLine
 10
807.4
 20
53.32
 30
0.0
 11
807.76
 21
53.68
 31
0.0
  0
LINE
  5
986
330
17
100
AcDbEntity
  8
LINES
100
AcDbLine
 10
808.36
 20
54.16
 30
0.0
 11
808.8399999999999
 21
54.76
 31
0.0
  0
LINE
  5
987
330
17
100
AcDbEntity
  8
LINES
100
AcDbLine
 10
806.92
 20
52.72
 30
0.0
 11
807.16
 21
52.96
 31
0.0
  0
LINE
  5
988
330
17
100
AcDbEntity
  8
LINES
100
AcDbLine
 10
808.36
 20
54.519999999999996
 30
0.0
 11
808.8399999999999
 21
55.0
 31
0.0
  0
LINE
  5
989
330
17
100
AcDbEntity
  8
LINES
100
AcDbLine
 10
807.16
 20
53.32
 30
0.0
 11
807.64
 21
53.8
 31
0.0
  0
LINE
  5
98A
330
17
100
AcDbEntity
  8
LINES
100
AcDbLine
 10
808.24
 20
54.76
 30
0.0
 11
808.8399999999999
 21
55.36
 31
0.0
  0
LINE
  5
98B
330
17
100
AcDbEntity
  8
LINES
100
AcDbLine
 10
807.04
 20
53.56
 30
0.0
 11
807.4
 21
53.92
 31
0.0
  0
LINE
  5
98C
330
17
100
AcDbEntity
  8
LINES
100
AcDbLine
 10
808.12
 20
55.0
 30
0.0
 11
808.72
 21
55.480000000000004
 31
0.0
  0
LINE
  5
98D
330
17
100
AcDbEntity
  8
LINES
100
AcDbLine
 10
806.92
 20
53.68
 30
0.0
 11
807.28
 21
54.16
 31
0.0
  0
LINE
  5
98E
330
17
100
AcDbEntity
  8
LINES
100
AcDbLine
 10
808.0
 20
55.12
 30
0.0
 11
808.24
 21
55.36
 31
0.0
  0
LINE
  5
98F
330
17
100
AcDbEntity
  8
LINES
100
AcDbLine
 10
806.8
 20
53.92
 30
0.0
 11
807.28
 21
54.4
 31
0.0
  0
LINE
  5
990
330
17
100
AcDbEntity
  8
LINES
100
AcDbLine
 10
806.8
 20
54.28
 30
0.0
 11
808.0
 21
55.480000000000004
 31
0.0
  0
LINE
  5
991
330
17
100
AcDbEntity
  8
LINES
100
AcDbLine
 10
805.72
 20
53.2
 30
0.0
 11
806.1999999999999
 21
53.68
 31
0.0
  0
LINE
  5
992
330
17
100
AcDbEntity
  8
LINES
100
AcDbLine
 10
806.68
 20
54.519999999999996
 30
0.0
 11
807.76
 21
55.480000000000004
 31
0.0
  0
LINE
  5
993
330
17
100
AcDbEntity
  8
LINES
100
AcDbLine
 10
805.6
 20
53.44
 30
0.0
 11
806.1999999999999
 21
54.04
 31
0.0
  0
LINE
  5
994
330
17
100
AcDbEntity
  8
LINES
100
AcDbLine
 10
806.92
 20
55.0
 30
0.0
 11
807.28
 21
55.36
 31
0.0
  0
LINE
  5
995
330
17
100
AcDbEntity
  8
LINES
100
AcDbLine
 10
805.6
 20
53.68
 30
0.0
 11
806.1999999999999
 21
54.4
 31
0.0
  0
LINE
  5
996
330
17
100
AcDbEntity
  8
LINES
100
AcDbLine
 10
805.6
 20
54.04
 30
0.0
 11
806.1999999999999
 21
54.64
 31
0.0
  0
LINE
  5
997
330
17
100
AcDbEntity
  8
LINES
100
AcDbLine
 10
805.6
 20
54.4
 30
0.0
 11
806.0799999999999
 21
54.879999999999995
 31
0.0
  0
LINE
  5
998
330
17
100
AcDbEntity
  8
LINES
100
AcDbLine
 10
805.6
 20
54.64
 30
0.0
 11
806.0799999999999
 21
55.12
 31
0.0
  0
LINE
  5
999
330
17
100
AcDbEntity
  8
LINES
100
AcDbLine
 10
804.16
 20
53.32
 30
0.0
 11
804.64
 21
53.8
 31
0.0
  0
LINE
  5
99A
330
17
100
AcDbEntity
  8
LINES
100
AcDbLine
 10
805.48
 20
54.879999999999995
 30
0.0
 11
805.8399999999999
 21
55.36
 31
0.0
  0
LINE
  5
99B
330
17
100
AcDbEntity
  8
LINES
100
AcDbLine
 10
804.04
 20
53.56
 30
0.0
 11
804.64
 21
54.16
 31
0.0
  0
LINE
  5
99C
330
17
100
AcDbEntity
  8
LINES
100
AcDbLine
 10
805.36
 20
55.12
 30
0.0
 11
805.72
 21
55.480000000000004
 31
0.0
  0
LINE
  5
99D
330
17
100
AcDbEntity
  8
LINES
100
AcDbLine
 10
804.04
 20
53.8
 30
0.0
 11
804.64
 21
54.519999999999996
 31
0.0
  0
LINE
  5
99E
330
17
100
AcDbEntity
  8
LINES
100
AcDbLine
 10
804.04
 20
54.16
 30
0.0
 11
804.88
 21
54.879999999999995
 31
0.0
  0
LINE
  5
99F
330
17
100
AcDbEntity
  8
LINES
100
AcDbLine
 10
804.88
 20
55.0
 30
0.0
 11
805.36
 21
55.480000000000004
 31
0.0
  0
LINE
  5
9A0
330
17
100
AcDbEntity
  8
LINES
100
AcDbLine
 10
803.0799999999999
 20
53.2
 30
0.0
 11
803.4399999999999
 21
53.56
 31
0.0
  0
LINE
  5
9A1
330
17
100
AcDbEntity
  8
LINES
100
AcDbLine
 10
804.04
 20
54.519999999999996
 30
0.0
 11
805.0
 21
55.480000000000004
 31
0.0
  0
LINE
  5
9A2
330
17
100
AcDbEntity
  8
LINES
100
AcDbLine
 10
802.8399999999999
 20
53.32
 30
0.0
 11
803.4399999999999
 21
53.8
 31
0.0
  0
LINE
  5
9A3
330
17
100
AcDbEntity
  8
LINES
100
AcDbLine
 10
804.04
 20
54.76
 30
0.0
 11
804.64
 21
55.36
 31
0.0
  0
LINE
  5
9A4
330
17
100
AcDbEntity
  8
LINES
100
AcDbLine
 10
802.72
 20
53.56
 30
0.0
 11
803.4399999999999
 21
54.16
 31
0.0
  0
LINE
  5
9A5
330
17
100
AcDbEntity
  8
LINES
100
AcDbLine
 10
804.04
 20
55.12
 30
0.0
 11
804.4
 21
55.480000000000004
 31
0.0
  0
LINE
  5
9A6
330
17
100
AcDbEntity
  8
LINES
100
AcDbLine
 10
802.72
 20
53.92
 30
0.0
 11
803.3199999999999
 21
54.519999999999996
 31
0.0
  0
LINE
  5
9A7
330
17
100
AcDbEntity
  8
LINES
100
AcDbLine
 10
802.72
 20
54.16
 30
0.0
 11
803.3199999999999
 21
54.76
 31
0.0
  0
LINE
  5
9A8
330
17
100
AcDbEntity
  8
LINES
100
AcDbLine
 10
802.72
 20
54.519999999999996
 30
0.0
 11
803.3199999999999
 21
55.12
 31
0.0
  0
LINE
  5
9A9
330
17
100
AcDbEntity
  8
LINES
100
AcDbLine
 10
802.72
 20
54.879999999999995
 30
0.0
 11
803.3199999999999
 21
55.36
 31
0.0
  0
LINE
  5
9AA
330
17
100
AcDbEntity
  8
LINES
100
AcDbLine
 10
801.16
 20
53.2
 30
0.0
 11
801.64
 21
53.68
 31
0.0
  0
LINE
  5
9AB
330
17
100
AcDbEntity
  8
LINES
100
AcDbLine
 10
802.72
 20
55.239999999999995
 30
0.0
 11
803.0799999999999
 21
55.480000000000004
 31
0.0
  0
LINE
  5
9AC
330
17
100
AcDbEntity
  8
LINES
100
AcDbLine
 10
801.04
 20
53.44
 30
0.0
 11
801.64
 21
54.04
 31
0.0
  0
LINE
  5
9AD
330
17
100
AcDbEntity
  8
LINES
100
AcDbLine
 10
803.1999999999999
 20
55.96
 30
0.0
 11
803.4399999999999
 21
56.08
 31
0.0
  0
LINE
  5
9AE
330
17
100
AcDbEntity
  8
LINES
100
AcDbLine
 10
801.04
 20
53.68
 30
0.0
 11
801.64
 21
54.4
 31
0.0
  0
LINE
  5
9AF
330
17
100
AcDbEntity
  8
LINES
100
AcDbLine
 10
801.88
 20
55.0
 30
0.0
 11
802.36
 21
55.36
 31
0.0
  0
LINE
  5
9B0
330
17
100
AcDbEntity
  8
LINES
100
AcDbLine
 10
802.8399999999999
 20
55.96
 30
0.0
 11
803.3199999999999
 21
56.32
 31
0.0
  0
LINE
  5
9B1
330
17
100
AcDbEntity
  8
LINES
100
AcDbLine
 10
801.04
 20
54.04
 30
0.0
 11
801.64
 21
54.76
 31
0.0
  0
LINE
  5
9B2
330
17
100
AcDbEntity
  8
LINES
100
AcDbLine
 10
801.04
 20
54.4
 30
0.0
 11
802.12
 21
55.480000000000004
 31
0.0
  0
LINE
  5
9B3
330
17
100
AcDbEntity
  8
LINES
100
AcDbLine
 10
802.72
 20
56.2
 30
0.0
 11
803.0799999999999
 21
56.44
 31
0.0
  0
LINE
  5
9B4
330
17
100
AcDbEntity
  8
LINES
100
AcDbLine
 10
799.8399999999999
 20
53.2
 30
0.0
 11
800.3199999999999
 21
53.68
 31
0.0
  0
LINE
  5
9B5
330
17
100
AcDbEntity
  8
LINES
100
AcDbLine
 10
801.04
 20
54.76
 30
0.0
 11
801.76
 21
55.480000000000004
 31
0.0
  0
LINE
  5
9B6
330
17
100
AcDbEntity
  8
LINES
100
AcDbLine
 10
799.48
 20
53.2
 30
0.0
 11
800.0799999999999
 21
53.8
 31
0.0
  0
LINE
  5
9B7
330
17
100
AcDbEntity
  8
LINES
100
AcDbLine
 10
800.1999999999999
 20
54.28
 30
0.0
 11
800.4399999999999
 21
54.519999999999996
 31
0.0
  0
LINE
  5
9B8
330
17
100
AcDbEntity
  8
LINES
100
AcDbLine
 10
801.04
 20
55.0
 30
0.0
 11
801.4
 21
55.480000000000004
 31
0.0
  0
LINE
  5
9B9
330
17
100
AcDbEntity
  8
LINES
100
AcDbLine
 10
799.12
 20
53.2
 30
0.0
 11
799.6
 21
53.68
 31
0.0
  0
LINE
  5
9BA
330
17
100
AcDbEntity
  8
LINES
100
AcDbLine
 10
799.8399999999999
 20
54.28
 30
0.0
 11
800.4399999999999
 21
54.76
 31
0.0
  0
LINE
  5
9BB
330
17
100
AcDbEntity
  8
LINES
100
AcDbLine
 10
801.04
 20
55.36
 30
0.0
 11
801.04
 21
55.480000000000004
 31
0.0
  0
LINE
  5
9BC
330
17
100
AcDbEntity
  8
LINES
100
AcDbLine
 10
798.88
 20
53.32
 30
0.0
 11
799.24
 21
53.68
 31
0.0
  0
LINE
  5
9BD
330
17
100
AcDbEntity
  8
LINES
100
AcDbLine
 10
799.6
 20
54.28
 30
0.0
 11
800.3199999999999
 21
55.0
 31
0.0
  0
LINE
  5
9BE
330
17
100
AcDbEntity
  8
LINES
100
AcDbLine
 10
798.76
 20
53.44
 30
0.0
 11
799.0
 21
53.8
 31
0.0
  0
LINE
  5
9BF
330
17
100
AcDbEntity
  8
LINES
100
AcDbLine
 10
799.24
 20
54.28
 30
0.0
 11
799.48
 21
54.519999999999996
 31
0.0
  0
LINE
  5
9C0
330
17
100
AcDbEntity
  8
LINES
100
AcDbLine
 10
799.8399999999999
 20
54.879999999999995
 30
0.0
 11
800.1999999999999
 21
55.239999999999995
 31
0.0
  0
LINE
  5
9C1
330
17
100
AcDbEntity
  8
LINES
100
AcDbLine
 10
798.52
 20
53.56
 30
0.0
 11
799.0
 21
54.04
 31
0.0
  0
LINE
  5
9C2
330
17
100
AcDbEntity
  8
LINES
100
AcDbLine
 10
799.72
 20
55.0
 30
0.0
 11
799.9599999999999
 21
55.36
 31
0.0
  0
LINE
  5
9C3
330
17
100
AcDbEntity
  8
LINES
100
AcDbLine
 10
798.4
 20
53.8
 30
0.0
 11
799.12
 21
54.519999999999996
 31
0.0
  0
LINE
  5
9C4
330
17
100
AcDbEntity
  8
LINES
100
AcDbLine
 10
799.48
 20
55.12
 30
0.0
 11
799.8399999999999
 21
55.480000000000004
 31
0.0
  0
LINE
  5
9C5
330
17
100
AcDbEntity
  8
LINES
100
AcDbLine
 10
798.28
 20
54.04
 30
0.0
 11
799.0
 21
54.64
 31
0.0
  0
LINE
  5
9C6
330
17
100
AcDbEntity
  8
LINES
100
AcDbLine
 10
798.28
 20
54.28
 30
0.0
 11
799.48
 21
55.599999999999994
 31
0.0
  0
LINE
  5
9C7
330
17
100
AcDbEntity
  8
LINES
100
AcDbLine
 10
797.1999999999999
 20
53.2
 30
0.0
 11
797.68
 21
53.8
 31
0.0
  0
LINE
  5
9C8
330
17
100
AcDbEntity
  8
LINES
100
AcDbLine
 10
798.4
 20
54.76
 30
0.0
 11
799.12
 21
55.480000000000004
 31
0.0
  0
LINE
  5
9C9
330
17
100
AcDbEntity
  8
LINES
100
AcDbLine
 10
796.8399999999999
 20
53.2
 30
0.0
 11
797.56
 21
53.8
 31
0.0
  0
LINE
  5
9CA
330
17
100
AcDbEntity
  8
LINES
100
AcDbLine
 10
797.56
 20
54.28
 30
0.0
 11
797.92
 21
54.64
 31
0.0
  0
LINE
  5
9CB
330
17
100
AcDbEntity
  8
LINES
100
AcDbLine
 10
796.48
 20
53.2
 30
0.0
 11
796.9599999999999
 21
53.68
 31
0.0
  0
LINE
  5
9CC
330
17
100
AcDbEntity
  8
LINES
100
AcDbLine
 10
797.3199999999999
 20
54.28
 30
0.0
 11
797.92
 21
54.879999999999995
 31
0.0
  0
LINE
  5
9CD
330
17
100
AcDbEntity
  8
LINES
100
AcDbLine
 10
796.36
 20
53.32
 30
0.0
 11
796.72
 21
53.68
 31
0.0
  0
LINE
  5
9CE
330
17
100
AcDbEntity
  8
LINES
100
AcDbLine
 10
796.9599999999999
 20
54.28
 30
0.0
 11
797.1999999999999
 21
54.64
 31
0.0
  0
LINE
  5
9CF
330
17
100
AcDbEntity
  8
LINES
100
AcDbLine
 10
797.3199999999999
 20
54.64
 30
0.0
 11
797.8
 21
55.12
 31
0.0
  0
LINE
  5
9D0
330
17
100
AcDbEntity
  8
LINES
100
AcDbLine
 10
796.12
 20
53.44
 30
0.0
 11
796.48
 21
53.8
 31
0.0
  0
LINE
  5
9D1
330
17
100
AcDbEntity
  8
LINES
100
AcDbLine
 10
796.6
 20
54.28
 30
0.0
 11
796.8399999999999
 21
54.519999999999996
 31
0.0
  0
LINE
  5
9D2
330
17
100
AcDbEntity
  8
LINES
100
AcDbLine
 10
797.1999999999999
 20
54.879999999999995
 30
0.0
 11
797.56
 21
55.239999999999995
 31
0.0
  0
LINE
  5
9D3
330
17
100
AcDbEntity
  8
LINES
100
AcDbLine
 10
796.0
 20
53.68
 30
0.0
 11
796.36
 21
54.04
 31
0.0
  0
LINE
  5
9D4
330
17
100
AcDbEntity
  8
LINES
100
AcDbLine
 10
797.0799999999999
 20
55.12
 30
0.0
 11
797.4399999999999
 21
55.36
 31
0.0
  0
LINE
  5
9D5
330
17
100
AcDbEntity
  8
LINES
100
AcDbLine
 10
795.88
 20
53.92
 30
0.0
 11
796.6
 21
54.519999999999996
 31
0.0
  0
LINE
  5
9D6
330
17
100
AcDbEntity
  8
LINES
100
AcDbLine
 10
795.76
 20
54.16
 30
0.0
 11
796.36
 21
54.64
 31
0.0
  0
LINE
  5
9D7
330
17
100
AcDbEntity
  8
LINES
100
AcDbLine
 10
796.8399999999999
 20
55.12
 30
0.0
 11
797.1999999999999
 21
55.480000000000004
 31
0.0
  0
LINE
  5
9D8
330
17
100
AcDbEntity
  8
LINES
100
AcDbLine
 10
794.92
 20
53.2
 30
0.0
 11
795.16
 21
53.56
 31
0.0
  0
LINE
  5
9D9
330
17
100
AcDbEntity
  8
LINES
100
AcDbLine
 10
795.76
 20
54.4
 30
0.0
 11
796.8399999999999
 21
55.480000000000004
 31
0.0
  0
LINE
  5
9DA
330
17
100
AcDbEntity
  8
LINES
100
AcDbLine
 10
794.8
 20
53.44
 30
0.0
 11
795.28
 21
53.92
 31
0.0
  0
LINE
  5
9DB
330
17
100
AcDbEntity
  8
LINES
100
AcDbLine
 10
795.88
 20
54.76
 30
0.0
 11
796.6
 21
55.480000000000004
 31
0.0
  0
LINE
  5
9DC
330
17
100
AcDbEntity
  8
LINES
100
AcDbLine
 10
794.68
 20
53.68
 30
0.0
 11
795.28
 21
54.16
 31
0.0
  0
LINE
  5
9DD
330
17
100
AcDbEntity
  8
LINES
100
AcDbLine
 10
794.68
 20
54.04
 30
0.0
 11
795.28
 21
54.519999999999996
 31
0.0
  0
LINE
  5
9DE
330
17
100
AcDbEntity
  8
LINES
100
AcDbLine
 10
794.68
 20
54.4
 30
0.0
 11
795.16
 21
54.879999999999995
 31
0.0
  0
LINE
  5
9DF
330
17
100
AcDbEntity
  8
LINES
100
AcDbLine
 10
794.68
 20
54.64
 30
0.0
 11
795.16
 21
55.12
 31
0.0
  0
LINE
  5
9E0
330
17
100
AcDbEntity
  8
LINES
100
AcDbLine
 10
793.36
 20
53.32
 30
0.0
 11
793.72
 21
53.68
 31
0.0
  0
LINE
  5
9E1
330
17
100
AcDbEntity
  8
LINES
100
AcDbLine
 10
794.56
 20
54.879999999999995
 30
0.0
 11
795.04
 21
55.36
 31
0.0
  0
LINE
  5
9E2
330
17
100
AcDbEntity
  8
LINES
100
AcDbLine
 10
793.24
 20
53.44
 30
0.0
 11
793.72
 21
54.04
 31
0.0
  0
LINE
  5
9E3
330
17
100
AcDbEntity
  8
LINES
100
AcDbLine
 10
794.4399999999999
 20
55.0
 30
0.0
 11
794.8
 21
55.480000000000004
 31
0.0
  0
LINE
  5
9E4
330
17
100
AcDbEntity
  8
LINES
100
AcDbLine
 10
793.24
 20
53.8
 30
0.0
 11
793.72
 21
54.4
 31
0.0
  0
LINE
  5
9E5
330
17
100
AcDbEntity
  8
LINES
100
AcDbLine
 10
794.0799999999999
 20
55.0
 30
0.0
 11
794.56
 21
55.480000000000004
 31
0.0
  0
LINE
  5
9E6
330
17
100
AcDbEntity
  8
LINES
100
AcDbLine
 10
793.24
 20
54.16
 30
0.0
 11
793.8399999999999
 21
54.76
 31
0.0
  0
LINE
  5
9E7
330
17
100
AcDbEntity
  8
LINES
100
AcDbLine
 10
793.24
 20
54.519999999999996
 30
0.0
 11
794.1999999999999
 21
55.480000000000004
 31
0.0
  0
LINE
  5
9E8
330
17
100
AcDbEntity
  8
LINES
100
AcDbLine
 10
792.04
 20
53.32
 30
0.0
 11
792.4
 21
53.68
 31
0.0
  0
LINE
  5
9E9
330
17
100
AcDbEntity
  8
LINES
100
AcDbLine
 10
791.92
 20
53.56
 30
0.0
 11
792.4
 21
54.04
 31
0.0
  0
LINE
  5
9EA
330
17
100
AcDbEntity
  8
LINES
100
AcDbLine
 10
793.24
 20
54.76
 30
0.0
 11
793.72
 21
55.36
 31
0.0
  0
LINE
  5
9EB
330
17
100
AcDbEntity
  8
LINES
100
AcDbLine
 10
790.8399999999999
 20
52.36
 30
0.0
 11
790.9599999999999
 21
52.599999999999994
 31
0.0
  0
LINE
  5
9EC
330
17
100
AcDbEntity
  8
LINES
100
AcDbLine
 10
791.92
 20
53.8
 30
0.0
 11
792.4
 21
54.4
 31
0.0
  0
LINE
  5
9ED
330
17
100
AcDbEntity
  8
LINES
100
AcDbLine
 10
793.24
 20
55.12
 30
0.0
 11
793.6
 21
55.480000000000004
 31
0.0
  0
LINE
  5
9EE
330
17
100
AcDbEntity
  8
LINES
100
AcDbLine
 10
790.36
 20
52.239999999999995
 30
0.0
 11
791.0799999999999
 21
53.08
 31
0.0
  0
LINE
  5
9EF
330
17
100
AcDbEntity
  8
LINES
100
AcDbLine
 10
791.92
 20
54.16
 30
0.0
 11
792.4
 21
54.64
 31
0.0
  0
LINE
  5
9F0
330
17
100
AcDbEntity
  8
LINES
100
AcDbLine
 10
790.0
 20
52.239999999999995
 30
0.0
 11
791.0799999999999
 21
53.44
 31
0.0
  0
LINE
  5
9F1
330
17
100
AcDbEntity
  8
LINES
100
AcDbLine
 10
790.6
 20
53.2
 30
0.0
 11
791.0799999999999
 21
53.68
 31
0.0
  0
LINE
  5
9F2
330
17
100
AcDbEntity
  8
LINES
100
AcDbLine
 10
791.92
 20
54.519999999999996
 30
0.0
 11
792.4
 21
55.0
 31
0.0
  0
LINE
  5
9F3
330
17
100
AcDbEntity
  8
LINES
100
AcDbLine
 10
789.64
 20
52.239999999999995
 30
0.0
 11
790.12
 21
52.72
 31
0.0
  0
LINE
  5
9F4
330
17
100
AcDbEntity
  8
LINES
100
AcDbLine
 10
790.48
 20
53.44
 30
0.0
 11
791.1999999999999
 21
54.04
 31
0.0
  0
LINE
  5
9F5
330
17
100
AcDbEntity
  8
LINES
100
AcDbLine
 10
791.92
 20
54.879999999999995
 30
0.0
 11
792.4
 21
55.36
 31
0.0
  0
LINE
  5
9F6
330
17
100
AcDbEntity
  8
LINES
100
AcDbLine
 10
789.4
 20
52.36
 30
0.0
 11
789.88
 21
52.72
 31
0.0
  0
LINE
  5
9F7
330
17
100
AcDbEntity
  8
LINES
100
AcDbLine
 10
790.0
 20
53.32
 30
0.0
 11
791.1999999999999
 21
54.4
 31
0.0
  0
LINE
  5
9F8
330
17
100
AcDbEntity
  8
LINES
100
AcDbLine
 10
791.92
 20
55.12
 30
0.0
 11
792.28
 21
55.480000000000004
 31
0.0
  0
LINE
  5
9F9
330
17
100
AcDbEntity
  8
LINES
100
AcDbLine
 10
789.28
 20
52.480000000000004
 30
0.0
 11
789.64
 21
52.96
 31
0.0
  0
LINE
  5
9FA
330
17
100
AcDbEntity
  8
LINES
100
AcDbLine
 10
789.64
 20
53.32
 30
0.0
 11
790.12
 21
53.68
 31
0.0
  0
LINE
  5
9FB
330
17
100
AcDbEntity
  8
LINES
100
AcDbLine
 10
790.6
 20
54.16
 30
0.0
 11
791.1999999999999
 21
54.76
 31
0.0
  0
LINE
  5
9FC
330
17
100
AcDbEntity
  8
LINES
100
AcDbLine
 10
789.16
 20
52.72
 30
0.0
 11
789.4
 21
52.96
 31
0.0
  0
LINE
  5
9FD
330
17
100
AcDbEntity
  8
LINES
100
AcDbLine
 10
790.6
 20
54.519999999999996
 30
0.0
 11
791.0799999999999
 21
55.0
 31
0.0
  0
LINE
  5
9FE
330
17
100
AcDbEntity
  8
LINES
100
AcDbLine
 10
792.04
 20
55.96
 30
0.0
 11
792.4
 21
56.32
 31
0.0
  0
LINE
  5
9FF
330
17
100
AcDbEntity
  8
LINES
100
AcDbLine
 10
789.4
 20
53.32
 30
0.0
 11
789.88
 21
53.68
 31
0.0
  0
LINE
  5
A00
330
17
100
AcDbEntity
  8
LINES
100
AcDbLine
 10
790.6
 20
54.76
 30
0.0
 11
791.0799999999999
 21
55.36
 31
0.0
  0
LINE
  5
A01
330
17
100
AcDbEntity
  8
LINES
100
AcDbLine
 10
791.92
 20
56.2
 30
0.0
 11
792.16
 21
56.44
 31
0.0
  0
LINE
  5
A02
330
17
100
AcDbEntity
  8
LINES
100
AcDbLine
 10
789.28
 20
53.44
 30
0.0
 11
789.64
 21
53.92
 31
0.0
  0
LINE
  5
A03
330
17
100
AcDbEntity
  8
LINES
100
AcDbLine
 10
790.36
 20
55.0
 30
0.0
 11
790.9599999999999
 21
55.480000000000004
 31
0.0
  0
LINE
  5
A04
330
17
100
AcDbEntity
  8
LINES
100
AcDbLine
 10
789.16
 20
53.68
 30
0.0
 11
789.52
 21
54.16
 31
0.0
  0
LINE
  5
A05
330
17
100
AcDbEntity
  8
LINES
100
AcDbLine
 10
790.24
 20
55.12
 30
0.0
 11
790.48
 21
55.36
 31
0.0
  0
LINE
  5
A06
330
17
100
AcDbEntity
  8
LINES
100
AcDbLine
 10
789.04
 20
53.92
 30
0.0
 11
789.52
 21
54.4
 31
0.0
  0
LINE
  5
A07
330
17
100
AcDbEntity
  8
LINES
100
AcDbLine
 10
789.04
 20
54.16
 30
0.0
 11
790.24
 21
55.480000000000004
 31
0.0
  0
LINE
  5
A08
330
17
100
AcDbEntity
  8
LINES
100
AcDbLine
 10
788.0799999999999
 20
53.32
 30
0.0
 11
788.4399999999999
 21
53.56
 31
0.0
  0
LINE
  5
A09
330
17
100
AcDbEntity
  8
LINES
100
AcDbLine
 10
788.92
 20
54.519999999999996
 30
0.0
 11
790.0
 21
55.480000000000004
 31
0.0
  0
LINE
  5
A0A
330
17
100
AcDbEntity
  8
LINES
100
AcDbLine
 10
787.8399999999999
 20
53.44
 30
0.0
 11
788.4399999999999
 21
53.92
 31
0.0
  0
LINE
  5
A0B
330
17
100
AcDbEntity
  8
LINES
100
AcDbLine
 10
789.04
 20
55.0
 30
0.0
 11
789.52
 21
55.480000000000004
 31
0.0
  0
LINE
  5
A0C
330
17
100
AcDbEntity
  8
LINES
100
AcDbLine
 10
787.8399999999999
 20
53.68
 30
0.0
 11
788.4399999999999
 21
54.28
 31
0.0
  0
LINE
  5
A0D
330
17
100
AcDbEntity
  8
LINES
100
AcDbLine
 10
787.8399999999999
 20
54.04
 30
0.0
 11
788.4399999999999
 21
54.64
 31
0.0
  0
LINE
  5
A0E
330
17
100
AcDbEntity
  8
LINES
100
AcDbLine
 10
787.8399999999999
 20
54.4
 30
0.0
 11
788.3199999999999
 21
54.879999999999995
 31
0.0
  0
LINE
  5
A0F
330
17
100
AcDbEntity
  8
LINES
100
AcDbLine
 10
787.8399999999999
 20
54.64
 30
0.0
 11
788.3199999999999
 21
55.12
 31
0.0
  0
LINE
  5
A10
330
17
100
AcDbEntity
  8
LINES
100
AcDbLine
 10
786.4
 20
53.32
 30
0.0
 11
786.88
 21
53.68
 31
0.0
  0
LINE
  5
A11
330
17
100
AcDbEntity
  8
LINES
100
AcDbLine
 10
787.72
 20
54.879999999999995
 30
0.0
 11
788.1999999999999
 21
55.36
 31
0.0
  0
LINE
  5
A12
330
17
100
AcDbEntity
  8
LINES
100
AcDbLine
 10
786.28
 20
53.44
 30
0.0
 11
786.88
 21
54.04
 31
0.0
  0
LINE
  5
A13
330
17
100
AcDbEntity
  8
LINES
100
AcDbLine
 10
787.6
 20
55.12
 30
0.0
 11
787.9599999999999
 21
55.480000000000004
 31
0.0
  0
LINE
  5
A14
330
17
100
AcDbEntity
  8
LINES
100
AcDbLine
 10
786.28
 20
53.8
 30
0.0
 11
786.88
 21
54.4
 31
0.0
  0
LINE
  5
A15
330
17
100
AcDbEntity
  8
LINES
100
AcDbLine
 10
786.28
 20
54.16
 30
0.0
 11
787.0
 21
54.879999999999995
 31
0.0
  0
LINE
  5
A16
330
17
100
AcDbEntity
  8
LINES
100
AcDbLine
 10
787.24
 20
55.0
 30
0.0
 11
787.72
 21
55.480000000000004
 31
0.0
  0
LINE
  5
A17
330
17
100
AcDbEntity
  8
LINES
100
AcDbLine
 10
785.4399999999999
 20
53.32
 30
0.0
 11
785.68
 21
53.56
 31
0.0
  0
LINE
  5
A18
330
17
100
AcDbEntity
  8
LINES
100
AcDbLine
 10
786.28
 20
54.519999999999996
 30
0.0
 11
787.24
 21
55.480000000000004
 31
0.0
  0
LINE
  5
A19
330
17
100
AcDbEntity
  8
LINES
100
AcDbLine
 10
785.0799999999999
 20
53.2
 30
0.0
 11
785.4399999999999
 21
53.56
 31
0.0
  0
LINE
  5
A1A
330
17
100
AcDbEntity
  8
LINES
100
AcDbLine
 10
786.28
 20
54.76
 30
0.0
 11
786.88
 21
55.36
 31
0.0
  0
LINE
  5
A1B
330
17
100
AcDbEntity
  8
LINES
100
AcDbLine
 10
784.72
 20
53.32
 30
0.0
 11
785.0799999999999
 21
53.68
 31
0.0
  0
LINE
  5
A1C
330
17
100
AcDbEntity
  8
LINES
100
AcDbLine
 10
786.28
 20
55.12
 30
0.0
 11
786.64
 21
55.480000000000004
 31
0.0
  0
LINE
  5
A1D
330
17
100
AcDbEntity
  8
LINES
100
AcDbLine
 10
784.48
 20
53.32
 30
0.0
 11
784.8399999999999
 21
53.68
 31
0.0
  0
LINE
  5
A1E
330
17
100
AcDbEntity
  8
LINES
100
AcDbLine
 10
784.12
 20
53.32
 30
0.0
 11
784.48
 21
53.68
 31
0.0
  0
LINE
  5
A1F
330
17
100
AcDbEntity
  8
LINES
100
AcDbLine
 10
785.1999999999999
 20
54.64
 30
0.0
 11
785.56
 21
55.0
 31
0.0
  0
LINE
  5
A20
330
17
100
AcDbEntity
  8
LINES
100
AcDbLine
 10
783.76
 20
53.32
 30
0.0
 11
784.24
 21
53.68
 31
0.0
  0
LINE
  5
A21
330
17
100
AcDbEntity
  8
LINES
100
AcDbLine
 10
784.8399999999999
 20
54.64
 30
0.0
 11
785.3199999999999
 21
55.12
 31
0.0
  0
LINE
  5
A22
330
17
100
AcDbEntity
  8
LINES
100
AcDbLine
 10
783.52
 20
53.32
 30
0.0
 11
783.88
 21
53.8
 31
0.0
  0
LINE
  5
A23
330
17
100
AcDbEntity
  8
LINES
100
AcDbLine
 10
784.48
 20
54.64
 30
0.0
 11
784.9599999999999
 21
55.12
 31
0.0
  0
LINE
  5
A24
330
17
100
AcDbEntity
  8
LINES
100
AcDbLine
 10
783.28
 20
53.44
 30
0.0
 11
783.88
 21
54.04
 31
0.0
  0
LINE
  5
A25
330
17
100
AcDbEntity
  8
LINES
100
AcDbLine
 10
784.12
 20
54.64
 30
0.0
 11
784.72
 21
55.12
 31
0.0
  0
LINE
  5
A26
330
17
100
AcDbEntity
  8
LINES
100
AcDbLine
 10
785.56
 20
55.96
 30
0.0
 11
785.68
 21
56.08
 31
0.0
  0
LINE
  5
A27
330
17
100
AcDbEntity
  8
LINES
100
AcDbLine
 10
783.28
 20
53.8
 30
0.0
 11
783.88
 21
54.4
 31
0.0
  0
LINE
  5
A28
330
17
100
AcDbEntity
  8
LINES
100
AcDbLine
 10
785.0799999999999
 20
55.96
 30
0.0
 11
785.56
 21
56.32
 31
0.0
  0
LINE
  5
A29
330
17
100
AcDbEntity
  8
LINES
100
AcDbLine
 10
783.28
 20
54.04
 30
0.0
 11
784.36
 21
55.12
 31
0.0
  0
LINE
  5
A2A
330
17
100
AcDbEntity
  8
LINES
100
AcDbLine
 10
784.72
 20
55.84
 30
0.0
 11
785.3199999999999
 21
56.44
 31
0.0
  0
LINE
  5
A2B
330
17
100
AcDbEntity
  8
LINES
100
AcDbLine
 10
783.28
 20
54.4
 30
0.0
 11
784.0
 21
55.12
 31
0.0
  0
LINE
  5
A2C
330
17
100
AcDbEntity
  8
LINES
100
AcDbLine
 10
784.48
 20
55.84
 30
0.0
 11
784.9599999999999
 21
56.44
 31
0.0
  0
LINE
  5
A2D
330
17
100
AcDbEntity
  8
LINES
100
AcDbLine
 10
783.28
 20
54.76
 30
0.0
 11
783.88
 21
55.36
 31
0.0
  0
LINE
  5
A2E
330
17
100
AcDbEntity
  8
LINES
100
AcDbLine
 10
784.0
 20
55.84
 30
0.0
 11
784.6
 21
56.44
 31
0.0
  0
LINE
  5
A2F
330
17
100
AcDbEntity
  8
LINES
100
AcDbLine
 10
783.28
 20
55.0
 30
0.0
 11
784.0
 21
55.72
 31
0.0
  0
LINE
  5
A30
330
17
100
AcDbEntity
  8
LINES
100
AcDbLine
 10
783.28
 20
55.36
 30
0.0
 11
784.36
 21
56.44
 31
0.0
  0
LINE
  5
A31
330
17
100
AcDbEntity
  8
LINES
100
AcDbLine
 10
781.12
 20
53.2
 30
0.0
 11
781.36
 21
53.44
 31
0.0
  0
LINE
  5
A32
330
17
100
AcDbEntity
  8
LINES
100
AcDbLine
 10
783.28
 20
55.72
 30
0.0
 11
784.0
 21
56.44
 31
0.0
  0
LINE
  5
A33
330
17
100
AcDbEntity
  8
LINES
100
AcDbLine
 10
780.76
 20
53.2
 30
0.0
 11
781.36
 21
53.8
 31
0.0
  0
LINE
  5
A34
330
17
100
AcDbEntity
  8
LINES
100
AcDbLine
 10
783.28
 20
56.08
 30
0.0
 11
783.64
 21
56.44
 31
0.0
  0
LINE
  5
A35
330
17
100
AcDbEntity
  8
LINES
100
AcDbLine
 10
780.4
 20
53.2
 30
0.0
 11
781.36
 21
54.04
 31
0.0
  0
LINE
  5
A36
330
17
100
AcDbEntity
  8
LINES
100
AcDbLine
 10
780.04
 20
53.2
 30
0.0
 11
781.24
 21
54.4
 31
0.0
  0
LINE
  5
A37
330
17
100
AcDbEntity
  8
LINES
100
AcDbLine
 10
780.64
 20
54.04
 30
0.0
 11
781.24
 21
54.76
 31
0.0
  0
LINE
  5
A38
330
17
100
AcDbEntity
  8
LINES
100
AcDbLine
 10
779.8
 20
53.2
 30
0.0
 11
780.16
 21
53.56
 31
0.0
  0
LINE
  5
A39
330
17
100
AcDbEntity
  8
LINES
100
AcDbLine
 10
780.52
 20
54.28
 30
0.0
 11
781.24
 21
55.0
 31
0.0
  0
LINE
  5
A3A
330
17
100
AcDbEntity
  8
LINES
100
AcDbLine
 10
779.56
 20
53.32
 30
0.0
 11
779.92
 21
53.68
 31
0.0
  0
LINE
  5
A3B
330
17
100
AcDbEntity
  8
LINES
100
AcDbLine
 10
780.16
 20
54.16
 30
0.0
 11
781.12
 21
55.239999999999995
 31
0.0
  0
LINE
  5
A3C
330
17
100
AcDbEntity
  8
LINES
100
AcDbLine
 10
779.4399999999999
 20
53.44
 30
0.0
 11
779.92
 21
54.04
 31
0.0
  0
LINE
  5
A3D
330
17
100
AcDbEntity
  8
LINES
100
AcDbLine
 10
780.64
 20
55.0
 30
0.0
 11
781.0
 21
55.480000000000004
 31
0.0
  0
LINE
  5
A3E
330
17
100
AcDbEntity
  8
LINES
100
AcDbLine
 10
779.3199999999999
 20
53.68
 30
0.0
 11
780.16
 21
54.519999999999996
 31
0.0
  0
LINE
  5
A3F
330
17
100
AcDbEntity
  8
LINES
100
AcDbLine
 10
779.4399999999999
 20
54.16
 30
0.0
 11
779.56
 21
54.28
 31
0.0
  0
LINE
  5
A40
330
17
100
AcDbEntity
  8
LINES
100
AcDbLine
 10
780.4
 20
55.12
 30
0.0
 11
780.76
 21
55.480000000000004
 31
0.0
  0
LINE
  5
A41
330
17
100
AcDbEntity
  8
LINES
100
AcDbLine
 10
778.48
 20
53.2
 30
0.0
 11
778.72
 21
53.44
 31
0.0
  0
LINE
  5
A42
330
17
100
AcDbEntity
  8
LINES
100
AcDbLine
 10
779.92
 20
55.0
 30
0.0
 11
780.52
 21
55.480000000000004
 31
0.0
  0
LINE
  5
A43
330
17
100
AcDbEntity
  8
LINES
100
AcDbLine
 10
778.24
 20
53.32
 30
0.0
 11
778.72
 21
53.8
 31
0.0
  0
LINE
  5
A44
330
17
100
AcDbEntity
  8
LINES
100
AcDbLine
 10
779.56
 20
54.879999999999995
 30
0.0
 11
780.04
 21
55.480000000000004
 31
0.0
  0
LINE
  5
A45
330
17
100
AcDbEntity
  8
LINES
100
AcDbLine
 10
778.24
 20
53.68
 30
0.0
 11
778.72
 21
54.16
 31
0.0
  0
LINE
  5
A46
330
17
100
AcDbEntity
  8
LINES
100
AcDbLine
 10
778.24
 20
53.92
 30
0.0
 11
778.72
 21
54.519999999999996
 31
0.0
  0
LINE
  5
A47
330
17
100
AcDbEntity
  8
LINES
100
AcDbLine
 10
778.24
 20
54.28
 30
0.0
 11
778.72
 21
54.76
 31
0.0
  0
LINE
  5
A48
330
17
100
AcDbEntity
  8
LINES
100
AcDbLine
 10
771.76
 20
47.8
 30
0.0
 11
772.24
 21
48.28
 31
0.0
  0
LINE
  5
A49
330
17
100
AcDbEntity
  8
LINES
100
AcDbLine
 10
776.92
 20
53.32
 30
0.0
 11
777.16
 21
53.56
 31
0.0
  0
LINE
  5
A4A
330
17
100
AcDbEntity
  8
LINES
100
AcDbLine
 10
778.24
 20
54.64
 30
0.0
 11
778.72
 21
55.12
 31
0.0
  0
LINE
  5
A4B
330
17
100
AcDbEntity
  8
LINES
100
AcDbLine
 10
771.64
 20
48.04
 30
0.0
 11
772.12
 21
48.519999999999996
 31
0.0
  0
LINE
  5
A4C
330
17
100
AcDbEntity
  8
LINES
100
AcDbLine
 10
776.8
 20
53.44
 30
0.0
 11
777.28
 21
53.92
 31
0.0
  0
LINE
  5
A4D
330
17
100
AcDbEntity
  8
LINES
100
AcDbLine
 10
778.12
 20
54.879999999999995
 30
0.0
 11
778.6
 21
55.239999999999995
 31
0.0
  0
LINE
  5
A4E
330
17
100
AcDbEntity
  8
LINES
100
AcDbLine
 10
771.64
 20
48.28
 30
0.0
 11
772.24
 21
48.879999999999995
 31
0.0
  0
LINE
  5
A4F
330
17
100
AcDbEntity
  8
LINES
100
AcDbLine
 10
776.68
 20
53.8
 30
0.0
 11
777.28
 21
54.28
 31
0.0
  0
LINE
  5
A50
330
17
100
AcDbEntity
  8
LINES
100
AcDbLine
 10
775.24
 20
52.239999999999995
 30
0.0
 11
775.9599999999999
 21
52.96
 31
0.0
  0
LINE
  5
A51
330
17
100
AcDbEntity
  8
LINES
100
AcDbLine
 10
778.0
 20
55.0
 30
0.0
 11
778.36
 21
55.480000000000004
 31
0.0
  0
LINE
  5
A52
330
17
100
AcDbEntity
  8
LINES
100
AcDbLine
 10
771.64
 20
48.64
 30
0.0
 11
772.9599999999999
 21
49.96
 31
0.0
  0
LINE
  5
A53
330
17
100
AcDbEntity
  8
LINES
100
AcDbLine
 10
774.88
 20
52.239999999999995
 30
0.0
 11
775.9599999999999
 21
53.32
 31
0.0
  0
LINE
  5
A54
330
17
100
AcDbEntity
  8
LINES
100
AcDbLine
 10
776.68
 20
54.04
 30
0.0
 11
777.28
 21
54.64
 31
0.0
  0
LINE
  5
A55
330
17
100
AcDbEntity
  8
LINES
100
AcDbLine
 10
771.64
 20
49.0
 30
0.0
 11
772.72
 21
50.08
 31
0.0
  0
LINE
  5
A56
330
17
100
AcDbEntity
  8
LINES
100
AcDbLine
 10
777.76
 20
55.12
 30
0.0
 11
778.12
 21
55.480000000000004
 31
0.0
  0
LINE
  5
A57
330
17
100
AcDbEntity
  8
LINES
100
AcDbLine
 10
770.4399999999999
 20
47.8
 30
0.0
 11
770.68
 21
48.04
 31
0.0
  0
LINE
  5
A58
330
17
100
AcDbEntity
  8
LINES
100
AcDbLine
 10
774.52
 20
52.239999999999995
 30
0.0
 11
775.12
 21
52.72
 31
0.0
  0
LINE
  5
A59
330
17
100
AcDbEntity
  8
LINES
100
AcDbLine
 10
775.36
 20
53.08
 30
0.0
 11
775.9599999999999
 21
53.68
 31
0.0
  0
LINE
  5
A5A
330
17
100
AcDbEntity
  8
LINES
100
AcDbLine
 10
771.64
 20
49.239999999999995
 30
0.0
 11
772.12
 21
49.84
 31
0.0
  0
LINE
  5
A5B
330
17
100
AcDbEntity
  8
LINES
100
AcDbLine
 10
776.68
 20
54.4
 30
0.0
 11
777.76
 21
55.480000000000004
 31
0.0
  0
LINE
  5
A5C
330
17
100
AcDbEntity
  8
LINES
100
AcDbLine
 10
770.1999999999999
 20
47.92
 30
0.0
 11
770.68
 21
48.4
 31
0.0
  0
LINE
  5
A5D
330
17
100
AcDbEntity
  8
LINES
100
AcDbLine
 10
774.28
 20
52.36
 30
0.0
 11
774.76
 21
52.72
 31
0.0
  0
LINE
  5
A5E
330
17
100
AcDbEntity
  8
LINES
100
AcDbLine
 10
775.36
 20
53.44
 30
0.0
 11
775.9599999999999
 21
53.92
 31
0.0
  0
LINE
  5
A5F
330
17
100
AcDbEntity
  8
LINES
100
AcDbLine
 10
771.64
 20
49.599999999999994
 30
0.0
 11
772.0
 21
50.08
 31
0.0
  0
LINE
  5
A60
330
17
100
AcDbEntity
  8
LINES
100
AcDbLine
 10
776.68
 20
54.76
 30
0.0
 11
777.28
 21
55.36
 31
0.0
  0
LINE
  5
A61
330
17
100
AcDbEntity
  8
LINES
100
AcDbLine
 10
770.1999999999999
 20
48.28
 30
0.0
 11
770.68
 21
48.76
 31
0.0
  0
LINE
  5
A62
330
17
100
AcDbEntity
  8
LINES
100
AcDbLine
 10
775.0
 20
53.32
 30
0.0
 11
775.9599999999999
 21
54.28
 31
0.0
  0
LINE
  5
A63
330
17
100
AcDbEntity
  8
LINES
100
AcDbLine
 10
774.16
 20
52.480000000000004
 30
0.0
 11
774.52
 21
52.84
 31
0.0
  0
LINE
  5
A64
330
17
100
AcDbEntity
  8
LINES
100
AcDbLine
 10
776.68
 20
55.12
 30
0.0
 11
777.28
 21
55.599999999999994
 31
0.0
  0
LINE
  5
A65
330
17
100
AcDbEntity
  8
LINES
100
AcDbLine
 10
770.1999999999999
 20
48.519999999999996
 30
0.0
 11
770.68
 21
49.120000000000005
 31
0.0
  0
LINE
  5
A66
330
17
100
AcDbEntity
  8
LINES
100
AcDbLine
 10
774.52
 20
53.32
 30
0.0
 11
775.0
 21
53.68
 31
0.0
  0
LINE
  5
A67
330
17
100
AcDbEntity
  8
LINES
100
AcDbLine
 10
773.92
 20
52.599999999999994
 30
0.0
 11
774.28
 21
52.96
 31
0.0
  0
LINE
  5
A68
330
17
100
AcDbEntity
  8
LINES
100
AcDbLine
 10
775.36
 20
54.04
 30
0.0
 11
775.9599999999999
 21
54.64
 31
0.0
  0
LINE
  5
A69
330
17
100
AcDbEntity
  8
LINES
100
AcDbLine
 10
770.1999999999999
 20
48.879999999999995
 30
0.0
 11
771.16
 21
49.84
 31
0.0
  0
LINE
  5
A6A
330
17
100
AcDbEntity
  8
LINES
100
AcDbLine
 10
776.68
 20
55.36
 30
0.0
 11
777.16
 21
55.96
 31
0.0
  0
LINE
  5
A6B
330
17
100
AcDbEntity
  8
LINES
100
AcDbLine
 10
769.12
 20
47.8
 30
0.0
 11
769.48
 21
48.16
 31
0.0
  0
LINE
  5
A6C
330
17
100
AcDbEntity
  8
LINES
100
AcDbLine
 10
774.28
 20
53.32
 30
0.0
 11
774.64
 21
53.68
 31
0.0
  0
LINE
  5
A6D
330
17
100
AcDbEntity
  8
LINES
100
AcDbLine
 10
775.48
 20
54.519999999999996
 30
0.0
 11
775.9599999999999
 21
55.0
 31
0.0
  0
LINE
  5
A6E
330
17
100
AcDbEntity
  8
LINES
100
AcDbLine
 10
770.1999999999999
 20
49.239999999999995
 30
0.0
 11
771.04
 21
50.08
 31
0.0
  0
LINE
  5
A6F
330
17
100
AcDbEntity
  8
LINES
100
AcDbLine
 10
776.68
 20
55.72
 30
0.0
 11
777.16
 21
56.2
 31
0.0
  0
LINE
  5
A70
330
17
100
AcDbEntity
  8
LINES
100
AcDbLine
 10
768.88
 20
47.8
 30
0.0
 11
769.48
 21
48.4
 31
0.0
  0
LINE
  5
A71
330
17
100
AcDbEntity
  8
LINES
100
AcDbLine
 10
774.16
 20
53.44
 30
0.0
 11
774.52
 21
53.8
 31
0.0
  0
LINE
  5
A72
330
17
100
AcDbEntity
  8
LINES
100
AcDbLine
 10
775.36
 20
54.76
 30
0.0
 11
775.9599999999999
 21
55.239999999999995
 31
0.0
  0
LINE
  5
A73
330
17
100
AcDbEntity
  8
LINES
100
AcDbLine
 10
770.0799999999999
 20
49.480000000000004
 30
0.0
 11
770.8
 21
50.08
 31
0.0
  0
LINE
  5
A74
330
17
100
AcDbEntity
  8
LINES
100
AcDbLine
 10
776.68
 20
56.08
 30
0.0
 11
777.04
 21
56.44
 31
0.0
  0
LINE
  5
A75
330
17
100
AcDbEntity
  8
LINES
100
AcDbLine
 10
768.76
 20
48.16
 30
0.0
 11
769.48
 21
48.76
 31
0.0
  0
LINE
  5
A76
330
17
100
AcDbEntity
  8
LINES
100
AcDbLine
 10
773.92
 20
53.68
 30
0.0
 11
774.4
 21
54.04
 31
0.0
  0
LINE
  5
A77
330
17
100
AcDbEntity
  8
LINES
100
AcDbLine
 10
769.9599999999999
 20
49.599999999999994
 30
0.0
 11
771.16
 21
50.92
 31
0.0
  0
LINE
  5
A78
330
17
100
AcDbEntity
  8
LINES
100
AcDbLine
 10
775.24
 20
54.879999999999995
 30
0.0
 11
775.8399999999999
 21
55.480000000000004
 31
0.0
  0
LINE
  5
A79
330
17
100
AcDbEntity
  8
LINES
100
AcDbLine
 10
768.76
 20
48.4
 30
0.0
 11
769.36
 21
49.120000000000005
 31
0.0
  0
LINE
  5
A7A
330
17
100
AcDbEntity
  8
LINES
100
AcDbLine
 10
770.1999999999999
 20
50.2
 30
0.0
 11
770.92
 21
50.92
 31
0.0
  0
LINE
  5
A7B
330
17
100
AcDbEntity
  8
LINES
100
AcDbLine
 10
773.8
 20
53.8
 30
0.0
 11
774.28
 21
54.28
 31
0.0
  0
LINE
  5
A7C
330
17
100
AcDbEntity
  8
LINES
100
AcDbLine
 10
769.8399999999999
 20
49.84
 30
0.0
 11
770.0799999999999
 21
50.08
 31
0.0
  0
LINE
  5
A7D
330
17
100
AcDbEntity
  8
LINES
100
AcDbLine
 10
775.0
 20
55.0
 30
0.0
 11
775.36
 21
55.36
 31
0.0
  0
LINE
  5
A7E
330
17
100
AcDbEntity
  8
LINES
100
AcDbLine
 10
768.76
 20
48.76
 30
0.0
 11
769.36
 21
49.36
 31
0.0
  0
LINE
  5
A7F
330
17
100
AcDbEntity
  8
LINES
100
AcDbLine
 10
770.1999999999999
 20
50.56
 30
0.0
 11
770.56
 21
50.92
 31
0.0
  0
LINE
  5
A80
330
17
100
AcDbEntity
  8
LINES
100
AcDbLine
 10
773.8
 20
54.16
 30
0.0
 11
774.4
 21
54.76
 31
0.0
  0
LINE
  5
A81
330
17
100
AcDbEntity
  8
LINES
100
AcDbLine
 10
768.76
 20
49.120000000000005
 30
0.0
 11
769.36
 21
49.599999999999994
 31
0.0
  0
LINE
  5
A82
330
17
100
AcDbEntity
  8
LINES
100
AcDbLine
 10
774.76
 20
55.12
 30
0.0
 11
775.12
 21
55.480000000000004
 31
0.0
  0
LINE
  5
A83
330
17
100
AcDbEntity
  8
LINES
100
AcDbLine
 10
767.4399999999999
 20
47.8
 30
0.0
 11
767.92
 21
48.16
 31
0.0
  0
LINE
  5
A84
330
17
100
AcDbEntity
  8
LINES
100
AcDbLine
 10
772.48
 20
53.2
 30
0.0
 11
773.0799999999999
 21
53.8
 31
0.0
  0
LINE
  5
A85
330
17
100
AcDbEntity
  8
LINES
100
AcDbLine
 10
768.76
 20
49.36
 30
0.0
 11
769.12
 21
49.84
 31
0.0
  0
LINE
  5
A86
330
17
100
AcDbEntity
  8
LINES
100
AcDbLine
 10
773.8
 20
54.4
 30
0.0
 11
774.88
 21
55.480000000000004
 31
0.0
  0
LINE
  5
A87
330
17
100
AcDbEntity
  8
LINES
100
AcDbLine
 10
767.3199999999999
 20
47.92
 30
0.0
 11
767.92
 21
48.519999999999996
 31
0.0
  0
LINE
  5
A88
330
17
100
AcDbEntity
  8
LINES
100
AcDbLine
 10
772.12
 20
53.2
 30
0.0
 11
772.8399999999999
 21
53.92
 31
0.0
  0
LINE
  5
A89
330
17
100
AcDbEntity
  8
LINES
100
AcDbLine
 10
768.64
 20
49.599999999999994
 30
0.0
 11
769.0
 21
49.96
 31
0.0
  0
LINE
  5
A8A
330
17
100
AcDbEntity
  8
LINES
100
AcDbLine
 10
773.8
 20
54.76
 30
0.0
 11
774.52
 21
55.480000000000004
 31
0.0
  0
LINE
  5
A8B
330
17
100
AcDbEntity
  8
LINES
100
AcDbLine
 10
767.1999999999999
 20
48.28
 30
0.0
 11
767.92
 21
48.879999999999995
 31
0.0
  0
LINE
  5
A8C
330
17
100
AcDbEntity
  8
LINES
100
AcDbLine
 10
768.28
 20
49.599999999999994
 30
0.0
 11
768.76
 21
50.08
 31
0.0
  0
LINE
  5
A8D
330
17
100
AcDbEntity
  8
LINES
100
AcDbLine
 10
771.88
 20
53.2
 30
0.0
 11
772.36
 21
53.68
 31
0.0
  0
LINE
  5
A8E
330
17
100
AcDbEntity
  8
LINES
100
AcDbLine
 10
767.1999999999999
 20
48.519999999999996
 30
0.0
 11
767.92
 21
49.239999999999995
 31
0.0
  0
LINE
  5
A8F
330
17
100
AcDbEntity
  8
LINES
100
AcDbLine
 10
772.9599999999999
 20
54.28
 30
0.0
 11
773.1999999999999
 21
54.519999999999996
 31
0.0
  0
LINE
  5
A90
330
17
100
AcDbEntity
  8
LINES
100
AcDbLine
 10
766.48
 20
47.8
 30
0.0
 11
766.6
 21
47.92
 31
0.0
  0
LINE
  5
A91
330
17
100
AcDbEntity
  8
LINES
100
AcDbLine
 10
771.64
 20
53.32
 30
0.0
 11
772.0
 21
53.68
 31
0.0
  0
LINE
  5
A92
330
17
100
AcDbEntity
  8
LINES
100
AcDbLine
 10
767.1999999999999
 20
48.879999999999995
 30
0.0
 11
768.4
 21
49.96
 31
0.0
  0
LINE
  5
A93
330
17
100
AcDbEntity
  8
LINES
100
AcDbLine
 10
772.6
 20
54.28
 30
0.0
 11
773.1999999999999
 21
54.879999999999995
 31
0.0
  0
LINE
  5
A94
330
17
100
AcDbEntity
  8
LINES
100
AcDbLine
 10
766.12
 20
47.8
 30
0.0
 11
766.6
 21
48.28
 31
0.0
  0
LINE
  5
A95
330
17
100
AcDbEntity
  8
LINES
100
AcDbLine
 10
771.52
 20
53.44
 30
0.0
 11
771.88
 21
53.8
 31
0.0
  0
LINE
  5
A96
330
17
100
AcDbEntity
  8
LINES
100
AcDbLine
 10
772.24
 20
54.28
 30
0.0
 11
772.6
 21
54.519999999999996
 31
0.0
  0
LINE
  5
A97
330
17
100
AcDbEntity
  8
LINES
100
AcDbLine
 10
767.1999999999999
 20
49.239999999999995
 30
0.0
 11
767.92
 21
49.84
 31
0.0
  0
LINE
  5
A98
330
17
100
AcDbEntity
  8
LINES
100
AcDbLine
 10
772.72
 20
54.76
 30
0.0
 11
773.0799999999999
 21
55.12
 31
0.0
  0
LINE
  5
A99
330
17
100
AcDbEntity
  8
LINES
100
AcDbLine
 10
766.0
 20
47.92
 30
0.0
 11
766.6
 21
48.519999999999996
 31
0.0
  0
LINE
  5
A9A
330
17
100
AcDbEntity
  8
LINES
100
AcDbLine
 10
771.4
 20
53.68
 30
0.0
 11
771.76
 21
54.04
 31
0.0
  0
LINE
  5
A9B
330
17
100
AcDbEntity
  8
LINES
100
AcDbLine
 10
771.88
 20
54.16
 30
0.0
 11
772.24
 21
54.519999999999996
 31
0.0
  0
LINE
  5
A9C
330
17
100
AcDbEntity
  8
LINES
100
AcDbLine
 10
767.1999999999999
 20
49.599999999999994
 30
0.0
 11
767.68
 21
49.96
 31
0.0
  0
LINE
  5
A9D
330
17
100
AcDbEntity
  8
LINES
100
AcDbLine
 10
772.6
 20
54.879999999999995
 30
0.0
 11
772.9599999999999
 21
55.239999999999995
 31
0.0
  0
LINE
  5
A9E
330
17
100
AcDbEntity
  8
LINES
100
AcDbLine
 10
766.0
 20
48.28
 30
0.0
 11
766.6
 21
48.879999999999995
 31
0.0
  0
LINE
  5
A9F
330
17
100
AcDbEntity
  8
LINES
100
AcDbLine
 10
771.28
 20
53.92
 30
0.0
 11
771.88
 21
54.519999999999996
 31
0.0
  0
LINE
  5
AA0
330
17
100
AcDbEntity
  8
LINES
100
AcDbLine
 10
767.3199999999999
 20
49.96
 30
0.0
 11
767.4399999999999
 21
49.96
 31
0.0
  0
LINE
  5
AA1
330
17
100
AcDbEntity
  8
LINES
100
AcDbLine
 10
772.48
 20
55.12
 30
0.0
 11
772.72
 21
55.36
 31
0.0
  0
LINE
  5
AA2
330
17
100
AcDbEntity
  8
LINES
100
AcDbLine
 10
766.0
 20
48.64
 30
0.0
 11
766.6
 21
49.239999999999995
 31
0.0
  0
LINE
  5
AA3
330
17
100
AcDbEntity
  8
LINES
100
AcDbLine
 10
771.16
 20
54.16
 30
0.0
 11
771.76
 21
54.76
 31
0.0
  0
LINE
  5
AA4
330
17
100
AcDbEntity
  8
LINES
100
AcDbLine
 10
772.24
 20
55.12
 30
0.0
 11
772.48
 21
55.480000000000004
 31
0.0
  0
LINE
  5
AA5
330
17
100
AcDbEntity
  8
LINES
100
AcDbLine
 10
766.0
 20
48.879999999999995
 30
0.0
 11
766.6
 21
49.480000000000004
 31
0.0
  0
LINE
  5
AA6
330
17
100
AcDbEntity
  8
LINES
100
AcDbLine
 10
771.16
 20
54.519999999999996
 30
0.0
 11
772.24
 21
55.480000000000004
 31
0.0
  0
LINE
  5
AA7
330
17
100
AcDbEntity
  8
LINES
100
AcDbLine
 10
766.0
 20
49.239999999999995
 30
0.0
 11
766.6
 21
49.84
 31
0.0
  0
LINE
  5
AA8
330
17
100
AcDbEntity
  8
LINES
100
AcDbLine
 10
771.28
 20
54.879999999999995
 30
0.0
 11
771.88
 21
55.480000000000004
 31
0.0
  0
LINE
  5
AA9
330
17
100
AcDbEntity
  8
LINES
100
AcDbLine
 10
766.0
 20
49.599999999999994
 30
0.0
 11
766.6
 21
50.2
 31
0.0
  0
LINE
  5
AAA
330
17
100
AcDbEntity
  8
LINES
100
AcDbLine
 10
766.0
 20
49.96
 30
0.0
 11
766.6
 21
50.44
 31
0.0
  0
LINE
  5
AAB
330
17
100
AcDbEntity
  8
LINES
100
AcDbLine
 10
766.0
 20
50.2
 30
0.0
 11
766.48
 21
50.8
 31
0.0
  0
LINE
  5
AAC
330
17
100
AcDbEntity
  8
LINES
100
AcDbLine
 10
766.0
 20
50.56
 30
0.0
 11
766.36
 21
50.92
 31
0.0
  0
LINE
  5
AAD
330
17
100
AcDbEntity
  8
LINES
100
AcDbLine
 10
775.0
 20
47.8
 30
0.0
 11
775.24
 21
48.04
 31
0.0
  0
LINE
  5
AAE
330
17
100
AcDbEntity
  8
LINES
100
AcDbLine
 10
774.76
 20
47.8
 30
0.0
 11
775.24
 21
48.28
 31
0.0
  0
LINE
  5
AAF
330
17
100
AcDbEntity
  8
LINES
100
AcDbLine
 10
774.28
 20
47.8
 30
0.0
 11
775.24
 21
48.64
 31
0.0
  0
LINE
  5
AB0
330
17
100
AcDbEntity
  8
LINES
100
AcDbLine
 10
774.52
 20
48.28
 30
0.0
 11
775.24
 21
49.0
 31
0.0
  0
LINE
  5
AB1
330
17
100
AcDbEntity
  8
LINES
100
AcDbLine
 10
773.92
 20
47.68
 30
0.0
 11
774.4
 21
48.16
 31
0.0
  0
LINE
  5
AB2
330
17
100
AcDbEntity
  8
LINES
100
AcDbLine
 10
774.64
 20
48.64
 30
0.0
 11
775.12
 21
49.239999999999995
 31
0.0
  0
LINE
  5
AB3
330
17
100
AcDbEntity
  8
LINES
100
AcDbLine
 10
773.68
 20
47.8
 30
0.0
 11
774.04
 21
48.04
 31
0.0
  0
LINE
  5
AB4
330
17
100
AcDbEntity
  8
LINES
100
AcDbLine
 10
774.28
 20
48.64
 30
0.0
 11
775.12
 21
49.480000000000004
 31
0.0
  0
LINE
  5
AB5
330
17
100
AcDbEntity
  8
LINES
100
AcDbLine
 10
773.4399999999999
 20
47.92
 30
0.0
 11
773.8
 21
48.16
 31
0.0
  0
LINE
  5
AB6
330
17
100
AcDbEntity
  8
LINES
100
AcDbLine
 10
774.64
 20
49.36
 30
0.0
 11
775.12
 21
49.84
 31
0.0
  0
LINE
  5
AB7
330
17
100
AcDbEntity
  8
LINES
100
AcDbLine
 10
773.3199999999999
 20
48.04
 30
0.0
 11
774.4
 21
49.120000000000005
 31
0.0
  0
LINE
  5
AB8
330
17
100
AcDbEntity
  8
LINES
100
AcDbLine
 10
774.52
 20
49.599999999999994
 30
0.0
 11
774.88
 21
49.96
 31
0.0
  0
LINE
  5
AB9
330
17
100
AcDbEntity
  8
LINES
100
AcDbLine
 10
773.3199999999999
 20
48.28
 30
0.0
 11
773.92
 21
49.0
 31
0.0
  0
LINE
  5
ABA
330
17
100
AcDbEntity
  8
LINES
100
AcDbLine
 10
774.28
 20
49.599999999999994
 30
0.0
 11
774.64
 21
50.08
 31
0.0
  0
LINE
  5
ABB
330
17
100
AcDbEntity
  8
LINES
100
AcDbLine
 10
773.68
 20
49.480000000000004
 30
0.0
 11
774.28
 21
50.08
 31
0.0
  0
LINE
  5
ABC
330
17
100
AcDbEntity
  8
LINES
100
AcDbLine
 10
773.4399999999999
 20
49.480000000000004
 30
0.0
 11
773.92
 21
50.08
 31
0.0
  0
LINE
  5
ABD
330
17
100
AcDbEntity
  8
LINES
100
AcDbLine
 10
768.04
 20
53.68
 30
0.0
 11
768.04
 21
54.28
 31
0.0
  0
LINE
  5
ABE
330
17
100
AcDbEntity
  8
LINES
100
AcDbLine
 10
770.3199999999999
 20
53.32
 30
0.0
 11
770.68
 21
53.68
 31
0.0
  0
LINE
  5
ABF
330
17
100
AcDbEntity
  8
LINES
100
AcDbLine
 10
770.1999999999999
 20
53.56
 30
0.0
 11
770.68
 21
54.04
 31
0.0
  0
LINE
  5
AC0
330
17
100
AcDbEntity
  8
LINES
100
AcDbLine
 10
770.0799999999999
 20
53.8
 30
0.0
 11
770.68
 21
54.4
 31
0.0
  0
LINE
  5
AC1
330
17
100
AcDbEntity
  8
LINES
100
AcDbLine
 10
770.0799999999999
 20
54.16
 30
0.0
 11
770.68
 21
54.76
 31
0.0
  0
LINE
  5
AC2
330
17
100
AcDbEntity
  8
LINES
100
AcDbLine
 10
769.24
 20
53.32
 30
0.0
 11
769.48
 21
53.44
 31
0.0
  0
LINE
  5
AC3
330
17
100
AcDbEntity
  8
LINES
100
AcDbLine
 10
770.0799999999999
 20
54.4
 30
0.0
 11
770.68
 21
55.0
 31
0.0
  0
LINE
  5
AC4
330
17
100
AcDbEntity
  8
LINES
100
AcDbLine
 10
769.0
 20
53.32
 30
0.0
 11
769.6
 21
53.92
 31
0.0
  0
LINE
  5
AC5
330
17
100
AcDbEntity
  8
LINES
100
AcDbLine
 10
770.0799999999999
 20
54.76
 30
0.0
 11
770.68
 21
55.36
 31
0.0
  0
LINE
  5
AC6
330
17
100
AcDbEntity
  8
LINES
100
AcDbLine
 10
768.76
 20
53.44
 30
0.0
 11
769.72
 21
54.4
 31
0.0
  0
LINE
  5
AC7
330
17
100
AcDbEntity
  8
LINES
100
AcDbLine
 10
770.0799999999999
 20
55.0
 30
0.0
 11
770.68
 21
55.72
 31
0.0
  0
LINE
  5
AC8
330
17
100
AcDbEntity
  8
LINES
100
AcDbLine
 10
768.76
 20
53.68
 30
0.0
 11
769.8399999999999
 21
54.76
 31
0.0
  0
LINE
  5
AC9
330
17
100
AcDbEntity
  8
LINES
100
AcDbLine
 10
769.24
 20
54.519999999999996
 30
0.0
 11
769.9599999999999
 21
55.239999999999995
 31
0.0
  0
LINE
  5
ACA
330
17
100
AcDbEntity
  8
LINES
100
AcDbLine
 10
769.9599999999999
 20
55.36
 30
0.0
 11
770.68
 21
56.08
 31
0.0
  0
LINE
  5
ACB
330
17
100
AcDbEntity
  8
LINES
100
AcDbLine
 10
768.64
 20
53.92
 30
0.0
 11
769.12
 21
54.4
 31
0.0
  0
LINE
  5
ACC
330
17
100
AcDbEntity
  8
LINES
100
AcDbLine
 10
768.52
 20
54.16
 30
0.0
 11
769.0
 21
54.64
 31
0.0
  0
LINE
  5
ACD
330
17
100
AcDbEntity
  8
LINES
100
AcDbLine
 10
769.36
 20
55.0
 30
0.0
 11
770.68
 21
56.32
 31
0.0
  0
LINE
  5
ACE
330
17
100
AcDbEntity
  8
LINES
100
AcDbLine
 10
767.68
 20
53.32
 30
0.0
 11
768.04
 21
53.68
 31
0.0
  0
LINE
  5
ACF
330
17
100
AcDbEntity
  8
LINES
100
AcDbLine
 10
768.52
 20
54.519999999999996
 30
0.0
 11
768.88
 21
54.879999999999995
 31
0.0
  0
LINE
  5
AD0
330
17
100
AcDbEntity
  8
LINES
100
AcDbLine
 10
769.48
 20
55.480000000000004
 30
0.0
 11
770.4399999999999
 21
56.44
 31
0.0
  0
LINE
  5
AD1
330
17
100
AcDbEntity
  8
LINES
100
AcDbLine
 10
767.56
 20
53.56
 30
0.0
 11
768.04
 21
54.04
 31
0.0
  0
LINE
  5
AD2
330
17
100
AcDbEntity
  8
LINES
100
AcDbLine
 10
768.4
 20
54.76
 30
0.0
 11
768.88
 21
55.12
 31
0.0
  0
LINE
  5
AD3
330
17
100
AcDbEntity
  8
LINES
100
AcDbLine
 10
769.6
 20
55.96
 30
0.0
 11
770.0799999999999
 21
56.32
 31
0.0
  0
LINE
  5
AD4
330
17
100
AcDbEntity
  8
LINES
100
AcDbLine
 10
767.56
 20
53.8
 30
0.0
 11
768.16
 21
54.4
 31
0.0
  0
LINE
  5
AD5
330
17
100
AcDbEntity
  8
LINES
100
AcDbLine
 10
768.4
 20
55.0
 30
0.0
 11
768.76
 21
55.36
 31
0.0
  0
LINE
  5
AD6
330
17
100
AcDbEntity
  8
LINES
100
AcDbLine
 10
767.56
 20
54.16
 30
0.0
 11
768.16
 21
54.76
 31
0.0
  0
LINE
  5
AD7
330
17
100
AcDbEntity
  8
LINES
100
AcDbLine
 10
768.28
 20
55.239999999999995
 30
0.0
 11
768.64
 21
55.599999999999994
 31
0.0
  0
LINE
  5
AD8
330
17
100
AcDbEntity
  8
LINES
100
AcDbLine
 10
767.56
 20
54.519999999999996
 30
0.0
 11
768.16
 21
55.12
 31
0.0
  0
LINE
  5
AD9
330
17
100
AcDbEntity
  8
LINES
100
AcDbLine
 10
767.56
 20
54.76
 30
0.0
 11
768.64
 21
55.96
 31
0.0
  0
LINE
  5
ADA
330
17
100
AcDbEntity
  8
LINES
100
AcDbLine
 10
767.56
 20
55.12
 30
0.0
 11
768.52
 21
56.08
 31
0.0
  0
LINE
  5
ADB
330
17
100
AcDbEntity
  8
LINES
100
AcDbLine
 10
767.56
 20
55.480000000000004
 30
0.0
 11
768.4
 21
56.32
 31
0.0
  0
LINE
  5
ADC
330
17
100
AcDbEntity
  8
LINES
100
AcDbLine
 10
767.56
 20
55.84
 30
0.0
 11
768.16
 21
56.44
 31
0.0
  0
LINE
  5
ADD
330
17
100
AcDbEntity
  8
LINES
100
AcDbLine
 10
767.56
 20
56.08
 30
0.0
 11
767.8
 21
56.44
 31
0.0
  0
LINE
  5
ADE
330
17
100
AcDbEntity
  8
LINES
100
AcDbLine
 10
735.52
 20
64.0
 30
0.0
 11
735.52
 21
66.88
 31
0.0
  0
LINE
  5
ADF
330
17
100
AcDbEntity
  8
LINES
100
AcDbLine
 10
733.36
 20
65.32
 30
0.0
 11
735.52
 21
65.32
 31
0.0
  0
LINE
  5
AE0
330
17
100
AcDbEntity
  8
LINES
100
AcDbLine
 10
739.6
 20
69.03999999999999
 30
0.0
 11
741.76
 21
69.03999999999999
 31
0.0
  0
LINE
  5
AE1
330
17
100
AcDbEntity
  8
LINES
100
AcDbLine
 10
739.6
 20
61.480000000000004
 30
0.0
 11
741.76
 21
61.480000000000004
 31
0.0
  0
LINE
  5
AE2
330
17
100
AcDbEntity
  8
LINES
100
AcDbLine
 10
743.0799999999999
 20
69.03999999999999
 30
0.0
 11
745.6
 21
69.03999999999999
 31
0.0
  0
LINE
  5
AE3
330
17
100
AcDbEntity
  8
LINES
100
AcDbLine
 10
748.36
 20
72.88
 30
0.0
 11
753.4
 21
78.16
 31
0.0
  0
LINE
  5
AE4
330
17
100
AcDbEntity
  8
LINES
100
AcDbLine
 10
745.9599999999999
 20
72.88
 30
0.0
 11
752.1999999999999
 21
79.6
 31
0.0
  0
LINE
  5
AE5
330
17
100
AcDbEntity
  8
LINES
100
AcDbLine
 10
744.16
 20
72.88
 30
0.0
 11
751.24
 21
80.19999999999999
 31
0.0
  0
LINE
  5
AE6
330
17
100
AcDbEntity
  8
LINES
100
AcDbLine
 10
742.48
 20
72.88
 30
0.0
 11
750.64
 21
80.44
 31
0.0
  0
LINE
  5
AE7
330
17
100
AcDbEntity
  8
LINES
100
AcDbLine
 10
741.4
 20
72.88
 30
0.0
 11
749.0799999999999
 21
80.44
 31
0.0
  0
LINE
  5
AE8
330
17
100
AcDbEntity
  8
LINES
100
AcDbLine
 10
740.3199999999999
 20
72.88
 30
0.0
 11
748.48
 21
80.56
 31
0.0
  0
LINE
  5
AE9
330
17
100
AcDbEntity
  8
LINES
100
AcDbLine
 10
739.6
 20
72.88
 30
0.0
 11
746.8
 21
80.68
 31
0.0
  0
LINE
  5
AEA
330
17
100
AcDbEntity
  8
LINES
100
AcDbLine
 10
738.16
 20
72.88
 30
0.0
 11
746.1999999999999
 21
80.56
 31
0.0
  0
LINE
  5
AEB
330
17
100
AcDbEntity
  8
LINES
100
AcDbLine
 10
737.4399999999999
 20
72.88
 30
0.0
 11
745.24
 21
80.44
 31
0.0
  0
LINE
  5
AEC
330
17
100
AcDbEntity
  8
LINES
100
AcDbLine
 10
736.6
 20
72.88
 30
0.0
 11
744.04
 21
80.32
 31
0.0
  0
LINE
  5
AED
330
17
100
AcDbEntity
  8
LINES
100
AcDbLine
 10
734.1999999999999
 20
72.88
 30
0.0
 11
740.92
 21
79.47999999999999
 31
0.0
  0
LINE
  5
AEE
330
17
100
AcDbEntity
  8
LINES
100
AcDbLine
 10
730.9599999999999
 20
72.88
 30
0.0
 11
735.52
 21
77.68
 31
0.0
  0
LINE
  5
AEF
330
17
100
AcDbEntity
  8
LINES
100
AcDbLine
 10
751.24
 20
55.84
 30
0.0
 11
752.8
 21
57.04
 31
0.0
  0
LINE
  5
AF0
330
17
100
AcDbEntity
  8
LINES
100
AcDbLine
 10
730.9599999999999
 20
72.88
 30
0.0
 11
734.56
 21
77.68
 31
0.0
  0
LINE
  5
AF1
330
17
100
AcDbEntity
  8
LINES
100
AcDbLine
 10
750.64
 20
55.84
 30
0.0
 11
752.8
 21
57.04
 31
0.0
  0
LINE
  5
AF2
330
17
100
AcDbEntity
  8
LINES
100
AcDbLine
 10
729.88
 20
72.88
 30
0.0
 11
733.6
 21
76.96000000000001
 31
0.0
  0
LINE
  5
AF3
330
17
100
AcDbEntity
  8
LINES
100
AcDbLine
 10
749.68
 20
54.28
 30
0.0
 11
751.8399999999999
 21
57.04
 31
0.0
  0
LINE
  5
AF4
330
17
100
AcDbEntity
  8
LINES
100
AcDbLine
 10
729.04
 20
72.88
 30
0.0
 11
732.4
 21
76.12
 31
0.0
  0
LINE
  5
AF5
330
17
100
AcDbEntity
  8
LINES
100
AcDbLine
 10
748.48
 20
54.28
 30
0.0
 11
751.8399999999999
 21
57.04
 31
0.0
  0
LINE
  5
AF6
330
17
100
AcDbEntity
  8
LINES
100
AcDbLine
 10
726.4
 20
51.4
 30
0.0
 11
732.4
 21
57.04
 31
0.0
  0
LINE
  5
AF7
330
17
100
AcDbEntity
  8
LINES
100
AcDbLine
 10
727.6
 20
50.44
 30
0.0
 11
734.1999999999999
 21
57.04
 31
0.0
  0
LINE
  5
AF8
330
17
100
AcDbEntity
  8
LINES
100
AcDbLine
 10
728.56
 20
49.84
 30
0.0
 11
735.52
 21
57.04
 31
0.0
  0
LINE
  5
AF9
330
17
100
AcDbEntity
  8
LINES
100
AcDbLine
 10
729.28
 20
49.599999999999994
 30
0.0
 11
737.3199999999999
 21
57.04
 31
0.0
  0
LINE
  5
AFA
330
17
100
AcDbEntity
  8
LINES
100
AcDbLine
 10
730.8399999999999
 20
49.480000000000004
 30
0.0
 11
738.4
 21
57.04
 31
0.0
  0
LINE
  5
AFB
330
17
100
AcDbEntity
  8
LINES
100
AcDbLine
 10
731.4399999999999
 20
49.239999999999995
 30
0.0
 11
739.6
 21
57.04
 31
0.0
  0
LINE
  5
AFC
330
17
100
AcDbEntity
  8
LINES
100
AcDbLine
 10
733.0
 20
49.239999999999995
 30
0.0
 11
740.1999999999999
 21
57.04
 31
0.0
  0
LINE
  5
AFD
330
17
100
AcDbEntity
  8
LINES
100
AcDbLine
 10
733.6
 20
49.36
 30
0.0
 11
741.64
 21
57.04
 31
0.0
  0
LINE
  5
AFE
330
17
100
AcDbEntity
  8
LINES
100
AcDbLine
 10
734.56
 20
49.480000000000004
 30
0.0
 11
742.48
 21
57.04
 31
0.0
  0
LINE
  5
AFF
330
17
100
AcDbEntity
  8
LINES
100
AcDbLine
 10
735.88
 20
49.480000000000004
 30
0.0
 11
743.4399999999999
 21
57.04
 31
0.0
  0
LINE
  5
B00
330
17
100
AcDbEntity
  8
LINES
100
AcDbLine
 10
739.0
 20
50.44
 30
0.0
 11
745.6
 21
57.04
 31
0.0
  0
LINE
  5
B01
330
17
100
AcDbEntity
  8
LINES
100
AcDbLine
 10
739.9599999999999
 20
50.56
 30
0.0
 11
746.4399999999999
 21
57.04
 31
0.0
  0
LINE
  5
B02
330
17
100
AcDbEntity
  8
LINES
100
AcDbLine
 10
743.0799999999999
 20
51.76
 30
0.0
 11
748.72
 21
57.04
 31
0.0
  0
LINE
  5
B03
330
17
100
AcDbEntity
  8
LINES
100
AcDbLine
 10
727.12
 20
72.88
 30
0.0
 11
728.56
 21
73.96000000000001
 31
0.0
  0
LINE
  5
B04
330
17
100
AcDbEntity
  8
LINES
100
AcDbLine
 10
744.28
 20
51.76
 30
0.0
 11
748.72
 21
57.04
 31
0.0
  0
LINE
  5
B05
330
17
100
AcDbEntity
  8
LINES
100
AcDbLine
 10
727.12
 20
72.88
 30
0.0
 11
729.28
 21
73.96000000000001
 31
0.0
  0
LINE
  5
B06
330
17
100
AcDbEntity
  8
LINES
100
AcDbLine
 10
745.24
 20
52.72
 30
0.0
 11
749.68
 21
57.04
 31
0.0
  0
LINE
  5
B07
330
17
100
AcDbEntity
  8
LINES
100
AcDbLine
 10
727.9599999999999
 20
72.88
 30
0.0
 11
730.8399999999999
 21
75.03999999999999
 31
0.0
  0
LINE
  5
B08
330
17
100
AcDbEntity
  8
LINES
100
AcDbLine
 10
746.1999999999999
 20
52.96
 30
0.0
 11
750.64
 21
57.04
 31
0.0
  0
LINE
  5
B09
330
17
100
AcDbEntity
  8
LINES
100
AcDbLine
 10
729.04
 20
72.88
 30
0.0
 11
731.4399999999999
 21
76.12
 31
0.0
  0
LINE
  5
B0A
330
17
100
AcDbEntity
  8
LINES
100
AcDbLine
 10
747.52
 20
52.96
 30
0.0
 11
750.64
 21
57.04
 31
0.0
  0
LINE
  5
B0B
330
17
100
AcDbEntity
  8
LINES
100
AcDbLine
 10
747.88
 20
51.16
 30
0.0
 11
753.16
 21
56.44
 31
0.0
  0
LINE
  5
B0C
330
17
100
AcDbEntity
  8
LINES
100
AcDbLine
 10
745.6
 20
50.44
 30
0.0
 11
752.8
 21
57.04
 31
0.0
  0
LINE
  5
B0D
330
17
100
AcDbEntity
  8
LINES
100
AcDbLine
 10
744.64
 20
49.84
 30
0.0
 11
751.24
 21
57.04
 31
0.0
  0
LINE
  5
B0E
330
17
100
AcDbEntity
  8
LINES
100
AcDbLine
 10
743.0799999999999
 20
49.480000000000004
 30
0.0
 11
750.64
 21
57.04
 31
0.0
  0
LINE
  5
B0F
330
17
100
AcDbEntity
  8
LINES
100
AcDbLine
 10
742.0
 20
49.36
 30
0.0
 11
749.68
 21
57.04
 31
0.0
  0
LINE
  5
B10
330
17
100
AcDbEntity
  8
LINES
100
AcDbLine
 10
740.1999999999999
 20
49.239999999999995
 30
0.0
 11
748.48
 21
57.04
 31
0.0
  0
LINE
  5
B11
330
17
100
AcDbEntity
  8
LINES
100
AcDbLine
 10
739.6
 20
49.239999999999995
 30
0.0
 11
747.52
 21
57.04
 31
0.0
  0
LINE
  5
B12
330
17
100
AcDbEntity
  8
LINES
100
AcDbLine
 10
738.88
 20
49.36
 30
0.0
 11
746.1999999999999
 21
57.04
 31
0.0
  0
LINE
  5
B13
330
17
100
AcDbEntity
  8
LINES
100
AcDbLine
 10
737.68
 20
49.480000000000004
 30
0.0
 11
745.24
 21
57.04
 31
0.0
  0
LINE
  5
B14
330
17
100
AcDbEntity
  8
LINES
100
AcDbLine
 10
736.8399999999999
 20
49.599999999999994
 30
0.0
 11
744.28
 21
57.04
 31
0.0
  0
LINE
  5
B15
330
17
100
AcDbEntity
  8
LINES
100
AcDbLine
 10
736.0
 20
49.72
 30
0.0
 11
743.0799999999999
 21
57.04
 31
0.0
  0
LINE
  5
B16
330
17
100
AcDbEntity
  8
LINES
100
AcDbLine
 10
735.16
 20
49.84
 30
0.0
 11
742.12
 21
57.04
 31
0.0
  0
LINE
  5
B17
330
17
100
AcDbEntity
  8
LINES
100
AcDbLine
 10
734.1999999999999
 20
50.44
 30
0.0
 11
741.16
 21
57.04
 31
0.0
  0
LINE
  5
B18
330
17
100
AcDbEntity
  8
LINES
100
AcDbLine
 10
751.8399999999999
 20
72.88
 30
0.0
 11
752.68
 21
73.96000000000001
 31
0.0
  0
LINE
  5
B19
330
17
100
AcDbEntity
  8
LINES
100
AcDbLine
 10
730.9599999999999
 20
52.12
 30
0.0
 11
735.88
 21
57.04
 31
0.0
  0
LINE
  5
B1A
330
17
100
AcDbEntity
  8
LINES
100
AcDbLine
 10
750.64
 20
72.88
 30
0.0
 11
752.68
 21
73.96000000000001
 31
0.0
  0
LINE
  5
B1B
330
17
100
AcDbEntity
  8
LINES
100
AcDbLine
 10
730.8399999999999
 20
52.12
 30
0.0
 11
734.56
 21
57.04
 31
0.0
  0
LINE
  5
B1C
330
17
100
AcDbEntity
  8
LINES
100
AcDbLine
 10
749.68
 20
72.88
 30
0.0
 11
751.8399999999999
 21
75.03999999999999
 31
0.0
  0
LINE
  5
B1D
330
17
100
AcDbEntity
  8
LINES
100
AcDbLine
 10
729.88
 20
52.96
 30
0.0
 11
733.6
 21
57.04
 31
0.0
  0
LINE
  5
B1E
330
17
100
AcDbEntity
  8
LINES
100
AcDbLine
 10
726.76
 20
72.88
 30
0.0
 11
731.3199999999999
 21
78.03999999999999
 31
0.0
  0
LINE
  5
B1F
330
17
100
AcDbEntity
  8
LINES
100
AcDbLine
 10
727.6
 20
72.88
 30
0.0
 11
733.72
 21
79.24
 31
0.0
  0
LINE
  5
B20
330
17
100
AcDbEntity
  8
LINES
100
AcDbLine
 10
728.56
 20
72.88
 30
0.0
 11
735.28
 21
79.84
 31
0.0
  0
LINE
  5
B21
330
17
100
AcDbEntity
  8
LINES
100
AcDbLine
 10
729.88
 20
72.88
 30
0.0
 11
737.4399999999999
 21
80.44
 31
0.0
  0
LINE
  5
B22
330
17
100
AcDbEntity
  8
LINES
100
AcDbLine
 10
730.8399999999999
 20
72.88
 30
0.0
 11
738.52
 21
80.56
 31
0.0
  0
LINE
  5
B23
330
17
100
AcDbEntity
  8
LINES
100
AcDbLine
 10
732.04
 20
72.88
 30
0.0
 11
739.6
 21
80.68
 31
0.0
  0
LINE
  5
B24
330
17
100
AcDbEntity
  8
LINES
100
AcDbLine
 10
733.0
 20
72.88
 30
0.0
 11
740.68
 21
80.56
 31
0.0
  0
LINE
  5
B25
330
17
100
AcDbEntity
  8
LINES
100
AcDbLine
 10
733.6
 20
72.88
 30
0.0
 11
741.52
 21
80.44
 31
0.0
  0
LINE
  5
B26
330
17
100
AcDbEntity
  8
LINES
100
AcDbLine
 10
735.16
 20
72.88
 30
0.0
 11
742.48
 21
80.44
 31
0.0
  0
LINE
  5
B27
330
17
100
AcDbEntity
  8
LINES
100
AcDbLine
 10
735.88
 20
72.88
 30
0.0
 11
743.3199999999999
 21
80.32
 31
0.0
  0
LINE
  5
B28
330
17
100
AcDbEntity
  8
LINES
100
AcDbLine
 10
736.72
 20
72.88
 30
0.0
 11
744.28
 21
80.08
 31
0.0
  0
LINE
  5
B29
330
17
100
AcDbEntity
  8
LINES
100
AcDbLine
 10
740.1999999999999
 20
72.88
 30
0.0
 11
746.4399999999999
 21
79.36
 31
0.0
  0
LINE
  5
B2A
330
17
100
AcDbEntity
  8
LINES
100
AcDbLine
 10
741.16
 20
72.88
 30
0.0
 11
747.16
 21
78.88
 31
0.0
  0
LINE
  5
B2B
330
17
100
AcDbEntity
  8
LINES
100
AcDbLine
 10
742.12
 20
72.88
 30
0.0
 11
747.28
 21
78.88
 31
0.0
  0
LINE
  5
B2C
330
17
100
AcDbEntity
  8
LINES
100
AcDbLine
 10
743.4399999999999
 20
72.88
 30
0.0
 11
748.6
 21
78.03999999999999
 31
0.0
  0
LINE
  5
B2D
330
17
100
AcDbEntity
  8
LINES
100
AcDbLine
 10
726.76
 20
56.56
 30
0.0
 11
727.6
 21
57.04
 31
0.0
  0
LINE
  5
B2E
330
17
100
AcDbEntity
  8
LINES
100
AcDbLine
 10
744.28
 20
72.88
 30
0.0
 11
748.6
 21
78.03999999999999
 31
0.0
  0
LINE
  5
B2F
330
17
100
AcDbEntity
  8
LINES
100
AcDbLine
 10
727.24
 20
55.96
 30
0.0
 11
728.56
 21
57.04
 31
0.0
  0
LINE
  5
B30
330
17
100
AcDbEntity
  8
LINES
100
AcDbLine
 10
745.24
 20
72.88
 30
0.0
 11
749.68
 21
77.19999999999999
 31
0.0
  0
LINE
  5
B31
330
17
100
AcDbEntity
  8
LINES
100
AcDbLine
 10
727.24
 20
55.96
 30
0.0
 11
729.88
 21
57.04
 31
0.0
  0
LINE
  5
B32
330
17
100
AcDbEntity
  8
LINES
100
AcDbLine
 10
746.56
 20
72.88
 30
0.0
 11
750.4
 21
76.72
 31
0.0
  0
LINE
  5
B33
330
17
100
AcDbEntity
  8
LINES
100
AcDbLine
 10
728.1999999999999
 20
54.519999999999996
 30
0.0
 11
730.8399999999999
 21
57.04
 31
0.0
  0
LINE
  5
B34
330
17
100
AcDbEntity
  8
LINES
100
AcDbLine
 10
747.52
 20
72.88
 30
0.0
 11
750.4
 21
76.72
 31
0.0
  0
LINE
  5
B35
330
17
100
AcDbEntity
  8
LINES
100
AcDbLine
 10
728.3199999999999
 20
54.519999999999996
 30
0.0
 11
731.4399999999999
 21
57.04
 31
0.0
  0
LINE
  5
B36
330
17
100
AcDbEntity
  8
LINES
100
AcDbLine
 10
748.48
 20
72.88
 30
0.0
 11
751.12
 21
75.88
 31
0.0
  0
LINE
  5
B37
330
17
100
AcDbEntity
  8
LINES
100
AcDbLine
 10
729.88
 20
52.96
 30
0.0
 11
733.0
 21
57.04
 31
0.0
  0
LINE
  5
B38
330
17
100
AcDbEntity
  8
LINES
100
AcDbLine
 10
726.4
 20
57.04
 30
0.0
 11
753.4
 21
57.04
 31
0.0
  0
LINE
  5
B39
330
17
100
AcDbEntity
  8
LINES
100
AcDbLine
 10
726.4
 20
72.88
 30
0.0
 11
753.4
 21
72.88
 31
0.0
  0
LINE
  5
B3A
330
17
100
AcDbEntity
  8
LINES
100
AcDbLine
 10
725.4399999999999
 20
71.56
 30
0.0
 11
754.36
 21
71.56
 31
0.0
  0
LINE
  5
B3B
330
17
100
AcDbEntity
  8
LINES
100
AcDbLine
 10
725.92
 20
58.36
 30
0.0
 11
754.36
 21
58.36
 31
0.0
  0
LINE
  5
B3C
330
17
100
AcDbEntity
  8
LINES
100
AcDbLine
 10
690.64
 20
64.47999999999999
 30
0.0
 11
690.64
 21
67.96000000000001
 31
0.0
  0
LINE
  5
B3D
330
17
100
AcDbEntity
  8
LINES
100
AcDbLine
 10
690.64
 20
66.16
 30
0.0
 11
692.92
 21
66.16
 31
0.0
  0
LINE
  5
B3E
330
17
100
AcDbEntity
  8
LINES
100
AcDbLine
 10
692.92
 20
64.47999999999999
 30
0.0
 11
692.92
 21
67.96000000000001
 31
0.0
  0
LINE
  5
B3F
330
17
100
AcDbEntity
  8
LINES
100
AcDbLine
 10
694.72
 20
64.47999999999999
 30
0.0
 11
696.4
 21
66.16
 31
0.0
  0
LINE
  5
B40
330
17
100
AcDbEntity
  8
LINES
100
AcDbLine
 10
698.1999999999999
 20
64.47999999999999
 30
0.0
 11
700.0
 21
66.16
 31
0.0
  0
LINE
  5
B41
330
17
100
AcDbEntity
  8
LINES
100
AcDbLine
 10
694.72
 20
49.96
 30
0.0
 11
695.1999999999999
 21
49.96
 31
0.0
  0
LINE
  5
B42
330
17
100
AcDbEntity
  8
LINES
100
AcDbLine
 10
695.0799999999999
 20
49.599999999999994
 30
0.0
 11
695.3199999999999
 21
49.599999999999994
 31
0.0
  0
LINE
  5
B43
330
17
100
AcDbEntity
  8
LINES
100
AcDbLine
 10
695.3199999999999
 20
49.239999999999995
 30
0.0
 11
695.56
 21
49.239999999999995
 31
0.0
  0
LINE
  5
B44
330
17
100
AcDbEntity
  8
LINES
100
AcDbLine
 10
694.72
 20
49.96
 30
0.0
 11
695.1999999999999
 21
49.96
 31
0.0
  0
LINE
  5
B45
330
17
100
AcDbEntity
  8
LINES
100
AcDbLine
 10
695.0799999999999
 20
49.599999999999994
 30
0.0
 11
695.3199999999999
 21
49.599999999999994
 31
0.0
  0
LINE
  5
B46
330
17
100
AcDbEntity
  8
LINES
100
AcDbLine
 10
695.3199999999999
 20
49.239999999999995
 30
0.0
 11
695.56
 21
49.239999999999995
 31
0.0
  0
LINE
  5
B47
330
17
100
AcDbEntity
  8
LINES
100
AcDbLine
 10
694.72
 20
49.96
 30
0.0
 11
695.1999999999999
 21
49.96
 31
0.0
  0
LINE
  5
B48
330
17
100
AcDbEntity
  8
LINES
100
AcDbLine
 10
695.0799999999999
 20
49.599999999999994
 30
0.0
 11
695.3199999999999
 21
49.599999999999994
 31
0.0
  0
LINE
  5
B49
330
17
100
AcDbEntity
  8
LINES
100
AcDbLine
 10
695.3199999999999
 20
49.239999999999995
 30
0.0
 11
695.56
 21
49.239999999999995
 31
0.0
  0
LINE
  5
B4A
330
17
100
AcDbEntity
  8
LINES
100
AcDbLine
 10
694.72
 20
49.96
 30
0.0
 11
695.1999999999999
 21
49.96
 31
0.0
  0
LINE
  5
B4B
330
17
100
AcDbEntity
  8
LINES
100
AcDbLine
 10
695.0799999999999
 20
49.599999999999994
 30
0.0
 11
695.3199999999999
 21
49.599999999999994
 31
0.0
  0
LINE
  5
B4C
330
17
100
AcDbEntity
  8
LINES
100
AcDbLine
 10
695.3199999999999
 20
49.239999999999995
 30
0.0
 11
695.56
 21
49.239999999999995
 31
0.0
  0
LINE
  5
B4D
330
17
100
AcDbEntity
  8
LINES
100
AcDbLine
 10
693.28
 20
51.28
 30
0.0
 11
694.36
 21
51.28
 31
0.0
  0
LINE
  5
B4E
330
17
100
AcDbEntity
  8
LINES
100
AcDbLine
 10
693.88
 20
50.8
 30
0.0
 11
694.72
 21
50.8
 31
0.0
  0
LINE
  5
B4F
330
17
100
AcDbEntity
  8
LINES
100
AcDbLine
 10
694.36
 20
50.44
 30
0.0
 11
694.9599999999999
 21
50.44
 31
0.0
  0
LINE
  5
B50
330
17
100
AcDbEntity
  8
LINES
100
AcDbLine
 10
693.28
 20
51.28
 30
0.0
 11
694.36
 21
51.28
 31
0.0
  0
LINE
  5
B51
330
17
100
AcDbEntity
  8
LINES
100
AcDbLine
 10
693.88
 20
50.8
 30
0.0
 11
694.72
 21
50.8
 31
0.0
  0
LINE
  5
B52
330
17
100
AcDbEntity
  8
LINES
100
AcDbLine
 10
694.36
 20
50.44
 30
0.0
 11
694.9599999999999
 21
50.44
 31
0.0
  0
LINE
  5
B53
330
17
100
AcDbEntity
  8
LINES
100
AcDbLine
 10
693.28
 20
51.28
 30
0.0
 11
694.36
 21
51.28
 31
0.0
  0
LINE
  5
B54
330
17
100
AcDbEntity
  8
LINES
100
AcDbLine
 10
693.88
 20
50.8
 30
0.0
 11
694.72
 21
50.8
 31
0.0
  0
LINE
  5
B55
330
17
100
AcDbEntity
  8
LINES
100
AcDbLine
 10
694.36
 20
50.44
 30
0.0
 11
694.9599999999999
 21
50.44
 31
0.0
  0
LINE
  5
B56
330
17
100
AcDbEntity
  8
LINES
100
AcDbLine
 10
693.28
 20
51.28
 30
0.0
 11
694.36
 21
51.28
 31
0.0
  0
LINE
  5
B57
330
17
100
AcDbEntity
  8
LINES
100
AcDbLine
 10
693.88
 20
50.8
 30
0.0
 11
694.72
 21
50.8
 31
0.0
  0
LINE
  5
B58
330
17
100
AcDbEntity
  8
LINES
100
AcDbLine
 10
694.36
 20
50.44
 30
0.0
 11
694.9599999999999
 21
50.44
 31
0.0
  0
LINE
  5
B59
330
17
100
AcDbEntity
  8
LINES
100
AcDbLine
 10
685.9599999999999
 20
52.480000000000004
 30
0.0
 11
692.56
 21
52.480000000000004
 31
0.0
  0
LINE
  5
B5A
330
17
100
AcDbEntity
  8
LINES
100
AcDbLine
 10
686.0799999999999
 20
52.12
 30
0.0
 11
693.4
 21
52.12
 31
0.0
  0
LINE
  5
B5B
330
17
100
AcDbEntity
  8
LINES
100
AcDbLine
 10
691.9599999999999
 20
51.64
 30
0.0
 11
693.88
 21
51.64
 31
0.0
  0
LINE
  5
B5C
330
17
100
AcDbEntity
  8
LINES
100
AcDbLine
 10
685.9599999999999
 20
52.480000000000004
 30
0.0
 11
692.56
 21
52.480000000000004
 31
0.0
  0
LINE
  5
B5D
330
17
100
AcDbEntity
  8
LINES
100
AcDbLine
 10
686.0799999999999
 20
52.12
 30
0.0
 11
693.4
 21
52.12
 31
0.0
  0
LINE
  5
B5E
330
17
100
AcDbEntity
  8
LINES
100
AcDbLine
 10
691.9599999999999
 20
51.64
 30
0.0
 11
693.88
 21
51.64
 31
0.0
  0
LINE
  5
B5F
330
17
100
AcDbEntity
  8
LINES
100
AcDbLine
 10
685.9599999999999
 20
52.480000000000004
 30
0.0
 11
692.56
 21
52.480000000000004
 31
0.0
  0
LINE
  5
B60
330
17
100
AcDbEntity
  8
LINES
100
AcDbLine
 10
686.0799999999999
 20
52.12
 30
0.0
 11
693.4
 21
52.12
 31
0.0
  0
LINE
  5
B61
330
17
100
AcDbEntity
  8
LINES
100
AcDbLine
 10
691.9599999999999
 20
51.64
 30
0.0
 11
693.88
 21
51.64
 31
0.0
  0
LINE
  5
B62
330
17
100
AcDbEntity
  8
LINES
100
AcDbLine
 10
685.9599999999999
 20
52.480000000000004
 30
0.0
 11
692.56
 21
52.480000000000004
 31
0.0
  0
LINE
  5
B63
330
17
100
AcDbEntity
  8
LINES
100
AcDbLine
 10
686.0799999999999
 20
52.12
 30
0.0
 11
693.4
 21
52.12
 31
0.0
  0
LINE
  5
B64
330
17
100
AcDbEntity
  8
LINES
100
AcDbLine
 10
691.9599999999999
 20
51.64
 30
0.0
 11
693.88
 21
51.64
 31
0.0
  0
LINE
  5
B65
330
17
100
AcDbEntity
  8
LINES
100
AcDbLine
 10
685.0
 20
53.8
 30
0.0
 11
692.8
 21
53.8
 31
0.0
  0
LINE
  5
B66
330
17
100
AcDbEntity
  8
LINES
100
AcDbLine
 10
685.12
 20
53.32
 30
0.0
 11
693.52
 21
53.32
 31
0.0
  0
LINE
  5
B67
330
17
100
AcDbEntity
  8
LINES
100
AcDbLine
 10
692.68
 20
52.96
 30
0.0
 11
694.12
 21
52.96
 31
0.0
  0
LINE
  5
B68
330
17
100
AcDbEntity
  8
LINES
100
AcDbLine
 10
685.0
 20
53.8
 30
0.0
 11
692.8
 21
53.8
 31
0.0
  0
LINE
  5
B69
330
17
100
AcDbEntity
  8
LINES
100
AcDbLine
 10
685.12
 20
53.32
 30
0.0
 11
693.52
 21
53.32
 31
0.0
  0
LINE
  5
B6A
330
17
100
AcDbEntity
  8
LINES
100
AcDbLine
 10
692.68
 20
52.96
 30
0.0
 11
694.12
 21
52.96
 31
0.0
  0
LINE
  5
B6B
330
17
100
AcDbEntity
  8
LINES
100
AcDbLine
 10
685.0
 20
53.8
 30
0.0
 11
692.8
 21
53.8
 31
0.0
  0
LINE
  5
B6C
330
17
100
AcDbEntity
  8
LINES
100
AcDbLine
 10
685.12
 20
53.32
 30
0.0
 11
693.52
 21
53.32
 31
0.0
  0
LINE
  5
B6D
330
17
100
AcDbEntity
  8
LINES
100
AcDbLine
 10
692.68
 20
52.96
 30
0.0
 11
694.12
 21
52.96
 31
0.0
  0
LINE
  5
B6E
330
17
100
AcDbEntity
  8
LINES
100
AcDbLine
 10
685.0
 20
53.8
 30
0.0
 11
692.8
 21
53.8
 31
0.0
  0
LINE
  5
B6F
330
17
100
AcDbEntity
  8
LINES
100
AcDbLine
 10
685.12
 20
53.32
 30
0.0
 11
693.52
 21
53.32
 31
0.0
  0
LINE
  5
B70
330
17
100
AcDbEntity
  8
LINES
100
AcDbLine
 10
692.68
 20
52.96
 30
0.0
 11
694.12
 21
52.96
 31
0.0
  0
LINE
  5
B71
330
17
100
AcDbEntity
  8
LINES
100
AcDbLine
 10
685.72
 20
54.879999999999995
 30
0.0
 11
706.36
 21
54.879999999999995
 31
0.0
  0
LINE
  5
B72
330
17
100
AcDbEntity
  8
LINES
100
AcDbLine
 10
689.68
 20
54.519999999999996
 30
0.0
 11
700.12
 21
54.519999999999996
 31
0.0
  0
LINE
  5
B73
330
17
100
AcDbEntity
  8
LINES
100
AcDbLine
 10
684.76
 20
54.16
 30
0.0
 11
691.72
 21
54.16
 31
0.0
  0
LINE
  5
B74
330
17
100
AcDbEntity
  8
LINES
100
AcDbLine
 10
685.72
 20
54.879999999999995
 30
0.0
 11
706.36
 21
54.879999999999995
 31
0.0
  0
LINE
  5
B75
330
17
100
AcDbEntity
  8
LINES
100
AcDbLine
 10
689.68
 20
54.519999999999996
 30
0.0
 11
700.12
 21
54.519999999999996
 31
0.0
  0
LINE
  5
B76
330
17
100
AcDbEntity
  8
LINES
100
AcDbLine
 10
684.76
 20
54.16
 30
0.0
 11
691.72
 21
54.16
 31
0.0
  0
LINE
  5
B77
330
17
100
AcDbEntity
  8
LINES
100
AcDbLine
 10
685.72
 20
54.879999999999995
 30
0.0
 11
706.36
 21
54.879999999999995
 31
0.0
  0
LINE
  5
B78
330
17
100
AcDbEntity
  8
LINES
100
AcDbLine
 10
689.68
 20
54.519999999999996
 30
0.0
 11
700.12
 21
54.519999999999996
 31
0.0
  0
LINE
  5
B79
330
17
100
AcDbEntity
  8
LINES
100
AcDbLine
 10
684.76
 20
54.16
 30
0.0
 11
691.72
 21
54.16
 31
0.0
  0
LINE
  5
B7A
330
17
100
AcDbEntity
  8
LINES
100
AcDbLine
 10
685.72
 20
54.879999999999995
 30
0.0
 11
706.36
 21
54.879999999999995
 31
0.0
  0
LINE
  5
B7B
330
17
100
AcDbEntity
  8
LINES
100
AcDbLine
 10
689.68
 20
54.519999999999996
 30
0.0
 11
700.12
 21
54.519999999999996
 31
0.0
  0
LINE
  5
B7C
330
17
100
AcDbEntity
  8
LINES
100
AcDbLine
 10
684.76
 20
54.16
 30
0.0
 11
691.72
 21
54.16
 31
0.0
  0
LINE
  5
B7D
330
17
100
AcDbEntity
  8
LINES
100
AcDbLine
 10
685.72
 20
56.2
 30
0.0
 11
688.6
 21
56.2
 31
0.0
  0
LINE
  5
B7E
330
17
100
AcDbEntity
  8
LINES
100
AcDbLine
 10
685.72
 20
55.72
 30
0.0
 11
687.16
 21
55.72
 31
0.0
  0
LINE
  5
B7F
330
17
100
AcDbEntity
  8
LINES
100
AcDbLine
 10
685.72
 20
55.36
 30
0.0
 11
685.84
 21
55.36
 31
0.0
  0
LINE
  5
B80
330
17
100
AcDbEntity
  8
LINES
100
AcDbLine
 10
685.72
 20
56.2
 30
0.0
 11
688.6
 21
56.2
 31
0.0
  0
LINE
  5
B81
330
17
100
AcDbEntity
  8
LINES
100
AcDbLine
 10
685.72
 20
55.72
 30
0.0
 11
687.16
 21
55.72
 31
0.0
  0
LINE
  5
B82
330
17
100
AcDbEntity
  8
LINES
100
AcDbLine
 10
685.72
 20
55.36
 30
0.0
 11
685.84
 21
55.36
 31
0.0
  0
LINE
  5
B83
330
17
100
AcDbEntity
  8
LINES
100
AcDbLine
 10
685.72
 20
56.2
 30
0.0
 11
688.6
 21
56.2
 31
0.0
  0
LINE
  5
B84
330
17
100
AcDbEntity
  8
LINES
100
AcDbLine
 10
685.72
 20
55.72
 30
0.0
 11
687.16
 21
55.72
 31
0.0
  0
LINE
  5
B85
330
17
100
AcDbEntity
  8
LINES
100
AcDbLine
 10
685.72
 20
55.36
 30
0.0
 11
685.84
 21
55.36
 31
0.0
  0
LINE
  5
B86
330
17
100
AcDbEntity
  8
LINES
100
AcDbLine
 10
685.72
 20
56.2
 30
0.0
 11
688.6
 21
56.2
 31
0.0
  0
LINE
  5
B87
330
17
100
AcDbEntity
  8
LINES
100
AcDbLine
 10
685.72
 20
55.72
 30
0.0
 11
687.16
 21
55.72
 31
0.0
  0
LINE
  5
B88
330
17
100
AcDbEntity
  8
LINES
100
AcDbLine
 10
685.72
 20
55.36
 30
0.0
 11
685.84
 21
55.36
 31
0.0
  0
LINE
  5
B89
330
17
100
AcDbEntity
  8
LINES
100
AcDbLine
 10
685.72
 20
57.28
 30
0.0
 11
692.4399999999999
 21
57.28
 31
0.0
  0
LINE
  5
B8A
330
17
100
AcDbEntity
  8
LINES
100
AcDbLine
 10
685.72
 20
56.92
 30
0.0
 11
691.12
 21
56.92
 31
0.0
  0
LINE
  5
B8B
330
17
100
AcDbEntity
  8
LINES
100
AcDbLine
 10
685.72
 20
56.56
 30
0.0
 11
689.8
 21
56.56
 31
0.0
  0
LINE
  5
B8C
330
17
100
AcDbEntity
  8
LINES
100
AcDbLine
 10
685.72
 20
57.28
 30
0.0
 11
692.4399999999999
 21
57.28
 31
0.0
  0
LINE
  5
B8D
330
17
100
AcDbEntity
  8
LINES
100
AcDbLine
 10
685.72
 20
56.92
 30
0.0
 11
691.12
 21
56.92
 31
0.0
  0
LINE
  5
B8E
330
17
100
AcDbEntity
  8
LINES
100
AcDbLine
 10
685.72
 20
56.56
 30
0.0
 11
689.8
 21
56.56
 31
0.0
  0
LINE
  5
B8F
330
17
100
AcDbEntity
  8
LINES
100
AcDbLine
 10
685.72
 20
57.28
 30
0.0
 11
692.4399999999999
 21
57.28
 31
0.0
  0
LINE
  5
B90
330
17
100
AcDbEntity
  8
LINES
100
AcDbLine
 10
685.72
 20
56.92
 30
0.0
 11
691.12
 21
56.92
 31
0.0
  0
LINE
  5
B91
330
17
100
AcDbEntity
  8
LINES
100
AcDbLine
 10
685.72
 20
56.56
 30
0.0
 11
689.8
 21
56.56
 31
0.0
  0
LINE
  5
B92
330
17
100
AcDbEntity
  8
LINES
100
AcDbLine
 10
685.72
 20
57.28
 30
0.0
 11
692.4399999999999
 21
57.28
 31
0.0
  0
LINE
  5
B93
330
17
100
AcDbEntity
  8
LINES
100
AcDbLine
 10
685.72
 20
56.92
 30
0.0
 11
691.12
 21
56.92
 31
0.0
  0
LINE
  5
B94
330
17
100
AcDbEntity
  8
LINES
100
AcDbLine
 10
685.72
 20
56.56
 30
0.0
 11
689.8
 21
56.56
 31
0.0
  0
LINE
  5
B95
330
17
100
AcDbEntity
  8
LINES
100
AcDbLine
 10
685.72
 20
58.480000000000004
 30
0.0
 11
695.0799999999999
 21
58.480000000000004
 31
0.0
  0
LINE
  5
B96
330
17
100
AcDbEntity
  8
LINES
100
AcDbLine
 10
685.72
 20
58.12
 30
0.0
 11
695.1999999999999
 21
58.12
 31
0.0
  0
LINE
  5
B97
330
17
100
AcDbEntity
  8
LINES
100
AcDbLine
 10
685.72
 20
57.64
 30
0.0
 11
693.76
 21
57.64
 31
0.0
  0
LINE
  5
B98
330
17
100
AcDbEntity
  8
LINES
100
AcDbLine
 10
685.72
 20
58.480000000000004
 30
0.0
 11
695.0799999999999
 21
58.480000000000004
 31
0.0
  0
LINE
  5
B99
330
17
100
AcDbEntity
  8
LINES
100
AcDbLine
 10
685.72
 20
58.12
 30
0.0
 11
695.1999999999999
 21
58.12
 31
0.0
  0
LINE
  5
B9A
330
17
100
AcDbEntity
  8
LINES
100
AcDbLine
 10
685.72
 20
57.64
 30
0.0
 11
693.76
 21
57.64
 31
0.0
  0
LINE
  5
B9B
330
17
100
AcDbEntity
  8
LINES
100
AcDbLine
 10
685.72
 20
58.480000000000004
 30
0.0
 11
695.0799999999999
 21
58.480000000000004
 31
0.0
  0
LINE
  5
B9C
330
17
100
AcDbEntity
  8
LINES
100
AcDbLine
 10
685.72
 20
58.12
 30
0.0
 11
695.1999999999999
 21
58.12
 31
0.0
  0
LINE
  5
B9D
330
17
100
AcDbEntity
  8
LINES
100
AcDbLine
 10
685.72
 20
57.64
 30
0.0
 11
693.76
 21
57.64
 31
0.0
  0
LINE
  5
B9E
330
17
100
AcDbEntity
  8
LINES
100
AcDbLine
 10
685.72
 20
58.480000000000004
 30
0.0
 11
695.0799999999999
 21
58.480000000000004
 31
0.0
  0
LINE
  5
B9F
330
17
100
AcDbEntity
  8
LINES
100
AcDbLine
 10
685.72
 20
58.12
 30
0.0
 11
695.1999999999999
 21
58.12
 31
0.0
  0
LINE
  5
BA0
330
17
100
AcDbEntity
  8
LINES
100
AcDbLine
 10
685.72
 20
57.64
 30
0.0
 11
693.76
 21
57.64
 31
0.0
  0
LINE
  5
BA1
330
17
100
AcDbEntity
  8
LINES
100
AcDbLine
 10
687.64
 20
59.56
 30
0.0
 11
692.4399999999999
 21
59.56
 31
0.0
  0
LINE
  5
BA2
330
17
100
AcDbEntity
  8
LINES
100
AcDbLine
 10
686.4399999999999
 20
59.2
 30
0.0
 11
693.4
 21
59.2
 31
0.0
  0
LINE
  5
BA3
330
17
100
AcDbEntity
  8
LINES
100
AcDbLine
 10
685.72
 20
58.84
 30
0.0
 11
694.24
 21
58.84
 31
0.0
  0
LINE
  5
BA4
330
17
100
AcDbEntity
  8
LINES
100
AcDbLine
 10
687.64
 20
59.56
 30
0.0
 11
692.4399999999999
 21
59.56
 31
0.0
  0
LINE
  5
BA5
330
17
100
AcDbEntity
  8
LINES
100
AcDbLine
 10
686.4399999999999
 20
59.2
 30
0.0
 11
693.4
 21
59.2
 31
0.0
  0
LINE
  5
BA6
330
17
100
AcDbEntity
  8
LINES
100
AcDbLine
 10
685.72
 20
58.84
 30
0.0
 11
694.24
 21
58.84
 31
0.0
  0
LINE
  5
BA7
330
17
100
AcDbEntity
  8
LINES
100
AcDbLine
 10
687.64
 20
59.56
 30
0.0
 11
692.4399999999999
 21
59.56
 31
0.0
  0
LINE
  5
BA8
330
17
100
AcDbEntity
  8
LINES
100
AcDbLine
 10
686.4399999999999
 20
59.2
 30
0.0
 11
693.4
 21
59.2
 31
0.0
  0
LINE
  5
BA9
330
17
100
AcDbEntity
  8
LINES
100
AcDbLine
 10
685.72
 20
58.84
 30
0.0
 11
694.24
 21
58.84
 31
0.0
  0
LINE
  5
BAA
330
17
100
AcDbEntity
  8
LINES
100
AcDbLine
 10
687.64
 20
59.56
 30
0.0
 11
692.4399999999999
 21
59.56
 31
0.0
  0
LINE
  5
BAB
330
17
100
AcDbEntity
  8
LINES
100
AcDbLine
 10
686.4399999999999
 20
59.2
 30
0.0
 11
693.4
 21
59.2
 31
0.0
  0
LINE
  5
BAC
330
17
100
AcDbEntity
  8
LINES
100
AcDbLine
 10
685.72
 20
58.84
 30
0.0
 11
694.24
 21
58.84
 31
0.0
  0
LINE
  5
BAD
330
17
100
AcDbEntity
  8
LINES
100
AcDbLine
 10
693.52
 20
60.64
 30
0.0
 11
698.4399999999999
 21
60.64
 31
0.0
  0
LINE
  5
BAE
330
17
100
AcDbEntity
  8
LINES
100
AcDbLine
 10
689.56
 20
60.28
 30
0.0
 11
690.76
 21
60.28
 31
0.0
  0
LINE
  5
BAF
330
17
100
AcDbEntity
  8
LINES
100
AcDbLine
 10
688.48
 20
59.92
 30
0.0
 11
691.72
 21
59.92
 31
0.0
  0
LINE
  5
BB0
330
17
100
AcDbEntity
  8
LINES
100
AcDbLine
 10
693.52
 20
60.64
 30
0.0
 11
698.4399999999999
 21
60.64
 31
0.0
  0
LINE
  5
BB1
330
17
100
AcDbEntity
  8
LINES
100
AcDbLine
 10
689.56
 20
60.28
 30
0.0
 11
690.76
 21
60.28
 31
0.0
  0
LINE
  5
BB2
330
17
100
AcDbEntity
  8
LINES
100
AcDbLine
 10
688.48
 20
59.92
 30
0.0
 11
691.72
 21
59.92
 31
0.0
  0
LINE
  5
BB3
330
17
100
AcDbEntity
  8
LINES
100
AcDbLine
 10
693.52
 20
60.64
 30
0.0
 11
698.4399999999999
 21
60.64
 31
0.0
  0
LINE
  5
BB4
330
17
100
AcDbEntity
  8
LINES
100
AcDbLine
 10
689.56
 20
60.28
 30
0.0
 11
690.76
 21
60.28
 31
0.0
  0
LINE
  5
BB5
330
17
100
AcDbEntity
  8
LINES
100
AcDbLine
 10
688.48
 20
59.92
 30
0.0
 11
691.72
 21
59.92
 31
0.0
  0
LINE
  5
BB6
330
17
100
AcDbEntity
  8
LINES
100
AcDbLine
 10
693.52
 20
60.64
 30
0.0
 11
698.4399999999999
 21
60.64
 31
0.0
  0
LINE
  5
BB7
330
17
100
AcDbEntity
  8
LINES
100
AcDbLine
 10
689.56
 20
60.28
 30
0.0
 11
690.76
 21
60.28
 31
0.0
  0
LINE
  5
BB8
330
17
100
AcDbEntity
  8
LINES
100
AcDbLine
 10
688.48
 20
59.92
 30
0.0
 11
691.72
 21
59.92
 31
0.0
  0
LINE
  5
BB9
330
17
100
AcDbEntity
  8
LINES
100
AcDbLine
 10
694.8399999999999
 20
61.72
 30
0.0
 11
697.24
 21
61.72
 31
0.0
  0
LINE
  5
BBA
330
17
100
AcDbEntity
  8
LINES
100
AcDbLine
 10
694.12
 20
61.36
 30
0.0
 11
697.72
 21
61.36
 31
0.0
  0
LINE
  5
BBB
330
17
100
AcDbEntity
  8
LINES
100
AcDbLine
 10
693.76
 20
61.0
 30
0.0
 11
698.1999999999999
 21
61.0
 31
0.0
  0
LINE
  5
BBC
330
17
100
AcDbEntity
  8
LINES
100
AcDbLine
 10
694.8399999999999
 20
61.72
 30
0.0
 11
697.24
 21
61.72
 31
0.0
  0
LINE
  5
BBD
330
17
100
AcDbEntity
  8
LINES
100
AcDbLine
 10
694.12
 20
61.36
 30
0.0
 11
697.72
 21
61.36
 31
0.0
  0
LINE
  5
BBE
330
17
100
AcDbEntity
  8
LINES
100
AcDbLine
 10
693.76
 20
61.0
 30
0.0
 11
698.1999999999999
 21
61.0
 31
0.0
  0
LINE
  5
BBF
330
17
100
AcDbEntity
  8
LINES
100
AcDbLine
 10
694.8399999999999
 20
61.72
 30
0.0
 11
697.24
 21
61.72
 31
0.0
  0
LINE
  5
BC0
330
17
100
AcDbEntity
  8
LINES
100
AcDbLine
 10
694.12
 20
61.36
 30
0.0
 11
697.72
 21
61.36
 31
0.0
  0
LINE
  5
BC1
330
17
100
AcDbEntity
  8
LINES
100
AcDbLine
 10
693.76
 20
61.0
 30
0.0
 11
698.1999999999999
 21
61.0
 31
0.0
  0
LINE
  5
BC2
330
17
100
AcDbEntity
  8
LINES
100
AcDbLine
 10
694.8399999999999
 20
61.72
 30
0.0
 11
697.24
 21
61.72
 31
0.0
  0
LINE
  5
BC3
330
17
100
AcDbEntity
  8
LINES
100
AcDbLine
 10
694.12
 20
61.36
 30
0.0
 11
697.72
 21
61.36
 31
0.0
  0
LINE
  5
BC4
330
17
100
AcDbEntity
  8
LINES
100
AcDbLine
 10
693.76
 20
61.0
 30
0.0
 11
698.1999999999999
 21
61.0
 31
0.0
  0
LINE
  5
BC5
330
17
100
AcDbEntity
  8
LINES
100
AcDbLine
 10
693.52
 20
52.480000000000004
 30
0.0
 11
694.72
 21
52.480000000000004
 31
0.0
  0
LINE
  5
BC6
330
17
100
AcDbEntity
  8
LINES
100
AcDbLine
 10
694.12
 20
52.12
 30
0.0
 11
695.0799999999999
 21
52.12
 31
0.0
  0
LINE
  5
BC7
330
17
100
AcDbEntity
  8
LINES
100
AcDbLine
 10
694.6
 20
51.64
 30
0.0
 11
695.4399999999999
 21
51.64
 31
0.0
  0
LINE
  5
BC8
330
17
100
AcDbEntity
  8
LINES
100
AcDbLine
 10
693.04
 20
59.92
 30
0.0
 11
698.8
 21
59.92
 31
0.0
  0
LINE
  5
BC9
330
17
100
AcDbEntity
  8
LINES
100
AcDbLine
 10
693.64
 20
59.56
 30
0.0
 11
698.92
 21
59.56
 31
0.0
  0
LINE
  5
BCA
330
17
100
AcDbEntity
  8
LINES
100
AcDbLine
 10
696.4
 20
58.480000000000004
 30
0.0
 11
696.4
 21
58.480000000000004
 31
0.0
  0
LINE
  5
BCB
330
17
100
AcDbEntity
  8
LINES
100
AcDbLine
 10
696.4
 20
58.480000000000004
 30
0.0
 11
696.4
 21
58.480000000000004
 31
0.0
  0
LINE
  5
BCC
330
17
100
AcDbEntity
  8
LINES
100
AcDbLine
 10
694.48
 20
59.2
 30
0.0
 11
698.8
 21
59.2
 31
0.0
  0
LINE
  5
BCD
330
17
100
AcDbEntity
  8
LINES
100
AcDbLine
 10
693.64
 20
59.56
 30
0.0
 11
698.92
 21
59.56
 31
0.0
  0
LINE
  5
BCE
330
17
100
AcDbEntity
  8
LINES
100
AcDbLine
 10
694.48
 20
59.2
 30
0.0
 11
698.8
 21
59.2
 31
0.0
  0
LINE
  5
BCF
330
17
100
AcDbEntity
  8
LINES
100
AcDbLine
 10
695.4399999999999
 20
58.84
 30
0.0
 11
697.6
 21
58.84
 31
0.0
  0
LINE
  5
BD0
330
17
100
AcDbEntity
  8
LINES
100
AcDbLine
 10
690.88
 20
56.56
 30
0.0
 11
706.36
 21
56.56
 31
0.0
  0
LINE
  5
BD1
330
17
100
AcDbEntity
  8
LINES
100
AcDbLine
 10
693.52
 20
57.28
 30
0.0
 11
706.24
 21
57.28
 31
0.0
  0
LINE
  5
BD2
330
17
100
AcDbEntity
  8
LINES
100
AcDbLine
 10
694.8399999999999
 20
57.64
 30
0.0
 11
705.28
 21
57.64
 31
0.0
  0
LINE
  5
BD3
330
17
100
AcDbEntity
  8
LINES
100
AcDbLine
 10
692.1999999999999
 20
56.92
 30
0.0
 11
706.36
 21
56.92
 31
0.0
  0
LINE
  5
BD4
330
17
100
AcDbEntity
  8
LINES
100
AcDbLine
 10
690.88
 20
56.56
 30
0.0
 11
706.36
 21
56.56
 31
0.0
  0
LINE
  5
BD5
330
17
100
AcDbEntity
  8
LINES
100
AcDbLine
 10
689.68
 20
56.2
 30
0.0
 11
706.36
 21
56.2
 31
0.0
  0
LINE
  5
BD6
330
17
100
AcDbEntity
  8
LINES
100
AcDbLine
 10
692.1999999999999
 20
56.92
 30
0.0
 11
706.36
 21
56.92
 31
0.0
  0
LINE
  5
BD7
330
17
100
AcDbEntity
  8
LINES
100
AcDbLine
 10
689.68
 20
56.2
 30
0.0
 11
706.36
 21
56.2
 31
0.0
  0
LINE
  5
BD8
330
17
100
AcDbEntity
  8
LINES
100
AcDbLine
 10
695.56
 20
52.12
 30
0.0
 11
696.28
 21
52.12
 31
0.0
  0
LINE
  5
BD9
330
17
100
AcDbEntity
  8
LINES
100
AcDbLine
 10
695.1999999999999
 20
52.480000000000004
 30
0.0
 11
696.64
 21
52.480000000000004
 31
0.0
  0
LINE
  5
BDA
330
17
100
AcDbEntity
  8
LINES
100
AcDbLine
 10
694.72
 20
52.96
 30
0.0
 11
697.12
 21
52.96
 31
0.0
  0
LINE
  5
BDB
330
17
100
AcDbEntity
  8
LINES
100
AcDbLine
 10
694.36
 20
53.32
 30
0.0
 11
697.48
 21
53.32
 31
0.0
  0
LINE
  5
BDC
330
17
100
AcDbEntity
  8
LINES
100
AcDbLine
 10
693.76
 20
53.8
 30
0.0
 11
698.0799999999999
 21
53.8
 31
0.0
  0
LINE
  5
BDD
330
17
100
AcDbEntity
  8
LINES
100
AcDbLine
 10
693.04
 20
54.16
 30
0.0
 11
698.8
 21
54.16
 31
0.0
  0
LINE
  5
BDE
330
17
100
AcDbEntity
  8
LINES
100
AcDbLine
 10
318.76
 20
57.64
 30
0.0
 11
491.68
 21
57.64
 31
0.0
  0
LINE
  5
BDF
330
17
100
AcDbEntity
  8
LINES
100
AcDbLine
 10
405.52
 20
39.519999999999996
 30
0.0
 11
405.52
 21
93.88
 31
0.0
  0
LINE
  5
BE0
330
17
100
AcDbEntity
  8
LINES
100
AcDbLine
 10
825.64
 20
40.96
 30
0.0
 11
826.7199999999999
 21
40.96
 31
0.0
  0
LINE
  5
BE1
330
17
100
AcDbEntity
  8
LINES
100
AcDbLine
 10
827.92
 20
42.519999999999996
 30
0.0
 11
827.92
 21
44.44
 31
0.0
  0
LINE
  5
BE2
330
17
100
AcDbEntity
  8
LINES
100
AcDbLine
 10
829.24
 20
43.24
 30
0.0
 11
830.3199999999999
 21
43.24
 31
0.0
  0
LINE
  5
BE3
330
17
100
AcDbEntity
  8
LINES
100
AcDbLine
 10
830.56
 20
40.96
 30
0.0
 11
831.52
 21
43.24
 31
0.0
  0
LINE
  5
BE4
330
17
100
AcDbEntity
  8
LINES
100
AcDbLine
 10
832.8399999999999
 20
42.4
 30
0.0
 11
832.8399999999999
 21
44.56
 31
0.0
  0
LINE
  5
BE5
330
17
100
AcDbEntity
  8
LINES
100
AcDbLine
 10
833.92
 20
46.0
 30
0.0
 11
835.0
 21
46.0
 31
0.0
  0
LINE
  5
BE6
330
17
100
AcDbEntity
  8
LINES
100
AcDbLine
 10
836.4399999999999
 20
40.96
 30
0.0
 11
836.4399999999999
 21
41.32
 31
0.0
  0
LINE
  5
BE7
330
17
100
AcDbEntity
  8
LINES
100
AcDbLine
 10
843.04
 20
42.4
 30
0.0
 11
843.04
 21
44.56
 31
0.0
  0
LINE
  5
BE8
330
17
100
AcDbEntity
  8
LINES
100
AcDbLine
 10
845.3199999999999
 20
42.4
 30
0.0
 11
845.3199999999999
 21
44.56
 31
0.0
  0
LINE
  5
BE9
330
17
100
AcDbEntity
  8
LINES
100
AcDbLine
 10
846.64
 20
40.96
 30
0.0
 11
846.64
 21
41.32
 31
0.0
  0
LINE
  5
BEA
330
17
100
AcDbEntity
  8
LINES
100
AcDbLine
 10
1079.92
 20
62.08
 30
0.0
 11
1081.24
 21
62.92
 31
0.0
  0
LINE
  5
BEB
330
17
100
AcDbEntity
  8
LINES
100
AcDbLine
 10
1083.04
 20
62.2
 30
0.0
 11
1084.12
 21
62.2
 31
0.0
  0
LINE
  5
BEC
330
17
100
AcDbEntity
  8
LINES
100
AcDbLine
 10
1086.6399999999999
 20
62.8
 30
0.0
 11
1087.96
 21
62.8
 31
0.0
  0
LINE
  5
BED
330
17
100
AcDbEntity
  8
LINES
100
AcDbLine
 10
1090.72
 20
60.04
 30
0.0
 11
1091.44
 21
60.04
 31
0.0
  0
LINE
  5
BEE
330
17
100
AcDbEntity
  8
LINES
100
AcDbLine
 10
1089.76
 20
61.239999999999995
 30
0.0
 11
1089.76
 21
63.76
 31
0.0
  0
LINE
  5
BEF
330
17
100
AcDbEntity
  8
LINES
100
AcDbLine
 10
1090.72
 20
65.08
 30
0.0
 11
1091.44
 21
65.08
 31
0.0
  0
LINE
  5
BF0
330
17
100
AcDbEntity
  8
LINES
100
AcDbLine
 10
1094.68
 20
60.519999999999996
 30
0.0
 11
1094.68
 21
60.879999999999995
 31
0.0
  0
LINE
  5
BF1
330
17
100
AcDbEntity
  8
LINES
100
AcDbLine
 10
1094.68
 20
62.56
 30
0.0
 11
1094.68
 21
62.8
 31
0.0
  0
LINE
  5
BF2
330
17
100
AcDbEntity
  8
LINES
100
AcDbLine
 10
320.32
 20
88.6
 30
0.0
 11
320.32
 21
90.16
 31
0.0
  0
LINE
  5
BF3
330
17
100
AcDbEntity
  8
LINES
100
AcDbLine
 10
321.76
 20
88.6
 30
0.0
 11
321.76
 21
90.16
 31
0.0
  0
LINE
  5
BF4
330
17
100
AcDbEntity
  8
LINES
100
AcDbLine
 10
323.92
 20
88.24
 30
0.0
 11
323.92
 21
89.19999999999999
 31
0.0
  0
LINE
  5
BF5
330
17
100
AcDbEntity
  8
LINES
100
AcDbLine
 10
322.71999999999997
 20
87.64
 30
0.0
 11
323.44
 21
87.64
 31
0.0
  0
LINE
  5
BF6
330
17
100
AcDbEntity
  8
LINES
100
AcDbLine
 10
325.36
 20
87.64
 30
0.0
 11
326.08
 21
87.64
 31
0.0
  0
LINE
  5
BF7
330
17
100
AcDbEntity
  8
LINES
100
AcDbLine
 10
324.88
 20
88.24
 30
0.0
 11
324.88
 21
89.19999999999999
 31
0.0
  0
LINE
  5
BF8
330
17
100
AcDbEntity
  8
LINES
100
AcDbLine
 10
328.84
 20
87.64
 30
0.0
 11
328.84
 21
87.88
 31
0.0
  0
LINE
  5
BF9
330
17
100
AcDbEntity
  8
LINES
100
AcDbLine
 10
331.0
 20
89.19999999999999
 30
0.0
 11
331.71999999999997
 21
89.19999999999999
 31
0.0
  0
LINE
  5
BFA
330
17
100
AcDbEntity
  8
LINES
100
AcDbLine
 10
335.68
 20
87.64
 30
0.0
 11
336.4
 21
87.64
 31
0.0
  0
LINE
  5
BFB
330
17
100
AcDbEntity
  8
LINES
100
AcDbLine
 10
335.2
 20
88.24
 30
0.0
 11
335.2
 21
89.19999999999999
 31
0.0
  0
LINE
  5
BFC
330
17
100
AcDbEntity
  8
LINES
100
AcDbLine
 10
337.47999999999996
 20
88.6
 30
0.0
 11
338.32
 21
89.08
 31
0.0
  0
LINE
  5
BFD
330
17
100
AcDbEntity
  8
LINES
100
AcDbLine
 10
339.64
 20
88.6
 30
0.0
 11
340.47999999999996
 21
89.08
 31
0.0
  0
LINE
  5
BFE
330
17
100
AcDbEntity
  8
LINES
100
AcDbLine
 10
341.68
 20
87.64
 30
0.0
 11
341.68
 21
87.88
 31
0.0
  0
LINE
  5
BFF
330
17
100
AcDbEntity
  8
LINES
100
AcDbLine
 10
343.71999999999997
 20
87.64
 30
0.0
 11
343.71999999999997
 21
91.12
 31
0.0
  0
LINE
  5
C00
330
17
100
AcDbEntity
  8
LINES
100
AcDbLine
 10
343.71999999999997
 20
88.96000000000001
 30
0.0
 11
345.28
 21
91.12
 31
0.0
  0
LINE
  5
C01
330
17
100
AcDbEntity
  8
LINES
100
AcDbLine
 10
344.32
 20
87.64
 30
0.0
 11
345.28
 21
89.8
 31
0.0
  0
LINE
  5
C02
330
17
100
AcDbEntity
  8
LINES
100
AcDbLine
 10
346.36
 20
86.56
 30
0.0
 11
346.84
 21
86.56
 31
0.0
  0
LINE
  5
C03
330
17
100
AcDbEntity
  8
LINES
100
AcDbLine
 10
346.24
 20
88.36
 30
0.0
 11
346.24
 21
89.32
 31
0.0
  0
LINE
  5
C04
330
17
100
AcDbEntity
  8
LINES
100
AcDbLine
 10
346.71999999999997
 20
87.64
 30
0.0
 11
347.44
 21
87.64
 31
0.0
  0
LINE
  5
C05
330
17
100
AcDbEntity
  8
LINES
100
AcDbLine
 10
348.4
 20
87.64
 30
0.0
 11
349.59999999999997
 21
91.12
 31
0.0
  0
LINE
  5
C06
330
17
100
AcDbEntity
  8
LINES
100
AcDbLine
 10
351.03999999999996
 20
87.64
 30
0.0
 11
351.4
 21
87.64
 31
0.0
  0
LINE
  5
C07
330
17
100
AcDbEntity
  8
LINES
100
AcDbLine
 10
350.44
 20
88.36
 30
0.0
 11
350.44
 21
89.32
 31
0.0
  0
LINE
  5
C08
330
17
100
AcDbEntity
  8
LINES
100
AcDbLine
 10
351.03999999999996
 20
89.91999999999999
 30
0.0
 11
351.4
 21
89.91999999999999
 31
0.0
  0
LINE
  5
C09
330
17
100
AcDbEntity
  8
LINES
100
AcDbLine
 10
354.15999999999997
 20
87.64
 30
0.0
 11
354.15999999999997
 21
89.32
 31
0.0
  0
LINE
  5
C0A
330
17
100
AcDbEntity
  8
LINES
100
AcDbLine
 10
353.2
 20
87.64
 30
0.0
 11
353.2
 21
89.91999999999999
 31
0.0
  0
LINE
  5
C0B
330
17
100
AcDbEntity
  8
LINES
100
AcDbLine
 10
356.44
 20
86.56
 30
0.0
 11
356.91999999999996
 21
86.56
 31
0.0
  0
LINE
  5
C0C
330
17
100
AcDbEntity
  8
LINES
100
AcDbLine
 10
356.32
 20
88.36
 30
0.0
 11
356.32
 21
89.32
 31
0.0
  0
LINE
  5
C0D
330
17
100
AcDbEntity
  8
LINES
100
AcDbLine
 10
356.8
 20
87.64
 30
0.0
 11
357.52
 21
87.64
 31
0.0
  0
LINE
  5
C0E
330
17
100
AcDbEntity
  8
LINES
100
AcDbLine
 10
320.44
 20
79.72
 30
0.0
 11
320.44
 21
81.16
 31
0.0
  0
LINE
  5
C0F
330
17
100
AcDbEntity
  8
LINES
100
AcDbLine
 10
321.88
 20
79.72
 30
0.0
 11
321.88
 21
81.16
 31
0.0
  0
LINE
  5
C10
330
17
100
AcDbEntity
  8
LINES
100
AcDbLine
 10
324.03999999999996
 20
79.36
 30
0.0
 11
324.03999999999996
 21
80.32
 31
0.0
  0
LINE
  5
C11
330
17
100
AcDbEntity
  8
LINES
100
AcDbLine
 10
322.84
 20
78.75999999999999
 30
0.0
 11
323.56
 21
78.75999999999999
 31
0.0
  0
LINE
  5
C12
330
17
100
AcDbEntity
  8
LINES
100
AcDbLine
 10
325.36
 20
78.75999999999999
 30
0.0
 11
326.2
 21
78.75999999999999
 31
0.0
  0
LINE
  5
C13
330
17
100
AcDbEntity
  8
LINES
100
AcDbLine
 10
325.0
 20
79.36
 30
0.0
 11
325.0
 21
80.19999999999999
 31
0.0
  0
LINE
  5
C14
330
17
100
AcDbEntity
  8
LINES
100
AcDbLine
 10
328.96
 20
78.75999999999999
 30
0.0
 11
328.96
 21
78.88
 31
0.0
  0
LINE
  5
C15
330
17
100
AcDbEntity
  8
LINES
100
AcDbLine
 10
330.64
 20
78.75999999999999
 30
0.0
 11
330.64
 21
82.12
 31
0.0
  0
LINE
  5
C16
330
17
100
AcDbEntity
  8
LINES
100
AcDbLine
 10
329.8
 20
82.12
 30
0.0
 11
331.36
 21
82.12
 31
0.0
  0
LINE
  5
C17
330
17
100
AcDbEntity
  8
LINES
100
AcDbLine
 10
332.68
 20
78.75999999999999
 30
0.0
 11
333.52
 21
78.75999999999999
 31
0.0
  0
LINE
  5
C18
330
17
100
AcDbEntity
  8
LINES
100
AcDbLine
 10
332.32
 20
79.36
 30
0.0
 11
332.32
 21
80.19999999999999
 31
0.0
  0
LINE
  5
C19
330
17
100
AcDbEntity
  8
LINES
100
AcDbLine
 10
336.28
 20
78.75999999999999
 30
0.0
 11
336.28
 21
80.32
 31
0.0
  0
LINE
  5
C1A
330
17
100
AcDbEntity
  8
LINES
100
AcDbLine
 10
335.32
 20
78.75999999999999
 30
0.0
 11
335.32
 21
81.03999999999999
 31
0.0
  0
LINE
  5
C1B
330
17
100
AcDbEntity
  8
LINES
100
AcDbLine
 10
338.32
 20
79.36
 30
0.0
 11
338.32
 21
80.32
 31
0.0
  0
LINE
  5
C1C
330
17
100
AcDbEntity
  8
LINES
100
AcDbLine
 10
337.12
 20
78.75999999999999
 30
0.0
 11
337.84
 21
78.75999999999999
 31
0.0
  0
LINE
  5
C1D
330
17
100
AcDbEntity
  8
LINES
100
AcDbLine
 10
339.28
 20
78.75999999999999
 30
0.0
 11
339.28
 21
78.88
 31
0.0
  0
LINE
  5
C1E
330
17
100
AcDbEntity
  8
LINES
100
AcDbLine
 10
341.92
 20
78.75999999999999
 30
0.0
 11
342.28
 21
78.75999999999999
 31
0.0
  0
LINE
  5
C1F
330
17
100
AcDbEntity
  8
LINES
100
AcDbLine
 10
341.44
 20
79.36
 30
0.0
 11
341.44
 21
80.32
 31
0.0
  0
LINE
  5
C20
330
17
100
AcDbEntity
  8
LINES
100
AcDbLine
 10
341.92
 20
81.03999999999999
 30
0.0
 11
342.28
 21
81.03999999999999
 31
0.0
  0
LINE
  5
C21
330
17
100
AcDbEntity
  8
LINES
100
AcDbLine
 10
407.32
 20
53.08
 30
0.0
 11
408.15999999999997
 21
53.56
 31
0.0
  0
LINE
  5
C22
330
17
100
AcDbEntity
  8
LINES
100
AcDbLine
 10
409.71999999999997
 20
51.519999999999996
 30
0.0
 11
409.71999999999997
 21
55.0
 31
0.0
  0
LINE
  5
C23
330
17
100
AcDbEntity
  8
LINES
100
AcDbLine
 10
409.36
 20
53.92
 30
0.0
 11
410.32
 21
53.92
 31
0.0
  0
LINE
  5
C24
330
17
100
AcDbEntity
  8
LINES
100
AcDbLine
 10
413.44
 20
51.519999999999996
 30
0.0
 11
414.28
 21
51.519999999999996
 31
0.0
  0
LINE
  5
C25
330
17
100
AcDbEntity
  8
LINES
100
AcDbLine
 10
413.08
 20
52.12
 30
0.0
 11
413.08
 21
53.08
 31
0.0
  0
LINE
  5
C26
330
17
100
AcDbEntity
  8
LINES
100
AcDbLine
 10
415.36
 20
52.480000000000004
 30
0.0
 11
416.2
 21
52.96
 31
0.0
  0
LINE
  5
C27
330
17
100
AcDbEntity
  8
LINES
100
AcDbLine
 10
417.52
 20
52.480000000000004
 30
0.0
 11
418.35999999999996
 21
52.96
 31
0.0
  0
LINE
  5
C28
330
17
100
AcDbEntity
  8
LINES
100
AcDbLine
 10
421.0
 20
53.08
 30
0.0
 11
421.84
 21
53.56
 31
0.0
  0
LINE
  5
C29
330
17
100
AcDbEntity
  8
LINES
100
AcDbLine
 10
423.03999999999996
 20
51.64
 30
0.0
 11
423.76
 21
53.92
 31
0.0
  0
LINE
  5
C2A
330
17
100
AcDbEntity
  8
LINES
100
AcDbLine
 10
425.44
 20
52.480000000000004
 30
0.0
 11
426.28
 21
52.96
 31
0.0
  0
LINE
  5
C2B
330
17
100
AcDbEntity
  8
LINES
100
AcDbLine
 10
427.35999999999996
 20
51.64
 30
0.0
 11
427.35999999999996
 21
51.76
 31
0.0
  0
LINE
  5
C2C
330
17
100
AcDbEntity
  8
LINES
100
AcDbLine
 10
433.12
 20
52.36
 30
0.0
 11
433.12
 21
53.08
 31
0.0
  0
LINE
  5
C2D
330
17
100
AcDbEntity
  8
LINES
100
AcDbLine
 10
431.91999999999996
 20
52.36
 30
0.0
 11
431.91999999999996
 21
53.08
 31
0.0
  0
LINE
  5
C2E
330
17
100
AcDbEntity
  8
LINES
100
AcDbLine
 10
434.08
 20
51.64
 30
0.0
 11
434.08
 21
51.76
 31
0.0
  0
LINE
  5
C2F
330
17
100
AcDbEntity
  8
LINES
100
AcDbLine
 10
321.28
 20
51.879999999999995
 30
0.0
 11
321.28
 21
55.36
 31
0.0
  0
LINE
  5
C30
330
17
100
AcDbEntity
  8
LINES
100
AcDbLine
 10
320.44
 20
55.36
 30
0.0
 11
322.0
 21
55.36
 31
0.0
  0
LINE
  5
C31
330
17
100
AcDbEntity
  8
LINES
100
AcDbLine
 10
323.32
 20
51.879999999999995
 30
0.0
 11
324.15999999999997
 21
51.879999999999995
 31
0.0
  0
LINE
  5
C32
330
17
100
AcDbEntity
  8
LINES
100
AcDbLine
 10
322.96
 20
52.480000000000004
 30
0.0
 11
322.96
 21
53.44
 31
0.0
  0
LINE
  5
C33
330
17
100
AcDbEntity
  8
LINES
100
AcDbLine
 10
325.24
 20
52.84
 30
0.0
 11
326.08
 21
53.32
 31
0.0
  0
LINE
  5
C34
330
17
100
AcDbEntity
  8
LINES
100
AcDbLine
 10
327.52
 20
51.879999999999995
 30
0.0
 11
327.52
 21
55.36
 31
0.0
  0
LINE
  5
C35
330
17
100
AcDbEntity
  8
LINES
100
AcDbLine
 10
327.15999999999997
 20
54.16
 30
0.0
 11
328.12
 21
54.16
 31
0.0
  0
LINE
  5
C36
330
17
100
AcDbEntity
  8
LINES
100
AcDbLine
 10
333.4
 20
51.879999999999995
 30
0.0
 11
334.24
 21
51.879999999999995
 31
0.0
  0
LINE
  5
C37
330
17
100
AcDbEntity
  8
LINES
100
AcDbLine
 10
333.03999999999996
 20
52.480000000000004
 30
0.0
 11
333.03999999999996
 21
53.44
 31
0.0
  0
LINE
  5
C38
330
17
100
AcDbEntity
  8
LINES
100
AcDbLine
 10
335.08
 20
52.599999999999994
 30
0.0
 11
335.08
 21
53.56
 31
0.0
  0
LINE
  5
C39
330
17
100
AcDbEntity
  8
LINES
100
AcDbLine
 10
335.68
 20
54.16
 30
0.0
 11
336.28
 21
54.16
 31
0.0
  0
LINE
  5
C3A
330
17
100
AcDbEntity
  8
LINES
100
AcDbLine
 10
337.24
 20
51.879999999999995
 30
0.0
 11
337.24
 21
54.16
 31
0.0
  0
LINE
  5
C3B
330
17
100
AcDbEntity
  8
LINES
100
AcDbLine
 10
337.24
 20
55.12
 30
0.0
 11
337.24
 21
55.36
 31
0.0
  0
LINE
  5
C3C
330
17
100
AcDbEntity
  8
LINES
100
AcDbLine
 10
338.2
 20
52.599999999999994
 30
0.0
 11
338.2
 21
54.16
 31
0.0
  0
LINE
  5
C3D
330
17
100
AcDbEntity
  8
LINES
100
AcDbLine
 10
342.15999999999997
 20
51.879999999999995
 30
0.0
 11
342.15999999999997
 21
53.56
 31
0.0
  0
LINE
  5
C3E
330
17
100
AcDbEntity
  8
LINES
100
AcDbLine
 10
341.2
 20
51.879999999999995
 30
0.0
 11
341.2
 21
54.16
 31
0.0
  0
LINE
  5
C3F
330
17
100
AcDbEntity
  8
LINES
100
AcDbLine
 10
321.28
 20
42.879999999999995
 30
0.0
 11
321.28
 21
46.36
 31
0.0
  0
LINE
  5
C40
330
17
100
AcDbEntity
  8
LINES
100
AcDbLine
 10
320.44
 20
46.36
 30
0.0
 11
322.0
 21
46.36
 31
0.0
  0
LINE
  5
C41
330
17
100
AcDbEntity
  8
LINES
100
AcDbLine
 10
323.32
 20
42.879999999999995
 30
0.0
 11
324.15999999999997
 21
42.879999999999995
 31
0.0
  0
LINE
  5
C42
330
17
100
AcDbEntity
  8
LINES
100
AcDbLine
 10
322.96
 20
43.480000000000004
 30
0.0
 11
322.96
 21
44.44
 31
0.0
  0
LINE
  5
C43
330
17
100
AcDbEntity
  8
LINES
100
AcDbLine
 10
325.24
 20
43.84
 30
0.0
 11
326.08
 21
44.32
 31
0.0
  0
LINE
  5
C44
330
17
100
AcDbEntity
  8
LINES
100
AcDbLine
 10
327.52
 20
42.879999999999995
 30
0.0
 11
327.52
 21
46.36
 31
0.0
  0
LINE
  5
C45
330
17
100
AcDbEntity
  8
LINES
100
AcDbLine
 10
327.15999999999997
 20
45.16
 30
0.0
 11
328.12
 21
45.16
 31
0.0
  0
LINE
  5
C46
330
17
100
AcDbEntity
  8
LINES
100
AcDbLine
 10
330.28
 20
44.44
 30
0.0
 11
331.0
 21
44.44
 31
0.0
  0
LINE
  5
C47
330
17
100
AcDbEntity
  8
LINES
100
AcDbLine
 10
334.96
 20
42.879999999999995
 30
0.0
 11
335.68
 21
42.879999999999995
 31
0.0
  0
LINE
  5
C48
330
17
100
AcDbEntity
  8
LINES
100
AcDbLine
 10
334.47999999999996
 20
43.480000000000004
 30
0.0
 11
334.47999999999996
 21
44.44
 31
0.0
  0
LINE
  5
C49
330
17
100
AcDbEntity
  8
LINES
100
AcDbLine
 10
336.76
 20
43.84
 30
0.0
 11
337.59999999999997
 21
44.32
 31
0.0
  0
LINE
  5
C4A
330
17
100
AcDbEntity
  8
LINES
100
AcDbLine
 10
338.92
 20
43.84
 30
0.0
 11
339.76
 21
44.32
 31
0.0
  0
LINE
  5
C4B
330
17
100
AcDbEntity
  8
LINES
100
AcDbLine
 10
340.96
 20
42.879999999999995
 30
0.0
 11
340.96
 21
43.12
 31
0.0
  0
LINE
  5
C4C
330
17
100
AcDbEntity
  8
LINES
100
AcDbLine
 10
320.44
 20
70.12
 30
0.0
 11
321.03999999999996
 21
70.12
 31
0.0
  0
LINE
  5
C4D
330
17
100
AcDbEntity
  8
LINES
100
AcDbLine
 10
321.88
 20
71.08
 30
0.0
 11
321.88
 21
72.4
 31
0.0
  0
LINE
  5
C4E
330
17
100
AcDbEntity
  8
LINES
100
AcDbLine
 10
323.32
 20
70.12
 30
0.0
 11
324.03999999999996
 21
70.12
 31
0.0
  0
LINE
  5
C4F
330
17
100
AcDbEntity
  8
LINES
100
AcDbLine
 10
322.84
 20
70.6
 30
0.0
 11
322.84
 21
71.56
 31
0.0
  0
LINE
  5
C50
330
17
100
AcDbEntity
  8
LINES
100
AcDbLine
 10
325.12
 20
70.96000000000001
 30
0.0
 11
325.96
 21
71.44
 31
0.0
  0
LINE
  5
C51
330
17
100
AcDbEntity
  8
LINES
100
AcDbLine
 10
327.03999999999996
 20
70.12
 30
0.0
 11
327.03999999999996
 21
72.4
 31
0.0
  0
LINE
  5
C52
330
17
100
AcDbEntity
  8
LINES
100
AcDbLine
 10
327.03999999999996
 20
73.36
 30
0.0
 11
327.03999999999996
 21
73.47999999999999
 31
0.0
  0
LINE
  5
C53
330
17
100
AcDbEntity
  8
LINES
100
AcDbLine
 10
328.12
 20
68.92
 30
0.0
 11
328.71999999999997
 21
68.92
 31
0.0
  0
LINE
  5
C54
330
17
100
AcDbEntity
  8
LINES
100
AcDbLine
 10
328.0
 20
70.72
 30
0.0
 11
328.0
 21
71.68
 31
0.0
  0
LINE
  5
C55
330
17
100
AcDbEntity
  8
LINES
100
AcDbLine
 10
328.59999999999997
 20
70.12
 30
0.0
 11
329.2
 21
70.12
 31
0.0
  0
LINE
  5
C56
330
17
100
AcDbEntity
  8
LINES
100
AcDbLine
 10
331.36
 20
70.12
 30
0.0
 11
331.36
 21
71.68
 31
0.0
  0
LINE
  5
C57
330
17
100
AcDbEntity
  8
LINES
100
AcDbLine
 10
333.52
 20
71.56
 30
0.0
 11
334.24
 21
71.56
 31
0.0
  0
LINE
  5
C58
330
17
100
AcDbEntity
  8
LINES
100
AcDbLine
 10
338.2
 20
70.12
 30
0.0
 11
338.92
 21
70.12
 31
0.0
  0
LINE
  5
C59
330
17
100
AcDbEntity
  8
LINES
100
AcDbLine
 10
337.71999999999997
 20
70.6
 30
0.0
 11
337.71999999999997
 21
71.56
 31
0.0
  0
LINE
  5
C5A
330
17
100
AcDbEntity
  8
LINES
100
AcDbLine
 10
340.12
 20
70.96000000000001
 30
0.0
 11
340.96
 21
71.44
 31
0.0
  0
LINE
  5
C5B
330
17
100
AcDbEntity
  8
LINES
100
AcDbLine
 10
342.15999999999997
 20
70.96000000000001
 30
0.0
 11
343.0
 21
71.44
 31
0.0
  0
LINE
  5
C5C
330
17
100
AcDbEntity
  8
LINES
100
AcDbLine
 10
344.2
 20
70.12
 30
0.0
 11
344.2
 21
70.24000000000001
 31
0.0
  0
LINE
  5
C5D
330
17
100
AcDbEntity
  8
LINES
100
AcDbLine
 10
346.36
 20
70.12
 30
0.0
 11
346.36
 21
73.47999999999999
 31
0.0
  0
LINE
  5
C5E
330
17
100
AcDbEntity
  8
LINES
100
AcDbLine
 10
346.36
 20
71.44
 30
0.0
 11
347.8
 21
73.47999999999999
 31
0.0
  0
LINE
  5
C5F
330
17
100
AcDbEntity
  8
LINES
100
AcDbLine
 10
346.84
 20
70.12
 30
0.0
 11
347.8
 21
72.28
 31
0.0
  0
LINE
  5
C60
330
17
100
AcDbEntity
  8
LINES
100
AcDbLine
 10
348.88
 20
68.92
 30
0.0
 11
349.47999999999996
 21
68.92
 31
0.0
  0
LINE
  5
C61
330
17
100
AcDbEntity
  8
LINES
100
AcDbLine
 10
348.76
 20
70.72
 30
0.0
 11
348.76
 21
71.68
 31
0.0
  0
LINE
  5
C62
330
17
100
AcDbEntity
  8
LINES
100
AcDbLine
 10
349.24
 20
70.12
 30
0.0
 11
349.96
 21
70.12
 31
0.0
  0
LINE
  5
C63
330
17
100
AcDbEntity
  8
LINES
100
AcDbLine
 10
350.92
 20
70.12
 30
0.0
 11
352.12
 21
73.47999999999999
 31
0.0
  0
LINE
  5
C64
330
17
100
AcDbEntity
  8
LINES
100
AcDbLine
 10
353.56
 20
70.12
 30
0.0
 11
353.91999999999996
 21
70.12
 31
0.0
  0
LINE
  5
C65
330
17
100
AcDbEntity
  8
LINES
100
AcDbLine
 10
353.08
 20
70.72
 30
0.0
 11
353.08
 21
71.68
 31
0.0
  0
LINE
  5
C66
330
17
100
AcDbEntity
  8
LINES
100
AcDbLine
 10
353.56
 20
72.4
 30
0.0
 11
353.91999999999996
 21
72.4
 31
0.0
  0
LINE
  5
C67
330
17
100
AcDbEntity
  8
LINES
100
AcDbLine
 10
356.68
 20
70.12
 30
0.0
 11
356.68
 21
71.68
 31
0.0
  0
LINE
  5
C68
330
17
100
AcDbEntity
  8
LINES
100
AcDbLine
 10
355.71999999999997
 20
70.12
 30
0.0
 11
355.71999999999997
 21
72.4
 31
0.0
  0
LINE
  5
C69
330
17
100
AcDbEntity
  8
LINES
100
AcDbLine
 10
358.96
 20
68.92
 30
0.0
 11
359.56
 21
68.92
 31
0.0
  0
LINE
  5
C6A
330
17
100
AcDbEntity
  8
LINES
100
AcDbLine
 10
358.84
 20
70.72
 30
0.0
 11
358.84
 21
71.68
 31
0.0
  0
LINE
  5
C6B
330
17
100
AcDbEntity
  8
LINES
100
AcDbLine
 10
359.32
 20
70.12
 30
0.0
 11
360.03999999999996
 21
70.12
 31
0.0
  0
LINE
  5
C6C
330
17
100
AcDbEntity
  8
LINES
100
AcDbLine
 10
320.2
 20
60.28
 30
0.0
 11
320.92
 21
60.28
 31
0.0
  0
LINE
  5
C6D
330
17
100
AcDbEntity
  8
LINES
100
AcDbLine
 10
321.76
 20
61.239999999999995
 30
0.0
 11
321.76
 21
62.68
 31
0.0
  0
LINE
  5
C6E
330
17
100
AcDbEntity
  8
LINES
100
AcDbLine
 10
323.08
 20
60.28
 30
0.0
 11
323.92
 21
60.28
 31
0.0
  0
LINE
  5
C6F
330
17
100
AcDbEntity
  8
LINES
100
AcDbLine
 10
322.59999999999997
 20
60.76
 30
0.0
 11
322.59999999999997
 21
61.72
 31
0.0
  0
LINE
  5
C70
330
17
100
AcDbEntity
  8
LINES
100
AcDbLine
 10
325.0
 20
61.12
 30
0.0
 11
325.84
 21
61.72
 31
0.0
  0
LINE
  5
C71
330
17
100
AcDbEntity
  8
LINES
100
AcDbLine
 10
326.92
 20
60.28
 30
0.0
 11
326.92
 21
62.56
 31
0.0
  0
LINE
  5
C72
330
17
100
AcDbEntity
  8
LINES
100
AcDbLine
 10
326.92
 20
63.519999999999996
 30
0.0
 11
326.92
 21
63.64
 31
0.0
  0
LINE
  5
C73
330
17
100
AcDbEntity
  8
LINES
100
AcDbLine
 10
328.0
 20
59.08
 30
0.0
 11
328.47999999999996
 21
59.08
 31
0.0
  0
LINE
  5
C74
330
17
100
AcDbEntity
  8
LINES
100
AcDbLine
 10
327.88
 20
60.879999999999995
 30
0.0
 11
327.88
 21
61.84
 31
0.0
  0
LINE
  5
C75
330
17
100
AcDbEntity
  8
LINES
100
AcDbLine
 10
328.36
 20
60.28
 30
0.0
 11
329.08
 21
60.28
 31
0.0
  0
LINE
  5
C76
330
17
100
AcDbEntity
  8
LINES
100
AcDbLine
 10
331.24
 20
60.28
 30
0.0
 11
331.24
 21
61.84
 31
0.0
  0
LINE
  5
C77
330
17
100
AcDbEntity
  8
LINES
100
AcDbLine
 10
334.12
 20
60.28
 30
0.0
 11
334.12
 21
63.64
 31
0.0
  0
LINE
  5
C78
330
17
100
AcDbEntity
  8
LINES
100
AcDbLine
 10
333.28
 20
63.64
 30
0.0
 11
334.84
 21
63.64
 31
0.0
  0
LINE
  5
C79
330
17
100
AcDbEntity
  8
LINES
100
AcDbLine
 10
336.15999999999997
 20
60.28
 30
0.0
 11
337.0
 21
60.28
 31
0.0
  0
LINE
  5
C7A
330
17
100
AcDbEntity
  8
LINES
100
AcDbLine
 10
335.8
 20
60.879999999999995
 30
0.0
 11
335.8
 21
61.72
 31
0.0
  0
LINE
  5
C7B
330
17
100
AcDbEntity
  8
LINES
100
AcDbLine
 10
339.76
 20
60.28
 30
0.0
 11
339.76
 21
61.84
 31
0.0
  0
LINE
  5
C7C
330
17
100
AcDbEntity
  8
LINES
100
AcDbLine
 10
338.8
 20
60.28
 30
0.0
 11
338.8
 21
62.56
 31
0.0
  0
LINE
  5
C7D
330
17
100
AcDbEntity
  8
LINES
100
AcDbLine
 10
341.8
 20
60.879999999999995
 30
0.0
 11
341.8
 21
61.84
 31
0.0
  0
LINE
  5
C7E
330
17
100
AcDbEntity
  8
LINES
100
AcDbLine
 10
340.59999999999997
 20
60.28
 30
0.0
 11
341.32
 21
60.28
 31
0.0
  0
LINE
  5
C7F
330
17
100
AcDbEntity
  8
LINES
100
AcDbLine
 10
342.76
 20
60.28
 30
0.0
 11
342.76
 21
60.4
 31
0.0
  0
LINE
  5
C80
330
17
100
AcDbEntity
  8
LINES
100
AcDbLine
 10
345.4
 20
60.28
 30
0.0
 11
345.76
 21
60.28
 31
0.0
  0
LINE
  5
C81
330
17
100
AcDbEntity
  8
LINES
100
AcDbLine
 10
344.92
 20
60.879999999999995
 30
0.0
 11
344.92
 21
61.84
 31
0.0
  0
LINE
  5
C82
330
17
100
AcDbEntity
  8
LINES
100
AcDbLine
 10
345.4
 20
62.56
 30
0.0
 11
345.76
 21
62.56
 31
0.0
  0
LINE
  5
C83
330
17
100
AcDbEntity
  8
LINES
100
AcDbLine
 10
407.44
 20
81.52
 30
0.0
 11
408.15999999999997
 21
81.52
 31
0.0
  0
LINE
  5
C84
330
17
100
AcDbEntity
  8
LINES
100
AcDbLine
 10
409.96
 20
82.36
 30
0.0
 11
410.56
 21
82.36
 31
0.0
  0
LINE
  5
C85
330
17
100
AcDbEntity
  8
LINES
100
AcDbLine
 10
410.32
 20
81.16
 30
0.0
 11
411.03999999999996
 21
81.16
 31
0.0
  0
LINE
  5
C86
330
17
100
AcDbEntity
  8
LINES
100
AcDbLine
 10
412.0
 20
80.08
 30
0.0
 11
412.0
 21
82.36
 31
0.0
  0
LINE
  5
C87
330
17
100
AcDbEntity
  8
LINES
100
AcDbLine
 10
412.0
 20
83.32
 30
0.0
 11
412.0
 21
83.44
 31
0.0
  0
LINE
  5
C88
330
17
100
AcDbEntity
  8
LINES
100
AcDbLine
 10
414.15999999999997
 20
80.08
 30
0.0
 11
414.15999999999997
 21
81.64
 31
0.0
  0
LINE
  5
C89
330
17
100
AcDbEntity
  8
LINES
100
AcDbLine
 10
415.36
 20
80.08
 30
0.0
 11
415.36
 21
83.44
 31
0.0
  0
LINE
  5
C8A
330
17
100
AcDbEntity
  8
LINES
100
AcDbLine
 10
415.0
 20
82.36
 30
0.0
 11
415.96
 21
82.36
 31
0.0
  0
LINE
  5
C8B
330
17
100
AcDbEntity
  8
LINES
100
AcDbLine
 10
418.71999999999997
 20
80.08
 30
0.0
 11
419.32
 21
80.08
 31
0.0
  0
LINE
  5
C8C
330
17
100
AcDbEntity
  8
LINES
100
AcDbLine
 10
418.12
 20
80.92
 30
0.0
 11
418.12
 21
82.6
 31
0.0
  0
LINE
  5
C8D
330
17
100
AcDbEntity
  8
LINES
100
AcDbLine
 10
418.71999999999997
 20
83.44
 30
0.0
 11
419.32
 21
83.44
 31
0.0
  0
LINE
  5
C8E
330
17
100
AcDbEntity
  8
LINES
100
AcDbLine
 10
421.35999999999996
 20
80.8
 30
0.0
 11
421.35999999999996
 21
81.52
 31
0.0
  0
LINE
  5
C8F
330
17
100
AcDbEntity
  8
LINES
100
AcDbLine
 10
420.15999999999997
 20
80.8
 30
0.0
 11
420.15999999999997
 21
81.52
 31
0.0
  0
LINE
  5
C90
330
17
100
AcDbEntity
  8
LINES
100
AcDbLine
 10
422.32
 20
80.68
 30
0.0
 11
422.32
 21
81.64
 31
0.0
  0
LINE
  5
C91
330
17
100
AcDbEntity
  8
LINES
100
AcDbLine
 10
422.91999999999996
 20
82.36
 30
0.0
 11
423.52
 21
82.36
 31
0.0
  0
LINE
  5
C92
330
17
100
AcDbEntity
  8
LINES
100
AcDbLine
 10
424.96
 20
80.08
 30
0.0
 11
425.68
 21
80.08
 31
0.0
  0
LINE
  5
C93
330
17
100
AcDbEntity
  8
LINES
100
AcDbLine
 10
424.47999999999996
 20
80.56
 30
0.0
 11
424.47999999999996
 21
81.52
 31
0.0
  0
LINE
  5
C94
330
17
100
AcDbEntity
  8
LINES
100
AcDbLine
 10
407.44
 20
70.24000000000001
 30
0.0
 11
407.44
 21
73.6
 31
0.0
  0
LINE
  5
C95
330
17
100
AcDbEntity
  8
LINES
100
AcDbLine
 10
409.47999999999996
 20
70.24000000000001
 30
0.0
 11
409.47999999999996
 21
71.8
 31
0.0
  0
LINE
  5
C96
330
17
100
AcDbEntity
  8
LINES
100
AcDbLine
 10
410.68
 20
71.08
 30
0.0
 11
411.4
 21
71.68
 31
0.0
  0
LINE
  5
C97
330
17
100
AcDbEntity
  8
LINES
100
AcDbLine
 10
412.59999999999997
 20
70.84
 30
0.0
 11
412.59999999999997
 21
72.52
 31
0.0
  0
LINE
  5
C98
330
17
100
AcDbEntity
  8
LINES
100
AcDbLine
 10
414.76
 20
70.6
 30
0.0
 11
414.76
 21
73.6
 31
0.0
  0
LINE
  5
C99
330
17
100
AcDbEntity
  8
LINES
100
AcDbLine
 10
416.08
 20
72.52
 30
0.0
 11
416.68
 21
72.52
 31
0.0
  0
LINE
  5
C9A
330
17
100
AcDbEntity
  8
LINES
100
AcDbLine
 10
416.44
 20
71.32
 30
0.0
 11
417.15999999999997
 21
71.32
 31
0.0
  0
LINE
  5
C9B
330
17
100
AcDbEntity
  8
LINES
100
AcDbLine
 10
418.35999999999996
 20
70.24000000000001
 30
0.0
 11
418.35999999999996
 21
73.6
 31
0.0
  0
LINE
  5
C9C
330
17
100
AcDbEntity
  8
LINES
100
AcDbLine
 10
418.12
 20
72.52
 30
0.0
 11
418.96
 21
72.52
 31
0.0
  0
LINE
  5
C9D
330
17
100
AcDbEntity
  8
LINES
100
AcDbLine
 10
419.91999999999996
 20
70.24000000000001
 30
0.0
 11
419.91999999999996
 21
72.52
 31
0.0
  0
LINE
  5
C9E
330
17
100
AcDbEntity
  8
LINES
100
AcDbLine
 10
419.91999999999996
 20
73.47999999999999
 30
0.0
 11
419.91999999999996
 21
73.6
 31
0.0
  0
LINE
  5
C9F
330
17
100
AcDbEntity
  8
LINES
100
AcDbLine
 10
422.08
 20
70.96000000000001
 30
0.0
 11
422.08
 21
71.8
 31
0.0
  0
LINE
  5
CA0
330
17
100
AcDbEntity
  8
LINES
100
AcDbLine
 10
420.76
 20
70.96000000000001
 30
0.0
 11
420.76
 21
71.8
 31
0.0
  0
LINE
  5
CA1
330
17
100
AcDbEntity
  8
LINES
100
AcDbLine
 10
424.12
 20
70.24000000000001
 30
0.0
 11
424.12
 21
71.8
 31
0.0
  0
LINE
  5
CA2
330
17
100
AcDbEntity
  8
LINES
100
AcDbLine
 10
427.12
 20
70.24000000000001
 30
0.0
 11
427.12
 21
73.6
 31
0.0
  0
LINE
  5
CA3
330
17
100
AcDbEntity
  8
LINES
100
AcDbLine
 10
426.28
 20
73.6
 30
0.0
 11
427.84
 21
73.6
 31
0.0
  0
LINE
  5
CA4
330
17
100
AcDbEntity
  8
LINES
100
AcDbLine
 10
428.68
 20
70.24000000000001
 30
0.0
 11
429.4
 21
72.52
 31
0.0
  0
LINE
  5
CA5
330
17
100
AcDbEntity
  8
LINES
100
AcDbLine
 10
432.03999999999996
 20
70.84
 30
0.0
 11
432.03999999999996
 21
71.8
 31
0.0
  0
LINE
  5
CA6
330
17
100
AcDbEntity
  8
LINES
100
AcDbLine
 10
430.84
 20
70.24000000000001
 30
0.0
 11
431.56
 21
70.24000000000001
 31
0.0
  0
LINE
  5
CA7
330
17
100
AcDbEntity
  8
LINES
100
AcDbLine
 10
433.0
 20
70.24000000000001
 30
0.0
 11
433.0
 21
70.36
 31
0.0
  0
LINE
  5
CA8
330
17
100
AcDbEntity
  8
LINES
100
AcDbLine
 10
407.44
 20
61.239999999999995
 30
0.0
 11
407.44
 21
64.6
 31
0.0
  0
LINE
  5
CA9
330
17
100
AcDbEntity
  8
LINES
100
AcDbLine
 10
409.47999999999996
 20
61.239999999999995
 30
0.0
 11
409.47999999999996
 21
62.8
 31
0.0
  0
LINE
  5
CAA
330
17
100
AcDbEntity
  8
LINES
100
AcDbLine
 10
410.68
 20
62.08
 30
0.0
 11
411.4
 21
62.56
 31
0.0
  0
LINE
  5
CAB
330
17
100
AcDbEntity
  8
LINES
100
AcDbLine
 10
412.59999999999997
 20
61.84
 30
0.0
 11
412.59999999999997
 21
63.519999999999996
 31
0.0
  0
LINE
  5
CAC
330
17
100
AcDbEntity
  8
LINES
100
AcDbLine
 10
414.76
 20
61.599999999999994
 30
0.0
 11
414.76
 21
64.6
 31
0.0
  0
LINE
  5
CAD
330
17
100
AcDbEntity
  8
LINES
100
AcDbLine
 10
415.96
 20
61.239999999999995
 30
0.0
 11
415.96
 21
61.36
 31
0.0
  0
LINE
  5
CAE
330
17
100
AcDbEntity
  8
LINES
100
AcDbLine
 10
417.64
 20
61.239999999999995
 30
0.0
 11
417.64
 21
64.6
 31
0.0
  0
LINE
  5
CAF
330
17
100
AcDbEntity
  8
LINES
100
AcDbLine
 10
416.8
 20
64.6
 30
0.0
 11
418.35999999999996
 21
64.6
 31
0.0
  0
LINE
  5
CB0
330
17
100
AcDbEntity
  8
LINES
100
AcDbLine
 10
419.32
 20
61.239999999999995
 30
0.0
 11
419.32
 21
64.6
 31
0.0
  0
LINE
  5
CB1
330
17
100
AcDbEntity
  8
LINES
100
AcDbLine
 10
419.32
 20
63.519999999999996
 30
0.0
 11
419.91999999999996
 21
63.519999999999996
 31
0.0
  0
LINE
  5
CB2
330
17
100
AcDbEntity
  8
LINES
100
AcDbLine
 10
420.52
 20
61.239999999999995
 30
0.0
 11
420.52
 21
62.8
 31
0.0
  0
LINE
  5
CB3
330
17
100
AcDbEntity
  8
LINES
100
AcDbLine
 10
421.47999999999996
 20
61.239999999999995
 30
0.0
 11
421.47999999999996
 21
64.6
 31
0.0
  0
LINE
  5
CB4
330
17
100
AcDbEntity
  8
LINES
100
AcDbLine
 10
421.47999999999996
 20
62.32
 30
0.0
 11
422.68
 21
63.04
 31
0.0
  0
LINE
  5
CB5
330
17
100
AcDbEntity
  8
LINES
100
AcDbLine
 10
422.08
 20
61.239999999999995
 30
0.0
 11
422.68
 21
62.68
 31
0.0
  0
LINE
  5
CB6
330
17
100
AcDbEntity
  8
LINES
100
AcDbLine
 10
423.52
 20
61.239999999999995
 30
0.0
 11
423.52
 21
61.36
 31
0.0
  0
LINE
  5
CB7
330
17
100
AcDbEntity
  8
LINES
100
AcDbLine
 10
427.47999999999996
 20
61.239999999999995
 30
0.0
 11
427.47999999999996
 21
62.8
 31
0.0
  0
LINE
  5
CB8
330
17
100
AcDbEntity
  8
LINES
100
AcDbLine
 10
426.64
 20
61.239999999999995
 30
0.0
 11
426.64
 21
63.519999999999996
 31
0.0
  0
LINE
  5
CB9
330
17
100
AcDbEntity
  8
LINES
100
AcDbLine
 10
430.24
 20
61.239999999999995
 30
0.0
 11
430.24
 21
62.8
 31
0.0
  0
LINE
  5
CBA
330
17
100
AcDbEntity
  8
LINES
100
AcDbLine
 10
429.4
 20
61.239999999999995
 30
0.0
 11
429.4
 21
63.519999999999996
 31
0.0
  0
LINE
  5
CBB
330
17
100
AcDbEntity
  8
LINES
100
AcDbLine
 10
407.44
 20
90.03999999999999
 30
0.0
 11
408.15999999999997
 21
90.03999999999999
 31
0.0
  0
LINE
  5
CBC
330
17
100
AcDbEntity
  8
LINES
100
AcDbLine
 10
413.2
 20
88.47999999999999
 30
0.0
 11
413.2
 21
91.96000000000001
 31
0.0
  0
LINE
  5
CBD
330
17
100
AcDbEntity
  8
LINES
100
AcDbLine
 10
413.2
 20
90.4
 30
0.0
 11
414.76
 21
90.4
 31
0.0
  0
LINE
  5
CBE
330
17
100
AcDbEntity
  8
LINES
100
AcDbLine
 10
414.76
 20
88.47999999999999
 30
0.0
 11
414.76
 21
91.96000000000001
 31
0.0
  0
LINE
  5
CBF
330
17
100
AcDbEntity
  8
LINES
100
AcDbLine
 10
416.44
 20
88.47999999999999
 30
0.0
 11
416.44
 21
91.96000000000001
 31
0.0
  0
LINE
  5
CC0
330
17
100
AcDbEntity
  8
LINES
100
AcDbLine
 10
415.59999999999997
 20
91.96000000000001
 30
0.0
 11
417.15999999999997
 21
91.96000000000001
 31
0.0
  0
LINE
  5
CC1
330
17
100
AcDbEntity
  8
LINES
100
AcDbLine
 10
435.15999999999997
 20
39.4
 30
0.0
 11
435.15999999999997
 21
93.64
 31
0.0
  0
LINE
  5
CC2
330
17
100
AcDbEntity
  8
LINES
100
AcDbLine
 10
361.84
 20
39.519999999999996
 30
0.0
 11
361.84
 21
93.88
 31
0.0
  0
LINE
  5
CC3
330
17
100
AcDbEntity
  8
LINES
100
AcDbLine
 10
820.36
 20
75.75999999999999
 30
0.0
 11
1137.1599999999999
 21
75.75999999999999
 31
0.0
  0
LINE
  5
CC4
330
17
100
AcDbEntity
  8
LINES
100
AcDbLine
 10
826.6
 20
69.03999999999999
 30
0.0
 11
826.6
 21
74.08
 31
0.0
  0
LINE
  5
CC5
330
17
100
AcDbEntity
  8
LINES
100
AcDbLine
 10
825.52
 20
74.08
 30
0.0
 11
827.68
 21
74.08
 31
0.0
  0
LINE
  5
CC6
330
17
100
AcDbEntity
  8
LINES
100
AcDbLine
 10
829.12
 20
69.03999999999999
 30
0.0
 11
829.12
 21
74.08
 31
0.0
  0
LINE
  5
CC7
330
17
100
AcDbEntity
  8
LINES
100
AcDbLine
 10
831.52
 20
69.03999999999999
 30
0.0
 11
831.52
 21
74.08
 31
0.0
  0
LINE
  5
CC8
330
17
100
AcDbEntity
  8
LINES
100
AcDbLine
 10
830.4399999999999
 20
74.08
 30
0.0
 11
832.6
 21
74.08
 31
0.0
  0
LINE
  5
CC9
330
17
100
AcDbEntity
  8
LINES
100
AcDbLine
 10
837.04
 20
71.8
 30
0.0
 11
838.48
 21
71.8
 31
0.0
  0
LINE
  5
CCA
330
17
100
AcDbEntity
  8
LINES
100
AcDbLine
 10
841.9599999999999
 20
69.64
 30
0.0
 11
841.9599999999999
 21
69.88
 31
0.0
  0
LINE
  5
CCB
330
17
100
AcDbEntity
  8
LINES
100
AcDbLine
 10
841.9599999999999
 20
71.56
 30
0.0
 11
841.9599999999999
 21
71.8
 31
0.0
  0
LINE
  5
CCC
330
17
100
AcDbEntity
  8
LINES
100
AcDbLine
 10
845.0799999999999
 20
71.8
 30
0.0
 11
846.4
 21
71.8
 31
0.0
  0
LINE
  5
CCD
330
17
100
AcDbEntity
  8
LINES
100
AcDbLine
 10
848.1999999999999
 20
71.32
 30
0.0
 11
849.4
 21
71.32
 31
0.0
  0
LINE
  5
CCE
330
17
100
AcDbEntity
  8
LINES
100
AcDbLine
 10
849.52
 20
69.03999999999999
 30
0.0
 11
850.48
 21
71.32
 31
0.0
  0
LINE
  5
CCF
330
17
100
AcDbEntity
  8
LINES
100
AcDbLine
 10
851.8
 20
71.8
 30
0.0
 11
853.12
 21
71.8
 31
0.0
  0
LINE
  5
CD0
330
17
100
AcDbEntity
  8
LINES
100
AcDbLine
 10
855.88
 20
69.03999999999999
 30
0.0
 11
856.7199999999999
 21
69.03999999999999
 31
0.0
  0
LINE
  5
CD1
330
17
100
AcDbEntity
  8
LINES
100
AcDbLine
 10
854.92
 20
70.24000000000001
 30
0.0
 11
854.92
 21
72.75999999999999
 31
0.0
  0
LINE
  5
CD2
330
17
100
AcDbEntity
  8
LINES
100
AcDbLine
 10
855.88
 20
74.08
 30
0.0
 11
856.7199999999999
 21
74.08
 31
0.0
  0
LINE
  5
CD3
330
17
100
AcDbEntity
  8
LINES
100
AcDbLine
 10
859.12
 20
69.03999999999999
 30
0.0
 11
859.12
 21
74.08
 31
0.0
  0
LINE
  5
CD4
330
17
100
AcDbEntity
  8
LINES
100
AcDbLine
 10
858.04
 20
74.08
 30
0.0
 11
860.3199999999999
 21
74.08
 31
0.0
  0
LINE
  5
CD5
330
17
100
AcDbEntity
  8
LINES
100
AcDbLine
 10
861.64
 20
69.03999999999999
 30
0.0
 11
861.64
 21
74.08
 31
0.0
  0
LINE
  5
CD6
330
17
100
AcDbEntity
  8
LINES
100
AcDbLine
 10
862.9599999999999
 20
70.47999999999999
 30
0.0
 11
862.9599999999999
 21
72.64
 31
0.0
  0
LINE
  5
CD7
330
17
100
AcDbEntity
  8
LINES
100
AcDbLine
 10
865.24
 20
70.47999999999999
 30
0.0
 11
865.24
 21
72.64
 31
0.0
  0
LINE
  5
CD8
330
17
100
AcDbEntity
  8
LINES
100
AcDbLine
 10
871.8399999999999
 20
69.03999999999999
 30
0.0
 11
872.92
 21
69.03999999999999
 31
0.0
  0
LINE
  5
CD9
330
17
100
AcDbEntity
  8
LINES
100
AcDbLine
 10
874.12
 20
70.6
 30
0.0
 11
874.12
 21
72.52
 31
0.0
  0
LINE
  5
CDA
330
17
100
AcDbEntity
  8
LINES
100
AcDbLine
 10
875.4399999999999
 20
71.32
 30
0.0
 11
876.52
 21
71.32
 31
0.0
  0
LINE
  5
CDB
330
17
100
AcDbEntity
  8
LINES
100
AcDbLine
 10
876.76
 20
69.03999999999999
 30
0.0
 11
877.7199999999999
 21
71.32
 31
0.0
  0
LINE
  5
CDC
330
17
100
AcDbEntity
  8
LINES
100
AcDbLine
 10
879.4
 20
70.47999999999999
 30
0.0
 11
881.3199999999999
 21
70.47999999999999
 31
0.0
  0
LINE
  5
CDD
330
17
100
AcDbEntity
  8
LINES
100
AcDbLine
 10
887.92
 20
69.03999999999999
 30
0.0
 11
887.92
 21
74.08
 31
0.0
  0
LINE
  5
CDE
330
17
100
AcDbEntity
  8
LINES
100
AcDbLine
 10
892.8399999999999
 20
70.47999999999999
 30
0.0
 11
892.8399999999999
 21
72.64
 31
0.0
  0
LINE
  5
CDF
330
17
100
AcDbEntity
  8
LINES
100
AcDbLine
 10
893.92
 20
74.08
 30
0.0
 11
895.12
 21
74.08
 31
0.0
  0
LINE
  5
CE0
330
17
100
AcDbEntity
  8
LINES
100
AcDbLine
 10
1053.6399999999999
 20
155.56
 30
0.0
 11
1054.6
 21
155.56
 31
0.0
  0
LINE
  5
CE1
330
17
100
AcDbEntity
  8
LINES
100
AcDbLine
 10
1052.44
 20
156.64
 30
0.0
 11
1052.44
 21
159.04
 31
0.0
  0
LINE
  5
CE2
330
17
100
AcDbEntity
  8
LINES
100
AcDbLine
 10
1053.6399999999999
 20
160.24
 30
0.0
 11
1054.6
 21
160.24
 31
0.0
  0
LINE
  5
CE3
330
17
100
AcDbEntity
  8
LINES
100
AcDbLine
 10
1056.1599999999999
 20
156.39999999999998
 30
0.0
 11
1056.1599999999999
 21
158.68
 31
0.0
  0
LINE
  5
CE4
330
17
100
AcDbEntity
  8
LINES
100
AcDbLine
 10
1060.24
 20
155.56
 30
0.0
 11
1060.24
 21
160.24
 31
0.0
  0
LINE
  5
CE5
330
17
100
AcDbEntity
  8
LINES
100
AcDbLine
 10
1059.76
 20
158.68
 30
0.0
 11
1061.32
 21
158.68
 31
0.0
  0
LINE
  5
CE6
330
17
100
AcDbEntity
  8
LINES
100
AcDbLine
 10
1069.36
 20
155.56
 30
0.0
 11
1070.56
 21
155.56
 31
0.0
  0
LINE
  5
CE7
330
17
100
AcDbEntity
  8
LINES
100
AcDbLine
 10
1068.52
 20
156.28
 30
0.0
 11
1068.52
 21
157.6
 31
0.0
  0
LINE
  5
CE8
330
17
100
AcDbEntity
  8
LINES
100
AcDbLine
 10
1074.28
 20
155.56
 30
0.0
 11
1074.28
 21
157.72
 31
0.0
  0
LINE
  5
CE9
330
17
100
AcDbEntity
  8
LINES
100
AcDbLine
 10
1076.08
 20
154.0
 30
0.0
 11
1076.92
 21
154.0
 31
0.0
  0
LINE
  5
CEA
330
17
100
AcDbEntity
  8
LINES
100
AcDbLine
 10
1075.84
 20
156.39999999999998
 30
0.0
 11
1075.84
 21
157.72
 31
0.0
  0
LINE
  5
CEB
330
17
100
AcDbEntity
  8
LINES
100
AcDbLine
 10
1076.68
 20
155.56
 30
0.0
 11
1077.8799999999999
 21
155.56
 31
0.0
  0
LINE
  5
CEC
330
17
100
AcDbEntity
  8
LINES
100
AcDbLine
 10
1079.92
 20
155.56
 30
0.0
 11
1079.92
 21
160.24
 31
0.0
  0
LINE
  5
CED
330
17
100
AcDbEntity
  8
LINES
100
AcDbLine
 10
1079.44
 20
158.68
 30
0.0
 11
1081.0
 21
158.68
 31
0.0
  0
LINE
  5
CEE
330
17
100
AcDbEntity
  8
LINES
100
AcDbLine
 10
1082.56
 20
155.56
 30
0.0
 11
1082.56
 21
160.24
 31
0.0
  0
LINE
  5
CEF
330
17
100
AcDbEntity
  8
LINES
100
AcDbLine
 10
1082.56
 20
158.68
 30
0.0
 11
1083.6399999999999
 21
158.68
 31
0.0
  0
LINE
  5
CF0
330
17
100
AcDbEntity
  8
LINES
100
AcDbLine
 10
1084.6
 20
155.56
 30
0.0
 11
1084.6
 21
157.72
 31
0.0
  0
LINE
  5
CF1
330
17
100
AcDbEntity
  8
LINES
100
AcDbLine
 10
1028.32
 20
157.48
 30
0.0
 11
1029.4
 21
157.48
 31
0.0
  0
LINE
  5
CF2
330
17
100
AcDbEntity
  8
LINES
100
AcDbLine
 10
1034.92
 20
156.64
 30
0.0
 11
1034.92
 21
158.8
 31
0.0
  0
LINE
  5
CF3
330
17
100
AcDbEntity
  8
LINES
100
AcDbLine
 10
1037.08
 20
156.64
 30
0.0
 11
1037.08
 21
158.8
 31
0.0
  0
LINE
  5
CF4
330
17
100
AcDbEntity
  8
LINES
100
AcDbLine
 10
1109.68
 20
155.32
 30
0.0
 11
1109.68
 21
155.68
 31
0.0
  0
LINE
  5
CF5
330
17
100
AcDbEntity
  8
LINES
100
AcDbLine
 10
1111.84
 20
157.36
 30
0.0
 11
1113.28
 21
158.07999999999998
 31
0.0
  0
LINE
  5
CF6
330
17
100
AcDbEntity
  8
LINES
100
AcDbLine
 10
1115.44
 20
155.32
 30
0.0
 11
1115.44
 21
155.68
 31
0.0
  0
LINE
  5
CF7
330
17
100
AcDbEntity
  8
LINES
100
AcDbLine
 10
830.56
 20
164.32
 30
0.0
 11
830.56
 21
459.88
 31
0.0
  0
LINE
  5
CF8
330
17
100
AcDbEntity
  8
LINES
100
AcDbLine
 10
854.4399999999999
 20
164.32
 30
0.0
 11
854.4399999999999
 21
459.88
 31
0.0
  0
LINE
  5
CF9
330
17
100
AcDbEntity
  8
LINES
100
AcDbLine
 10
944.68
 20
164.32
 30
0.0
 11
944.68
 21
459.88
 31
0.0
  0
LINE
  5
CFA
330
17
100
AcDbEntity
  8
LINES
100
AcDbLine
 10
1116.6399999999999
 20
164.32
 30
0.0
 11
1116.6399999999999
 21
459.88
 31
0.0
  0
LINE
  5
CFB
330
17
100
AcDbEntity
  8
LINES
100
AcDbLine
 10
1015.48
 20
152.2
 30
0.0
 11
1015.48
 21
162.76
 31
0.0
  0
LINE
  5
CFC
330
17
100
AcDbEntity
  8
LINES
100
AcDbLine
 10
820.36
 20
164.32
 30
0.0
 11
1137.1599999999999
 21
164.32
 31
0.0
  0
LINE
  5
CFD
330
17
100
AcDbEntity
  8
LINES
100
AcDbLine
 10
944.68
 20
152.2
 30
0.0
 11
944.68
 21
162.76
 31
0.0
  0
LINE
  5
CFE
330
17
100
AcDbEntity
  8
LINES
100
AcDbLine
 10
866.0799999999999
 20
54.04
 30
0.0
 11
866.8
 21
55.84
 31
0.0
  0
LINE
  5
CFF
330
17
100
AcDbEntity
  8
LINES
100
AcDbLine
 10
866.8
 20
54.04
 30
0.0
 11
867.64
 21
55.84
 31
0.0
  0
LINE
  5
D00
330
17
100
AcDbEntity
  8
LINES
100
AcDbLine
 10
869.1999999999999
 20
53.08
 30
0.0
 11
872.4399999999999
 21
53.08
 31
0.0
  0
LINE
  5
D01
330
17
100
AcDbEntity
  8
LINES
100
AcDbLine
 10
878.92
 20
53.08
 30
0.0
 11
882.16
 21
53.08
 31
0.0
  0
LINE
  5
D02
330
17
100
AcDbEntity
  8
LINES
100
AcDbLine
 10
883.7199999999999
 20
50.32
 30
0.0
 11
885.4
 21
50.32
 31
0.0
  0
LINE
  5
D03
330
17
100
AcDbEntity
  8
LINES
100
AcDbLine
 10
891.76
 20
50.32
 30
0.0
 11
893.4399999999999
 21
50.32
 31
0.0
  0
LINE
  5
D04
330
17
100
AcDbEntity
  8
LINES
100
AcDbLine
 10
895.0
 20
53.08
 30
0.0
 11
898.24
 21
53.08
 31
0.0
  0
LINE
  5
D05
330
17
100
AcDbEntity
  8
LINES
100
AcDbLine
 10
923.1999999999999
 20
53.08
 30
0.0
 11
926.4399999999999
 21
53.08
 31
0.0
  0
LINE
  5
D06
330
17
100
AcDbEntity
  8
LINES
100
AcDbLine
 10
928.0
 20
52.12
 30
0.0
 11
931.24
 21
52.12
 31
0.0
  0
LINE
  5
D07
330
17
100
AcDbEntity
  8
LINES
100
AcDbLine
 10
932.92
 20
50.32
 30
0.0
 11
934.48
 21
50.32
 31
0.0
  0
LINE
  5
D08
330
17
100
AcDbEntity
  8
LINES
100
AcDbLine
 10
940.9599999999999
 20
52.12
 30
0.0
 11
944.1999999999999
 21
52.12
 31
0.0
  0
LINE
  5
D09
330
17
100
AcDbEntity
  8
LINES
100
AcDbLine
 10
945.76
 20
53.08
 30
0.0
 11
949.0
 21
53.08
 31
0.0
  0
LINE
  5
D0A
330
17
100
AcDbEntity
  8
LINES
100
AcDbLine
 10
955.36
 20
53.08
 30
0.0
 11
958.5999999999999
 21
53.08
 31
0.0
  0
LINE
  5
D0B
330
17
100
AcDbEntity
  8
LINES
100
AcDbLine
 10
961.0
 20
50.32
 30
0.0
 11
961.0
 21
55.84
 31
0.0
  0
LINE
  5
D0C
330
17
100
AcDbEntity
  8
LINES
100
AcDbLine
 10
1111.36
 20
41.68
 30
0.0
 11
1112.92
 21
41.68
 31
0.0
  0
LINE
  5
D0D
330
17
100
AcDbEntity
  8
LINES
100
AcDbLine
 10
1127.8
 20
41.68
 30
0.0
 11
1129.48
 21
41.68
 31
0.0
  0
LINE
  5
D0E
330
17
100
AcDbEntity
  8
LINES
100
AcDbLine
 10
436.96
 20
72.75999999999999
 30
0.0
 11
438.03999999999996
 21
72.75999999999999
 31
0.0
  0
LINE
  5
D0F
330
17
100
AcDbEntity
  8
LINES
100
AcDbLine
 10
437.56
 20
69.03999999999999
 30
0.0
 11
437.56
 21
72.75999999999999
 31
0.0
  0
LINE
  5
D10
330
17
100
AcDbEntity
  8
LINES
100
AcDbLine
 10
436.96
 20
69.03999999999999
 30
0.0
 11
438.03999999999996
 21
69.03999999999999
 31
0.0
  0
LINE
  5
D11
330
17
100
AcDbEntity
  8
LINES
100
AcDbLine
 10
448.59999999999997
 20
70.84
 30
0.0
 11
450.64
 21
70.84
 31
0.0
  0
LINE
  5
D12
330
17
100
AcDbEntity
  8
LINES
100
AcDbLine
 10
1098.28
 20
50.68
 30
0.0
 11
1099.96
 21
50.68
 31
0.0
  0
LINE
  5
D13
330
17
100
AcDbEntity
  8
LINES
100
AcDbLine
 10
1099.48
 20
61.599999999999994
 30
0.0
 11
1102.6
 21
61.599999999999994
 31
0.0
  0
LINE
  5
D14
330
17
100
AcDbEntity
  8
LINES
100
AcDbLine
 10
1104.28
 20
59.8
 30
0.0
 11
1105.84
 21
59.8
 31
0.0
  0
LINE
  5
D15
330
17
100
AcDbEntity
  8
LINES
100
AcDbLine
 10
1112.32
 20
61.599999999999994
 30
0.0
 11
1115.56
 21
61.599999999999994
 31
0.0
  0
LINE
  5
D16
330
17
100
AcDbEntity
  8
LINES
100
AcDbLine
 10
439.71999999999997
 20
52.84
 30
0.0
 11
441.88
 21
52.84
 31
0.0
  0
LINE
  5
D17
330
17
100
AcDbEntity
  8
LINES
100
AcDbLine
 10
862.6
 20
41.2
 30
0.0
 11
862.6
 21
46.72
 31
0.0
  0
LINE
  5
D18
330
17
100
AcDbEntity
  8
LINES
100
AcDbLine
 10
881.0799999999999
 20
43.96
 30
0.0
 11
884.3199999999999
 21
43.96
 31
0.0
  0
LINE
  5
D19
330
17
100
AcDbEntity
  8
LINES
100
AcDbLine
 10
885.88
 20
43.96
 30
0.0
 11
887.56
 21
43.96
 31
0.0
  0
LINE
  5
D1A
330
17
100
AcDbEntity
  8
LINES
100
AcDbLine
 10
885.88
 20
41.2
 30
0.0
 11
889.12
 21
41.2
 31
0.0
  0
LINE
  5
D1B
330
17
100
AcDbEntity
  8
LINES
100
AcDbLine
 10
896.4399999999999
 20
41.2
 30
0.0
 11
896.4399999999999
 21
46.72
 31
0.0
  0
LINE
  5
D1C
330
17
100
AcDbEntity
  8
LINES
100
AcDbLine
 10
900.4
 20
43.96
 30
0.0
 11
903.64
 21
43.96
 31
0.0
  0
LINE
  5
D1D
330
17
100
AcDbEntity
  8
LINES
100
AcDbLine
 10
905.1999999999999
 20
46.72
 30
0.0
 11
906.88
 21
46.72
 31
0.0
  0
LINE
  5
D1E
330
17
100
AcDbEntity
  8
LINES
100
AcDbLine
 10
906.04
 20
41.2
 30
0.0
 11
906.04
 21
46.72
 31
0.0
  0
LINE
  5
D1F
330
17
100
AcDbEntity
  8
LINES
100
AcDbLine
 10
905.1999999999999
 20
41.2
 30
0.0
 11
906.88
 21
41.2
 31
0.0
  0
LINE
  5
D20
330
17
100
AcDbEntity
  8
RECTANGLES
100
AcDbLine
 10
913.24
 20
41.2
 30
0.0
 11
916.48
 21
41.2
 31
0.0
  0
LINE
  5
D21
330
17
100
AcDbEntity
  8
RECTANGLES
100
AcDbLine
 10
916.48
 20
41.2
 30
0.0
 11
916.48
 21
46.72
 31
0.0
  0
LINE
  5
D22
330
17
100
AcDbEntity
  8
RECTANGLES
100
AcDbLine
 10
916.48
 20
46.72
 30
0.0
 11
913.24
 21
46.72
 31
0.0
  0
LINE
  5
D23
330
17
100
AcDbEntity
  8
RECTANGLES
100
AcDbLine
 10
913.24
 20
46.72
 30
0.0
 11
913.24
 21
41.2
 31
0.0
  0
LINE
  5
D24
330
17
100
AcDbEntity
  8
LINES
100
AcDbLine
 10
918.16
 20
43.96
 30
0.0
 11
921.4
 21
43.96
 31
0.0
  0
LINE
  5
D25
330
17
100
AcDbEntity
  8
LINES
100
AcDbLine
 10
927.76
 20
43.96
 30
0.0
 11
931.0
 21
43.96
 31
0.0
  0
LINE
  5
D26
330
17
100
AcDbEntity
  8
LINES
100
AcDbLine
 10
932.56
 20
41.2
 30
0.0
 11
934.24
 21
41.2
 31
0.0
  0
LINE
  5
D27
330
17
100
AcDbEntity
  8
LINES
100
AcDbLine
 10
940.7199999999999
 20
41.2
 30
0.0
 11
942.28
 21
41.2
 31
0.0
  0
LINE
  5
D28
330
17
100
AcDbEntity
  8
LINES
100
AcDbLine
 10
943.8399999999999
 20
43.96
 30
0.0
 11
947.0799999999999
 21
43.96
 31
0.0
  0
LINE
  5
D29
330
17
100
AcDbEntity
  8
LINES
100
AcDbLine
 10
972.04
 20
43.96
 30
0.0
 11
975.28
 21
43.96
 31
0.0
  0
LINE
  5
D2A
330
17
100
AcDbEntity
  8
LINES
100
AcDbLine
 10
977.68
 20
41.2
 30
0.0
 11
977.68
 21
46.72
 31
0.0
  0
LINE
  5
D2B
330
17
100
AcDbEntity
  8
LINES
100
AcDbLine
 10
862.0
 20
59.32
 30
0.0
 11
862.0
 21
64.96000000000001
 31
0.0
  0
LINE
  5
D2C
330
17
100
AcDbEntity
  8
LINES
100
AcDbLine
 10
880.48
 20
62.2
 30
0.0
 11
883.7199999999999
 21
62.2
 31
0.0
  0
LINE
  5
D2D
330
17
100
AcDbEntity
  8
LINES
100
AcDbLine
 10
885.4
 20
62.2
 30
0.0
 11
886.9599999999999
 21
62.2
 31
0.0
  0
LINE
  5
D2E
330
17
100
AcDbEntity
  8
LINES
100
AcDbLine
 10
885.4
 20
59.32
 30
0.0
 11
888.52
 21
59.32
 31
0.0
  0
LINE
  5
D2F
330
17
100
AcDbEntity
  8
LINES
100
AcDbLine
 10
895.8399999999999
 20
59.32
 30
0.0
 11
898.24
 21
62.2
 31
0.0
  0
LINE
  5
D30
330
17
100
AcDbEntity
  8
LINES
100
AcDbLine
 10
899.8
 20
62.2
 30
0.0
 11
903.04
 21
62.2
 31
0.0
  0
LINE
  5
D31
330
17
100
AcDbEntity
  8
LINES
100
AcDbLine
 10
909.52
 20
64.96000000000001
 30
0.0
 11
911.0799999999999
 21
64.96000000000001
 31
0.0
  0
LINE
  5
D32
330
17
100
AcDbEntity
  8
LINES
100
AcDbLine
 10
910.36
 20
59.32
 30
0.0
 11
910.36
 21
64.96000000000001
 31
0.0
  0
LINE
  5
D33
330
17
100
AcDbEntity
  8
LINES
100
AcDbLine
 10
909.52
 20
59.32
 30
0.0
 11
911.0799999999999
 21
59.32
 31
0.0
  0
LINE
  5
D34
330
17
100
AcDbEntity
  8
LINES
100
AcDbLine
 10
913.6
 20
59.32
 30
0.0
 11
913.6
 21
64.96000000000001
 31
0.0
  0
LINE
  5
D35
330
17
100
AcDbEntity
  8
LINES
100
AcDbLine
 10
917.56
 20
62.2
 30
0.0
 11
920.8
 21
62.2
 31
0.0
  0
LINE
  5
D36
330
17
100
AcDbEntity
  8
LINES
100
AcDbLine
 10
922.36
 20
59.32
 30
0.0
 11
924.04
 21
59.32
 31
0.0
  0
LINE
  5
D37
330
17
100
AcDbEntity
  8
LINES
100
AcDbLine
 10
930.4
 20
59.32
 30
0.0
 11
932.0799999999999
 21
59.32
 31
0.0
  0
LINE
  5
D38
330
17
100
AcDbEntity
  8
LINES
100
AcDbLine
 10
933.64
 20
62.2
 30
0.0
 11
936.88
 21
62.2
 31
0.0
  0
LINE
  5
D39
330
17
100
AcDbEntity
  8
LINES
100
AcDbLine
 10
938.56
 20
59.32
 30
0.0
 11
940.12
 21
59.32
 31
0.0
  0
LINE
  5
D3A
330
17
100
AcDbEntity
  8
LINES
100
AcDbLine
 10
941.68
 20
59.32
 30
0.0
 11
943.36
 21
59.32
 31
0.0
  0
LINE
  5
D3B
330
17
100
AcDbEntity
  8
LINES
100
AcDbLine
 10
366.15999999999997
 20
88.0
 30
0.0
 11
366.15999999999997
 21
88.6
 31
0.0
  0
LINE
  5
D3C
330
17
100
AcDbEntity
  8
LINES
100
AcDbLine
 10
367.24
 20
88.0
 30
0.0
 11
368.32
 21
88.0
 31
0.0
  0
LINE
  5
D3D
330
17
100
AcDbEntity
  8
LINES
100
AcDbLine
 10
366.88
 20
69.75999999999999
 30
0.0
 11
366.88
 21
70.36
 31
0.0
  0
LINE
  5
D3E
330
17
100
AcDbEntity
  8
LINES
100
AcDbLine
 10
367.96
 20
69.75999999999999
 30
0.0
 11
369.03999999999996
 21
69.75999999999999
 31
0.0
  0
LINE
  5
D3F
330
17
100
AcDbEntity
  8
LINES
100
AcDbLine
 10
367.47999999999996
 20
42.64
 30
0.0
 11
367.47999999999996
 21
43.24
 31
0.0
  0
LINE
  5
D40
330
17
100
AcDbEntity
  8
LINES
100
AcDbLine
 10
368.68
 20
42.64
 30
0.0
 11
370.0
 21
42.64
 31
0.0
  0
LINE
  5
D41
330
17
100
AcDbEntity
  8
RECTANGLES
100
AcDbLine
 10
440.56
 20
88.12
 30
0.0
 11
442.59999999999997
 21
88.12
 31
0.0
  0
LINE
  5
D42
330
17
100
AcDbEntity
  8
RECTANGLES
100
AcDbLine
 10
442.59999999999997
 20
88.12
 30
0.0
 11
442.59999999999997
 21
91.84
 31
0.0
  0
LINE
  5
D43
330
17
100
AcDbEntity
  8
RECTANGLES
100
AcDbLine
 10
442.59999999999997
 20
91.84
 30
0.0
 11
440.56
 21
91.84
 31
0.0
  0
LINE
  5
D44
330
17
100
AcDbEntity
  8
RECTANGLES
100
AcDbLine
 10
440.56
 20
91.84
 30
0.0
 11
440.56
 21
88.12
 31
0.0
  0
LINE
  5
D45
330
17
100
AcDbEntity
  8
LINES
100
AcDbLine
 10
500.91999999999996
 20
50.44
 30
0.0
 11
503.32
 21
54.16
 31
0.0
  0
LINE
  5
D46
330
17
100
AcDbEntity
  8
LINES
100
AcDbLine
 10
507.76
 20
50.44
 30
0.0
 11
508.96
 21
50.44
 31
0.0
  0
LINE
  5
D47
330
17
100
AcDbEntity
  8
LINES
100
AcDbLine
 10
510.15999999999997
 20
50.44
 30
0.0
 11
512.6800000000001
 21
54.16
 31
0.0
  0
LINE
  5
D48
330
17
100
AcDbEntity
  8
LINES
100
AcDbLine
 10
577.6
 20
54.76
 30
0.0
 11
578.68
 21
54.76
 31
0.0
  0
LINE
  5
D49
330
17
100
AcDbEntity
  8
LINES
100
AcDbLine
 10
578.1999999999999
 20
51.04
 30
0.0
 11
578.1999999999999
 21
54.76
 31
0.0
  0
LINE
  5
D4A
330
17
100
AcDbEntity
  8
LINES
100
AcDbLine
 10
577.6
 20
51.04
 30
0.0
 11
578.68
 21
51.04
 31
0.0
  0
LINE
  5
D4B
330
17
100
AcDbEntity
  8
LINES
100
AcDbLine
 10
589.24
 20
52.84
 30
0.0
 11
590.3199999999999
 21
52.84
 31
0.0
  0
LINE
  5
D4C
330
17
100
AcDbEntity
  8
LINES
100
AcDbLine
 10
589.24
 20
51.04
 30
0.0
 11
591.28
 21
51.04
 31
0.0
  0
LINE
  5
D4D
330
17
100
AcDbEntity
  8
LINES
100
AcDbLine
 10
592.9599999999999
 20
51.04
 30
0.0
 11
592.9599999999999
 21
54.76
 31
0.0
  0
LINE
  5
D4E
330
17
100
AcDbEntity
  8
LINES
100
AcDbLine
 10
598.72
 20
52.84
 30
0.0
 11
599.8
 21
52.84
 31
0.0
  0
LINE
  5
D4F
330
17
100
AcDbEntity
  8
RECTANGLES
100
AcDbLine
 10
601.84
 20
51.04
 30
0.0
 11
604.0
 21
51.04
 31
0.0
  0
LINE
  5
D50
330
17
100
AcDbEntity
  8
RECTANGLES
100
AcDbLine
 10
604.0
 20
51.04
 30
0.0
 11
604.0
 21
54.76
 31
0.0
  0
LINE
  5
D51
330
17
100
AcDbEntity
  8
RECTANGLES
100
AcDbLine
 10
604.0
 20
54.76
 30
0.0
 11
601.84
 21
54.76
 31
0.0
  0
LINE
  5
D52
330
17
100
AcDbEntity
  8
RECTANGLES
100
AcDbLine
 10
601.84
 20
54.76
 30
0.0
 11
601.84
 21
51.04
 31
0.0
  0
LINE
  5
D53
330
17
100
AcDbEntity
  8
LINES
100
AcDbLine
 10
605.56
 20
51.04
 30
0.0
 11
607.12
 21
52.84
 31
0.0
  0
LINE
  5
D54
330
17
100
AcDbEntity
  8
RECTANGLES
100
AcDbLine
 10
614.4399999999999
 20
51.04
 30
0.0
 11
616.6
 21
51.04
 31
0.0
  0
LINE
  5
D55
330
17
100
AcDbEntity
  8
RECTANGLES
100
AcDbLine
 10
616.6
 20
51.04
 30
0.0
 11
616.6
 21
54.76
 31
0.0
  0
LINE
  5
D56
330
17
100
AcDbEntity
  8
RECTANGLES
100
AcDbLine
 10
616.6
 20
54.76
 30
0.0
 11
614.4399999999999
 21
54.76
 31
0.0
  0
LINE
  5
D57
330
17
100
AcDbEntity
  8
RECTANGLES
100
AcDbLine
 10
614.4399999999999
 20
54.76
 30
0.0
 11
614.4399999999999
 21
51.04
 31
0.0
  0
LINE
  5
D58
330
17
100
AcDbEntity
  8
LINES
100
AcDbLine
 10
623.92
 20
54.76
 30
0.0
 11
626.0799999999999
 21
54.76
 31
0.0
  0
LINE
  5
D59
330
17
100
AcDbEntity
  8
LINES
100
AcDbLine
 10
625.0
 20
51.04
 30
0.0
 11
625.0
 21
54.76
 31
0.0
  0
LINE
  5
D5A
330
17
100
AcDbEntity
  8
LINES
100
AcDbLine
 10
627.64
 20
51.04
 30
0.0
 11
629.1999999999999
 21
52.84
 31
0.0
  0
LINE
  5
D5B
330
17
100
AcDbEntity
  8
LINES
100
AcDbLine
 10
636.64
 20
54.76
 30
0.0
 11
638.68
 21
54.76
 31
0.0
  0
LINE
  5
D5C
330
17
100
AcDbEntity
  8
LINES
100
AcDbLine
 10
637.72
 20
51.04
 30
0.0
 11
637.72
 21
54.76
 31
0.0
  0
LINE
  5
D5D
330
17
100
AcDbEntity
  8
LINES
100
AcDbLine
 10
639.76
 20
54.76
 30
0.0
 11
640.84
 21
54.76
 31
0.0
  0
LINE
  5
D5E
330
17
100
AcDbEntity
  8
LINES
100
AcDbLine
 10
640.24
 20
51.04
 30
0.0
 11
640.24
 21
54.76
 31
0.0
  0
LINE
  5
D5F
330
17
100
AcDbEntity
  8
LINES
100
AcDbLine
 10
639.76
 20
51.04
 30
0.0
 11
640.84
 21
51.04
 31
0.0
  0
LINE
  5
D60
330
17
100
AcDbEntity
  8
RECTANGLES
100
AcDbLine
 10
641.92
 20
51.04
 30
0.0
 11
643.9599999999999
 21
51.04
 31
0.0
  0
LINE
  5
D61
330
17
100
AcDbEntity
  8
RECTANGLES
100
AcDbLine
 10
643.9599999999999
 20
51.04
 30
0.0
 11
643.9599999999999
 21
54.76
 31
0.0
  0
LINE
  5
D62
330
17
100
AcDbEntity
  8
RECTANGLES
100
AcDbLine
 10
643.9599999999999
 20
54.76
 30
0.0
 11
641.92
 21
54.76
 31
0.0
  0
LINE
  5
D63
330
17
100
AcDbEntity
  8
RECTANGLES
100
AcDbLine
 10
641.92
 20
54.76
 30
0.0
 11
641.92
 21
51.04
 31
0.0
  0
LINE
  5
D64
330
17
100
AcDbEntity
  8
LINES
100
AcDbLine
 10
523.72
 20
51.519999999999996
 30
0.0
 11
523.72
 21
55.239999999999995
 31
0.0
  0
LINE
  5
D65
330
17
100
AcDbEntity
  8
LINES
100
AcDbLine
 10
523.72
 20
53.44
 30
0.0
 11
525.88
 21
53.44
 31
0.0
  0
LINE
  5
D66
330
17
100
AcDbEntity
  8
LINES
100
AcDbLine
 10
525.88
 20
51.519999999999996
 30
0.0
 11
525.88
 21
55.239999999999995
 31
0.0
  0
LINE
  5
D67
330
17
100
AcDbEntity
  8
LINES
100
AcDbLine
 10
526.96
 20
51.519999999999996
 30
0.0
 11
526.96
 21
55.239999999999995
 31
0.0
  0
LINE
  5
D68
330
17
100
AcDbEntity
  8
LINES
100
AcDbLine
 10
527.44
 20
51.519999999999996
 30
0.0
 11
529.0
 21
53.44
 31
0.0
  0
LINE
  5
D69
330
17
100
AcDbEntity
  8
LINES
100
AcDbLine
 10
545.0799999999999
 20
51.4
 30
0.0
 11
545.0799999999999
 21
55.12
 31
0.0
  0
LINE
  5
D6A
330
17
100
AcDbEntity
  8
LINES
100
AcDbLine
 10
545.68
 20
51.4
 30
0.0
 11
547.24
 21
53.2
 31
0.0
  0
LINE
  5
D6B
330
17
100
AcDbEntity
  8
LINES
100
AcDbLine
 10
559.6
 20
51.04
 30
0.0
 11
559.6
 21
54.76
 31
0.0
  0
LINE
  5
D6C
330
17
100
AcDbEntity
  8
LINES
100
AcDbLine
 10
560.1999999999999
 20
51.04
 30
0.0
 11
562.12
 21
52.84
 31
0.0
  0
LINE
  5
D6D
330
17
100
AcDbEntity
  8
LINES
100
AcDbLine
 10
491.08
 20
78.52
 30
0.0
 11
491.08
 21
79.12
 31
0.0
  0
LINE
  5
D6E
330
17
100
AcDbEntity
  8
LINES
100
AcDbLine
 10
635.8
 20
78.64
 30
0.0
 11
635.8
 21
79.36
 31
0.0
  0
LINE
  5
D6F
330
17
100
AcDbEntity
  8
LINES
100
AcDbLine
 10
575.8
 20
78.52
 30
0.0
 11
576.88
 21
78.52
 31
0.0
  0
LINE
  5
D70
330
17
100
AcDbEntity
  8
LINES
100
AcDbLine
 10
577.84
 20
78.52
 30
0.0
 11
577.84
 21
79.12
 31
0.0
  0
LINE
  5
D71
330
17
100
AcDbEntity
  8
LINES
100
AcDbLine
 10
531.76
 20
78.52
 30
0.0
 11
531.76
 21
79.12
 31
0.0
  0
LINE
  5
D72
330
17
100
AcDbEntity
  8
LINES
100
AcDbLine
 10
821.4399999999999
 20
777.28
 30
0.0
 11
822.76
 21
777.28
 31
0.0
  0
LINE
  5
D73
330
17
100
AcDbEntity
  8
LINES
100
AcDbLine
 10
950.8
 20
779.92
 30
0.0
 11
952.12
 21
779.92
 31
0.0
  0
LINE
  5
D74
330
17
100
AcDbEntity
  8
LINES
100
AcDbLine
 10
950.8
 20
777.28
 30
0.0
 11
953.3199999999999
 21
777.28
 31
0.0
  0
LINE
  5
D75
330
17
100
AcDbEntity
  8
LINES
100
AcDbLine
 10
954.64
 20
779.0799999999999
 30
0.0
 11
957.28
 21
779.0799999999999
 31
0.0
  0
LINE
  5
D76
330
17
100
AcDbEntity
  8
LINES
100
AcDbLine
 10
966.4
 20
779.92
 30
0.0
 11
967.7199999999999
 21
779.92
 31
0.0
  0
LINE
  5
D77
330
17
100
AcDbEntity
  8
LINES
100
AcDbLine
 10
966.4
 20
777.28
 30
0.0
 11
968.92
 21
777.28
 31
0.0
  0
LINE
  5
D78
330
17
100
AcDbEntity
  8
LINES
100
AcDbLine
 10
985.8399999999999
 20
782.56
 30
0.0
 11
988.48
 21
782.56
 31
0.0
  0
LINE
  5
D79
330
17
100
AcDbEntity
  8
LINES
100
AcDbLine
 10
987.16
 20
777.28
 30
0.0
 11
987.16
 21
782.56
 31
0.0
  0
LINE
  5
D7A
330
17
100
AcDbEntity
  8
LINES
100
AcDbLine
 10
989.8
 20
779.92
 30
0.0
 11
991.12
 21
779.92
 31
0.0
  0
LINE
  5
D7B
330
17
100
AcDbEntity
  8
LINES
100
AcDbLine
 10
989.8
 20
777.28
 30
0.0
 11
992.4399999999999
 21
777.28
 31
0.0
  0
LINE
  5
D7C
330
17
100
AcDbEntity
  8
LINES
100
AcDbLine
 10
993.64
 20
779.92
 30
0.0
 11
994.9599999999999
 21
779.92
 31
0.0
  0
LINE
  5
D7D
330
17
100
AcDbEntity
  8
LINES
100
AcDbLine
 10
993.64
 20
777.28
 30
0.0
 11
996.28
 21
777.28
 31
0.0
  0
LINE
  5
D7E
330
17
100
AcDbEntity
  8
LINES
100
AcDbLine
 10
1009.24
 20
782.56
 30
0.0
 11
1010.56
 21
782.56
 31
0.0
  0
LINE
  5
D7F
330
17
100
AcDbEntity
  8
LINES
100
AcDbLine
 10
1009.9599999999999
 20
777.28
 30
0.0
 11
1009.9599999999999
 21
782.56
 31
0.0
  0
LINE
  5
D80
330
17
100
AcDbEntity
  8
LINES
100
AcDbLine
 10
1009.24
 20
777.28
 30
0.0
 11
1010.56
 21
777.28
 31
0.0
  0
LINE
  5
D81
330
17
100
AcDbEntity
  8
LINES
100
AcDbLine
 10
1015.8399999999999
 20
779.92
 30
0.0
 11
1017.16
 21
779.92
 31
0.0
  0
LINE
  5
D82
330
17
100
AcDbEntity
  8
LINES
100
AcDbLine
 10
1015.8399999999999
 20
777.28
 30
0.0
 11
1018.36
 21
777.28
 31
0.0
  0
LINE
  5
D83
330
17
100
AcDbEntity
  8
LINES
100
AcDbLine
 10
1023.64
 20
779.0799999999999
 30
0.0
 11
1026.1599999999999
 21
779.0799999999999
 31
0.0
  0
LINE
  5
D84
330
17
100
AcDbEntity
  8
LINES
100
AcDbLine
 10
1035.28
 20
782.56
 30
0.0
 11
1036.6
 21
782.56
 31
0.0
  0
LINE
  5
D85
330
17
100
AcDbEntity
  8
LINES
100
AcDbLine
 10
1036.0
 20
777.28
 30
0.0
 11
1036.0
 21
782.56
 31
0.0
  0
LINE
  5
D86
330
17
100
AcDbEntity
  8
LINES
100
AcDbLine
 10
1035.28
 20
777.28
 30
0.0
 11
1036.6
 21
777.28
 31
0.0
  0
LINE
  5
D87
330
17
100
AcDbEntity
  8
LINES
100
AcDbLine
 10
1042.48
 20
777.28
 30
0.0
 11
1042.48
 21
782.56
 31
0.0
  0
LINE
  5
D88
330
17
100
AcDbEntity
  8
LINES
100
AcDbLine
 10
1053.52
 20
777.28
 30
0.0
 11
1053.52
 21
778.24
 31
0.0
  0
LINE
  5
D89
330
17
100
AcDbEntity
  8
LINES
100
AcDbLine
 10
1054.84
 20
777.28
 30
0.0
 11
1056.1599999999999
 21
777.28
 31
0.0
  0
LINE
  5
D8A
330
17
100
AcDbEntity
  8
LINES
100
AcDbLine
 10
1069.12
 20
777.28
 30
0.0
 11
1069.12
 21
782.56
 31
0.0
  0
LINE
  5
D8B
330
17
100
AcDbEntity
  8
LINES
100
AcDbLine
 10
1072.36
 20
779.92
 30
0.0
 11
1073.68
 21
779.92
 31
0.0
  0
LINE
  5
D8C
330
17
100
AcDbEntity
  8
LINES
100
AcDbLine
 10
1072.36
 20
777.28
 30
0.0
 11
1075.0
 21
777.28
 31
0.0
  0
LINE
  5
D8D
330
17
100
AcDbEntity
  8
LINES
100
AcDbLine
 10
1087.96
 20
777.28
 30
0.0
 11
1087.96
 21
782.56
 31
0.0
  0
LINE
  5
D8E
330
17
100
AcDbEntity
  8
LINES
100
AcDbLine
 10
1087.96
 20
779.92
 30
0.0
 11
1090.6
 21
779.92
 31
0.0
  0
LINE
  5
D8F
330
17
100
AcDbEntity
  8
LINES
100
AcDbLine
 10
1090.6
 20
777.28
 30
0.0
 11
1090.6
 21
782.56
 31
0.0
  0
LINE
  5
D90
330
17
100
AcDbEntity
  8
LINES
100
AcDbLine
 10
1095.76
 20
777.28
 30
0.0
 11
1097.08
 21
777.28
 31
0.0
  0
LINE
  5
D91
330
17
100
AcDbEntity
  8
LINES
100
AcDbLine
 10
863.4399999999999
 20
779.92
 30
0.0
 11
866.0799999999999
 21
779.92
 31
0.0
  0
LINE
  5
D92
330
17
100
AcDbEntity
  8
LINES
100
AcDbLine
 10
867.28
 20
777.28
 30
0.0
 11
868.6
 21
777.28
 31
0.0
  0
LINE
  5
D93
330
17
100
AcDbEntity
  8
LINES
100
AcDbLine
 10
873.88
 20
779.92
 30
0.0
 11
876.4
 21
779.92
 31
0.0
  0
LINE
  5
D94
330
17
100
AcDbEntity
  8
LINES
100
AcDbLine
 10
877.7199999999999
 20
777.28
 30
0.0
 11
879.04
 21
777.28
 31
0.0
  0
LINE
  5
D95
330
17
100
AcDbEntity
  8
LINES
100
AcDbLine
 10
888.16
 20
777.28
 30
0.0
 11
888.16
 21
782.56
 31
0.0
  0
LINE
  5
D96
330
17
100
AcDbEntity
  8
LINES
100
AcDbLine
 10
891.4
 20
779.92
 30
0.0
 11
894.04
 21
779.92
 31
0.0
  0
LINE
  5
D97
330
17
100
AcDbEntity
  8
LINES
100
AcDbLine
 10
895.9599999999999
 20
777.28
 30
0.0
 11
895.9599999999999
 21
782.56
 31
0.0
  0
LINE
  5
D98
330
17
100
AcDbEntity
  8
LINES
100
AcDbLine
 10
899.1999999999999
 20
779.92
 30
0.0
 11
900.52
 21
779.92
 31
0.0
  0
LINE
  5
D99
330
17
100
AcDbEntity
  8
LINES
100
AcDbLine
 10
899.1999999999999
 20
777.28
 30
0.0
 11
901.8399999999999
 21
777.28
 31
0.0
  0
LINE
  5
D9A
330
17
100
AcDbEntity
  8
LINES
100
AcDbLine
 10
903.16
 20
779.92
 30
0.0
 11
905.68
 21
779.92
 31
0.0
  0
LINE
  5
D9B
330
17
100
AcDbEntity
  8
LINES
100
AcDbLine
 10
910.9599999999999
 20
779.0799999999999
 30
0.0
 11
913.48
 21
779.0799999999999
 31
0.0
  0
LINE
  5
D9C
330
17
100
AcDbEntity
  8
LINES
100
AcDbLine
 10
918.76
 20
779.92
 30
0.0
 11
919.9599999999999
 21
779.92
 31
0.0
  0
LINE
  5
D9D
330
17
100
AcDbEntity
  8
LINES
100
AcDbLine
 10
918.76
 20
777.28
 30
0.0
 11
921.28
 21
777.28
 31
0.0
  0
LINE
  5
D9E
330
17
100
AcDbEntity
  8
LINES
100
AcDbLine
 10
922.6
 20
779.92
 30
0.0
 11
925.24
 21
779.92
 31
0.0
  0
LINE
  5
D9F
330
17
100
AcDbEntity
  8
LINES
100
AcDbLine
 10
1122.04
 20
777.28
 30
0.0
 11
1122.04
 21
778.24
 31
0.0
  0
LINE
  5
DA0
330
17
100
AcDbEntity
  8
LINES
100
AcDbLine
 10
946.8399999999999
 20
771.64
 30
0.0
 11
949.48
 21
771.64
 31
0.0
  0
LINE
  5
DA1
330
17
100
AcDbEntity
  8
LINES
100
AcDbLine
 10
954.64
 20
775.12
 30
0.0
 11
957.28
 21
775.12
 31
0.0
  0
LINE
  5
DA2
330
17
100
AcDbEntity
  8
LINES
100
AcDbLine
 10
955.9599999999999
 20
769.9599999999999
 30
0.0
 11
955.9599999999999
 21
775.12
 31
0.0
  0
LINE
  5
DA3
330
17
100
AcDbEntity
  8
LINES
100
AcDbLine
 10
966.4
 20
771.64
 30
0.0
 11
968.92
 21
771.64
 31
0.0
  0
LINE
  5
DA4
330
17
100
AcDbEntity
  8
LINES
100
AcDbLine
 10
970.24
 20
769.9599999999999
 30
0.0
 11
971.56
 21
769.9599999999999
 31
0.0
  0
LINE
  5
DA5
330
17
100
AcDbEntity
  8
LINES
100
AcDbLine
 10
988.48
 20
769.9599999999999
 30
0.0
 11
990.4
 21
772.48
 31
0.0
  0
LINE
  5
DA6
330
17
100
AcDbEntity
  8
LINES
100
AcDbLine
 10
991.7199999999999
 20
769.9599999999999
 30
0.0
 11
991.7199999999999
 21
770.8
 31
0.0
  0
LINE
  5
DA7
330
17
100
AcDbEntity
  8
LINES
100
AcDbLine
 10
993.64
 20
769.9599999999999
 30
0.0
 11
993.64
 21
775.12
 31
0.0
  0
LINE
  5
DA8
330
17
100
AcDbEntity
  8
LINES
100
AcDbLine
 10
950.8
 20
765.04
 30
0.0
 11
952.12
 21
765.04
 31
0.0
  0
LINE
  5
DA9
330
17
100
AcDbEntity
  8
LINES
100
AcDbLine
 10
950.8
 20
762.52
 30
0.0
 11
953.3199999999999
 21
762.52
 31
0.0
  0
LINE
  5
DAA
330
17
100
AcDbEntity
  8
LINES
100
AcDbLine
 10
954.64
 20
764.1999999999999
 30
0.0
 11
957.28
 21
764.1999999999999
 31
0.0
  0
LINE
  5
DAB
330
17
100
AcDbEntity
  8
LINES
100
AcDbLine
 10
966.4
 20
765.04
 30
0.0
 11
967.7199999999999
 21
765.04
 31
0.0
  0
LINE
  5
DAC
330
17
100
AcDbEntity
  8
LINES
100
AcDbLine
 10
966.4
 20
762.52
 30
0.0
 11
968.92
 21
762.52
 31
0.0
  0
LINE
  5
DAD
330
17
100
AcDbEntity
  8
LINES
100
AcDbLine
 10
985.8399999999999
 20
767.68
 30
0.0
 11
988.48
 21
767.68
 31
0.0
  0
LINE
  5
DAE
330
17
100
AcDbEntity
  8
LINES
100
AcDbLine
 10
987.16
 20
762.52
 30
0.0
 11
987.16
 21
767.68
 31
0.0
  0
LINE
  5
DAF
330
17
100
AcDbEntity
  8
LINES
100
AcDbLine
 10
989.8
 20
765.04
 30
0.0
 11
991.12
 21
765.04
 31
0.0
  0
LINE
  5
DB0
330
17
100
AcDbEntity
  8
LINES
100
AcDbLine
 10
989.8
 20
762.52
 30
0.0
 11
992.4399999999999
 21
762.52
 31
0.0
  0
LINE
  5
DB1
330
17
100
AcDbEntity
  8
LINES
100
AcDbLine
 10
993.64
 20
765.04
 30
0.0
 11
994.9599999999999
 21
765.04
 31
0.0
  0
LINE
  5
DB2
330
17
100
AcDbEntity
  8
LINES
100
AcDbLine
 10
993.64
 20
762.52
 30
0.0
 11
996.28
 21
762.52
 31
0.0
  0
LINE
  5
DB3
330
17
100
AcDbEntity
  8
LINES
100
AcDbLine
 10
1009.24
 20
767.68
 30
0.0
 11
1010.56
 21
767.68
 31
0.0
  0
LINE
  5
DB4
330
17
100
AcDbEntity
  8
LINES
100
AcDbLine
 10
1009.9599999999999
 20
762.52
 30
0.0
 11
1009.9599999999999
 21
767.68
 31
0.0
  0
LINE
  5
DB5
330
17
100
AcDbEntity
  8
LINES
100
AcDbLine
 10
1009.24
 20
762.52
 30
0.0
 11
1010.56
 21
762.52
 31
0.0
  0
LINE
  5
DB6
330
17
100
AcDbEntity
  8
LINES
100
AcDbLine
 10
1015.8399999999999
 20
765.04
 30
0.0
 11
1017.16
 21
765.04
 31
0.0
  0
LINE
  5
DB7
330
17
100
AcDbEntity
  8
LINES
100
AcDbLine
 10
1015.8399999999999
 20
762.52
 30
0.0
 11
1018.36
 21
762.52
 31
0.0
  0
LINE
  5
DB8
330
17
100
AcDbEntity
  8
LINES
100
AcDbLine
 10
1023.64
 20
764.1999999999999
 30
0.0
 11
1026.1599999999999
 21
764.1999999999999
 31
0.0
  0
LINE
  5
DB9
330
17
100
AcDbEntity
  8
LINES
100
AcDbLine
 10
1035.28
 20
767.68
 30
0.0
 11
1036.6
 21
767.68
 31
0.0
  0
LINE
  5
DBA
330
17
100
AcDbEntity
  8
LINES
100
AcDbLine
 10
1036.0
 20
762.52
 30
0.0
 11
1036.0
 21
767.68
 31
0.0
  0
LINE
  5
DBB
330
17
100
AcDbEntity
  8
LINES
100
AcDbLine
 10
1035.28
 20
762.52
 30
0.0
 11
1036.6
 21
762.52
 31
0.0
  0
LINE
  5
DBC
330
17
100
AcDbEntity
  8
LINES
100
AcDbLine
 10
1042.48
 20
762.52
 30
0.0
 11
1042.48
 21
767.68
 31
0.0
  0
LINE
  5
DBD
330
17
100
AcDbEntity
  8
LINES
100
AcDbLine
 10
1053.52
 20
762.52
 30
0.0
 11
1053.52
 21
763.36
 31
0.0
  0
LINE
  5
DBE
330
17
100
AcDbEntity
  8
LINES
100
AcDbLine
 10
1054.84
 20
762.52
 30
0.0
 11
1056.1599999999999
 21
762.52
 31
0.0
  0
LINE
  5
DBF
330
17
100
AcDbEntity
  8
LINES
100
AcDbLine
 10
1072.36
 20
765.04
 30
0.0
 11
1073.68
 21
765.04
 31
0.0
  0
LINE
  5
DC0
330
17
100
AcDbEntity
  8
LINES
100
AcDbLine
 10
1072.36
 20
762.52
 30
0.0
 11
1075.0
 21
762.52
 31
0.0
  0
LINE
  5
DC1
330
17
100
AcDbEntity
  8
LINES
100
AcDbLine
 10
1087.96
 20
762.52
 30
0.0
 11
1087.96
 21
767.68
 31
0.0
  0
LINE
  5
DC2
330
17
100
AcDbEntity
  8
LINES
100
AcDbLine
 10
1087.96
 20
765.04
 30
0.0
 11
1090.6
 21
765.04
 31
0.0
  0
LINE
  5
DC3
330
17
100
AcDbEntity
  8
LINES
100
AcDbLine
 10
1090.6
 20
762.52
 30
0.0
 11
1090.6
 21
767.68
 31
0.0
  0
LINE
  5
DC4
330
17
100
AcDbEntity
  8
LINES
100
AcDbLine
 10
1095.76
 20
762.52
 30
0.0
 11
1097.08
 21
762.52
 31
0.0
  0
LINE
  5
DC5
330
17
100
AcDbEntity
  8
LINES
100
AcDbLine
 10
832.24
 20
762.52
 30
0.0
 11
833.56
 21
762.52
 31
0.0
  0
LINE
  5
DC6
330
17
100
AcDbEntity
  8
LINES
100
AcDbLine
 10
863.4399999999999
 20
765.04
 30
0.0
 11
866.0799999999999
 21
765.04
 31
0.0
  0
LINE
  5
DC7
330
17
100
AcDbEntity
  8
LINES
100
AcDbLine
 10
867.28
 20
762.52
 30
0.0
 11
868.6
 21
762.52
 31
0.0
  0
LINE
  5
DC8
330
17
100
AcDbEntity
  8
LINES
100
AcDbLine
 10
873.88
 20
765.04
 30
0.0
 11
876.4
 21
765.04
 31
0.0
  0
LINE
  5
DC9
330
17
100
AcDbEntity
  8
LINES
100
AcDbLine
 10
877.7199999999999
 20
762.52
 30
0.0
 11
879.04
 21
762.52
 31
0.0
  0
LINE
  5
DCA
330
17
100
AcDbEntity
  8
LINES
100
AcDbLine
 10
888.16
 20
762.52
 30
0.0
 11
888.16
 21
767.68
 31
0.0
  0
LINE
  5
DCB
330
17
100
AcDbEntity
  8
LINES
100
AcDbLine
 10
891.4
 20
765.04
 30
0.0
 11
894.04
 21
765.04
 31
0.0
  0
LINE
  5
DCC
330
17
100
AcDbEntity
  8
LINES
100
AcDbLine
 10
899.1999999999999
 20
765.04
 30
0.0
 11
900.52
 21
765.04
 31
0.0
  0
LINE
  5
DCD
330
17
100
AcDbEntity
  8
LINES
100
AcDbLine
 10
899.1999999999999
 20
762.52
 30
0.0
 11
901.8399999999999
 21
762.52
 31
0.0
  0
LINE
  5
DCE
330
17
100
AcDbEntity
  8
LINES
100
AcDbLine
 10
903.16
 20
765.04
 30
0.0
 11
905.68
 21
765.04
 31
0.0
  0
LINE
  5
DCF
330
17
100
AcDbEntity
  8
LINES
100
AcDbLine
 10
910.9599999999999
 20
764.1999999999999
 30
0.0
 11
913.48
 21
764.1999999999999
 31
0.0
  0
LINE
  5
DD0
330
17
100
AcDbEntity
  8
LINES
100
AcDbLine
 10
918.76
 20
765.04
 30
0.0
 11
919.9599999999999
 21
765.04
 31
0.0
  0
LINE
  5
DD1
330
17
100
AcDbEntity
  8
LINES
100
AcDbLine
 10
918.76
 20
762.52
 30
0.0
 11
921.28
 21
762.52
 31
0.0
  0
LINE
  5
DD2
330
17
100
AcDbEntity
  8
LINES
100
AcDbLine
 10
922.6
 20
765.04
 30
0.0
 11
925.24
 21
765.04
 31
0.0
  0
LINE
  5
DD3
330
17
100
AcDbEntity
  8
LINES
100
AcDbLine
 10
926.56
 20
762.52
 30
0.0
 11
927.76
 21
762.52
 31
0.0
  0
LINE
  5
DD4
330
17
100
AcDbEntity
  8
LINES
100
AcDbLine
 10
1122.04
 20
762.52
 30
0.0
 11
1122.04
 21
763.36
 31
0.0
  0
LINE
  5
DD5
330
17
100
AcDbEntity
  8
LINES
100
AcDbLine
 10
946.8399999999999
 20
756.76
 30
0.0
 11
949.48
 21
756.76
 31
0.0
  0
LINE
  5
DD6
330
17
100
AcDbEntity
  8
LINES
100
AcDbLine
 10
954.64
 20
760.24
 30
0.0
 11
957.28
 21
760.24
 31
0.0
  0
LINE
  5
DD7
330
17
100
AcDbEntity
  8
LINES
100
AcDbLine
 10
955.9599999999999
 20
755.0799999999999
 30
0.0
 11
955.9599999999999
 21
760.24
 31
0.0
  0
LINE
  5
DD8
330
17
100
AcDbEntity
  8
LINES
100
AcDbLine
 10
966.4
 20
756.76
 30
0.0
 11
968.92
 21
756.76
 31
0.0
  0
LINE
  5
DD9
330
17
100
AcDbEntity
  8
LINES
100
AcDbLine
 10
970.24
 20
755.0799999999999
 30
0.0
 11
971.56
 21
755.0799999999999
 31
0.0
  0
LINE
  5
DDA
330
17
100
AcDbEntity
  8
LINES
100
AcDbLine
 10
988.48
 20
755.0799999999999
 30
0.0
 11
990.4
 21
757.6
 31
0.0
  0
LINE
  5
DDB
330
17
100
AcDbEntity
  8
LINES
100
AcDbLine
 10
991.7199999999999
 20
755.0799999999999
 30
0.0
 11
991.7199999999999
 21
755.92
 31
0.0
  0
LINE
  5
DDC
330
17
100
AcDbEntity
  8
LINES
100
AcDbLine
 10
993.64
 20
755.0799999999999
 30
0.0
 11
993.64
 21
760.24
 31
0.0
  0
LINE
  5
DDD
330
17
100
AcDbEntity
  8
LINES
100
AcDbLine
 10
946.8399999999999
 20
752.8
 30
0.0
 11
949.48
 21
752.8
 31
0.0
  0
LINE
  5
DDE
330
17
100
AcDbEntity
  8
LINES
100
AcDbLine
 10
948.16
 20
747.64
 30
0.0
 11
948.16
 21
752.8
 31
0.0
  0
LINE
  5
DDF
330
17
100
AcDbEntity
  8
LINES
100
AcDbLine
 10
950.8
 20
750.16
 30
0.0
 11
952.12
 21
750.16
 31
0.0
  0
LINE
  5
DE0
330
17
100
AcDbEntity
  8
LINES
100
AcDbLine
 10
950.8
 20
747.64
 30
0.0
 11
953.3199999999999
 21
747.64
 31
0.0
  0
LINE
  5
DE1
330
17
100
AcDbEntity
  8
LINES
100
AcDbLine
 10
954.64
 20
750.16
 30
0.0
 11
955.9599999999999
 21
750.16
 31
0.0
  0
LINE
  5
DE2
330
17
100
AcDbEntity
  8
LINES
100
AcDbLine
 10
954.64
 20
747.64
 30
0.0
 11
957.28
 21
747.64
 31
0.0
  0
LINE
  5
DE3
330
17
100
AcDbEntity
  8
LINES
100
AcDbLine
 10
962.4399999999999
 20
749.3199999999999
 30
0.0
 11
965.0799999999999
 21
749.3199999999999
 31
0.0
  0
LINE
  5
DE4
330
17
100
AcDbEntity
  8
LINES
100
AcDbLine
 10
974.1999999999999
 20
752.8
 30
0.0
 11
975.52
 21
752.8
 31
0.0
  0
LINE
  5
DE5
330
17
100
AcDbEntity
  8
LINES
100
AcDbLine
 10
974.8
 20
747.64
 30
0.0
 11
974.8
 21
752.8
 31
0.0
  0
LINE
  5
DE6
330
17
100
AcDbEntity
  8
LINES
100
AcDbLine
 10
974.1999999999999
 20
747.64
 30
0.0
 11
975.52
 21
747.64
 31
0.0
  0
LINE
  5
DE7
330
17
100
AcDbEntity
  8
LINES
100
AcDbLine
 10
981.28
 20
747.64
 30
0.0
 11
981.28
 21
752.8
 31
0.0
  0
LINE
  5
DE8
330
17
100
AcDbEntity
  8
LINES
100
AcDbLine
 10
984.64
 20
747.64
 30
0.0
 11
985.8399999999999
 21
747.64
 31
0.0
  0
LINE
  5
DE9
330
17
100
AcDbEntity
  8
LINES
100
AcDbLine
 10
991.12
 20
747.64
 30
0.0
 11
991.12
 21
748.48
 31
0.0
  0
LINE
  5
DEA
330
17
100
AcDbEntity
  8
LINES
100
AcDbLine
 10
1000.8399999999999
 20
747.64
 30
0.0
 11
1000.8399999999999
 21
752.8
 31
0.0
  0
LINE
  5
DEB
330
17
100
AcDbEntity
  8
LINES
100
AcDbLine
 10
1004.0799999999999
 20
750.16
 30
0.0
 11
1005.4
 21
750.16
 31
0.0
  0
LINE
  5
DEC
330
17
100
AcDbEntity
  8
LINES
100
AcDbLine
 10
1004.0799999999999
 20
747.64
 30
0.0
 11
1006.7199999999999
 21
747.64
 31
0.0
  0
LINE
  5
DED
330
17
100
AcDbEntity
  8
LINES
100
AcDbLine
 10
1019.68
 20
747.64
 30
0.0
 11
1019.68
 21
752.8
 31
0.0
  0
LINE
  5
DEE
330
17
100
AcDbEntity
  8
LINES
100
AcDbLine
 10
1019.68
 20
750.16
 30
0.0
 11
1022.3199999999999
 21
750.16
 31
0.0
  0
LINE
  5
DEF
330
17
100
AcDbEntity
  8
LINES
100
AcDbLine
 10
1022.3199999999999
 20
747.64
 30
0.0
 11
1022.3199999999999
 21
752.8
 31
0.0
  0
LINE
  5
DF0
330
17
100
AcDbEntity
  8
LINES
100
AcDbLine
 10
1027.48
 20
747.64
 30
0.0
 11
1028.8
 21
747.64
 31
0.0
  0
LINE
  5
DF1
330
17
100
AcDbEntity
  8
LINES
100
AcDbLine
 10
1041.1599999999999
 20
749.3199999999999
 30
0.0
 11
1043.8
 21
749.3199999999999
 31
0.0
  0
LINE
  5
DF2
330
17
100
AcDbEntity
  8
LINES
100
AcDbLine
 10
1048.96
 20
752.8
 30
0.0
 11
1051.6
 21
752.8
 31
0.0
  0
LINE
  5
DF3
330
17
100
AcDbEntity
  8
LINES
100
AcDbLine
 10
1050.28
 20
747.64
 30
0.0
 11
1050.28
 21
752.8
 31
0.0
  0
LINE
  5
DF4
330
17
100
AcDbEntity
  8
LINES
100
AcDbLine
 10
1060.72
 20
749.3199999999999
 30
0.0
 11
1063.24
 21
749.3199999999999
 31
0.0
  0
LINE
  5
DF5
330
17
100
AcDbEntity
  8
LINES
100
AcDbLine
 10
1076.32
 20
750.16
 30
0.0
 11
1078.84
 21
750.16
 31
0.0
  0
LINE
  5
DF6
330
17
100
AcDbEntity
  8
LINES
100
AcDbLine
 10
1090.0
 20
747.64
 30
0.0
 11
1090.0
 21
752.8
 31
0.0
  0
LINE
  5
DF7
330
17
100
AcDbEntity
  8
LINES
100
AcDbLine
 10
836.0799999999999
 20
747.64
 30
0.0
 11
838.7199999999999
 21
752.8
 31
0.0
  0
LINE
  5
DF8
330
17
100
AcDbEntity
  8
LINES
100
AcDbLine
 10
836.0799999999999
 20
747.64
 30
0.0
 11
838.7199999999999
 21
752.8
 31
0.0
  0
LINE
  5
DF9
330
17
100
AcDbEntity
  8
LINES
100
AcDbLine
 10
855.64
 20
752.8
 30
0.0
 11
858.28
 21
752.8
 31
0.0
  0
LINE
  5
DFA
330
17
100
AcDbEntity
  8
LINES
100
AcDbLine
 10
856.9599999999999
 20
747.64
 30
0.0
 11
856.9599999999999
 21
752.8
 31
0.0
  0
LINE
  5
DFB
330
17
100
AcDbEntity
  8
LINES
100
AcDbLine
 10
864.76
 20
750.16
 30
0.0
 11
867.28
 21
750.16
 31
0.0
  0
LINE
  5
DFC
330
17
100
AcDbEntity
  8
LINES
100
AcDbLine
 10
868.6
 20
747.64
 30
0.0
 11
869.92
 21
747.64
 31
0.0
  0
LINE
  5
DFD
330
17
100
AcDbEntity
  8
LINES
100
AcDbLine
 10
875.0799999999999
 20
750.16
 30
0.0
 11
877.7199999999999
 21
750.16
 31
0.0
  0
LINE
  5
DFE
330
17
100
AcDbEntity
  8
LINES
100
AcDbLine
 10
891.4
 20
747.64
 30
0.0
 11
891.4
 21
752.8
 31
0.0
  0
LINE
  5
DFF
330
17
100
AcDbEntity
  8
LINES
100
AcDbLine
 10
894.64
 20
750.16
 30
0.0
 11
897.28
 21
750.16
 31
0.0
  0
LINE
  5
E00
330
17
100
AcDbEntity
  8
LINES
100
AcDbLine
 10
902.4399999999999
 20
749.3199999999999
 30
0.0
 11
905.0799999999999
 21
749.3199999999999
 31
0.0
  0
LINE
  5
E01
330
17
100
AcDbEntity
  8
LINES
100
AcDbLine
 10
910.24
 20
750.16
 30
0.0
 11
911.56
 21
750.16
 31
0.0
  0
LINE
  5
E02
330
17
100
AcDbEntity
  8
LINES
100
AcDbLine
 10
910.24
 20
747.64
 30
0.0
 11
912.88
 21
747.64
 31
0.0
  0
LINE
  5
E03
330
17
100
AcDbEntity
  8
LINES
100
AcDbLine
 10
914.1999999999999
 20
750.16
 30
0.0
 11
916.7199999999999
 21
750.16
 31
0.0
  0
LINE
  5
E04
330
17
100
AcDbEntity
  8
LINES
100
AcDbLine
 10
1118.8
 20
747.64
 30
0.0
 11
1120.0
 21
747.64
 31
0.0
  0
LINE
  5
E05
330
17
100
AcDbEntity
  8
LINES
100
AcDbLine
 10
946.8399999999999
 20
742.72
 30
0.0
 11
948.16
 21
742.72
 31
0.0
  0
LINE
  5
E06
330
17
100
AcDbEntity
  8
LINES
100
AcDbLine
 10
946.8399999999999
 20
740.1999999999999
 30
0.0
 11
949.48
 21
740.1999999999999
 31
0.0
  0
LINE
  5
E07
330
17
100
AcDbEntity
  8
LINES
100
AcDbLine
 10
958.5999999999999
 20
742.72
 30
0.0
 11
959.92
 21
742.72
 31
0.0
  0
LINE
  5
E08
330
17
100
AcDbEntity
  8
LINES
100
AcDbLine
 10
958.5999999999999
 20
740.1999999999999
 30
0.0
 11
961.12
 21
740.1999999999999
 31
0.0
  0
LINE
  5
E09
330
17
100
AcDbEntity
  8
LINES
100
AcDbLine
 10
966.4
 20
745.36
 30
0.0
 11
968.92
 21
745.36
 31
0.0
  0
LINE
  5
E0A
330
17
100
AcDbEntity
  8
LINES
100
AcDbLine
 10
967.7199999999999
 20
740.1999999999999
 30
0.0
 11
967.7199999999999
 21
745.36
 31
0.0
  0
LINE
  5
E0B
330
17
100
AcDbEntity
  8
LINES
100
AcDbLine
 10
970.9599999999999
 20
740.1999999999999
 30
0.0
 11
972.88
 21
742.72
 31
0.0
  0
LINE
  5
E0C
330
17
100
AcDbEntity
  8
LINES
100
AcDbLine
 10
974.1999999999999
 20
745.36
 30
0.0
 11
975.52
 21
745.36
 31
0.0
  0
LINE
  5
E0D
330
17
100
AcDbEntity
  8
LINES
100
AcDbLine
 10
974.8
 20
740.1999999999999
 30
0.0
 11
974.8
 21
745.36
 31
0.0
  0
LINE
  5
E0E
330
17
100
AcDbEntity
  8
LINES
100
AcDbLine
 10
974.1999999999999
 20
740.1999999999999
 30
0.0
 11
975.52
 21
740.1999999999999
 31
0.0
  0
LINE
  5
E0F
330
17
100
AcDbEntity
  8
LINES
100
AcDbLine
 10
993.64
 20
741.88
 30
0.0
 11
996.28
 21
741.88
 31
0.0
  0
LINE
  5
E10
330
17
100
AcDbEntity
  8
LINES
100
AcDbLine
 10
1001.4399999999999
 20
742.72
 30
0.0
 11
1002.76
 21
742.72
 31
0.0
  0
LINE
  5
E11
330
17
100
AcDbEntity
  8
LINES
100
AcDbLine
 10
1001.4399999999999
 20
740.1999999999999
 30
0.0
 11
1004.0799999999999
 21
740.1999999999999
 31
0.0
  0
LINE
  5
E12
330
17
100
AcDbEntity
  8
LINES
100
AcDbLine
 10
1009.9599999999999
 20
740.1999999999999
 30
0.0
 11
1009.9599999999999
 21
745.36
 31
0.0
  0
LINE
  5
E13
330
17
100
AcDbEntity
  8
LINES
100
AcDbLine
 10
1037.32
 20
740.1999999999999
 30
0.0
 11
1037.32
 21
745.36
 31
0.0
  0
LINE
  5
E14
330
17
100
AcDbEntity
  8
LINES
100
AcDbLine
 10
1040.56
 20
742.72
 30
0.0
 11
1041.76
 21
742.72
 31
0.0
  0
LINE
  5
E15
330
17
100
AcDbEntity
  8
LINES
100
AcDbLine
 10
1040.56
 20
740.1999999999999
 30
0.0
 11
1043.08
 21
740.1999999999999
 31
0.0
  0
LINE
  5
E16
330
17
100
AcDbEntity
  8
LINES
100
AcDbLine
 10
1044.3999999999999
 20
740.1999999999999
 30
0.0
 11
1047.04
 21
745.36
 31
0.0
  0
LINE
  5
E17
330
17
100
AcDbEntity
  8
LINES
100
AcDbLine
 10
1052.2
 20
742.72
 30
0.0
 11
1053.52
 21
742.72
 31
0.0
  0
LINE
  5
E18
330
17
100
AcDbEntity
  8
LINES
100
AcDbLine
 10
1052.2
 20
740.1999999999999
 30
0.0
 11
1054.84
 21
740.1999999999999
 31
0.0
  0
LINE
  5
E19
330
17
100
AcDbEntity
  8
LINES
100
AcDbLine
 10
1067.8
 20
740.1999999999999
 30
0.0
 11
1067.8
 21
745.36
 31
0.0
  0
LINE
  5
E1A
330
17
100
AcDbEntity
  8
LINES
100
AcDbLine
 10
1067.8
 20
742.72
 30
0.0
 11
1070.44
 21
742.72
 31
0.0
  0
LINE
  5
E1B
330
17
100
AcDbEntity
  8
LINES
100
AcDbLine
 10
1070.44
 20
740.1999999999999
 30
0.0
 11
1070.44
 21
745.36
 31
0.0
  0
LINE
  5
E1C
330
17
100
AcDbEntity
  8
LINES
100
AcDbLine
 10
1075.6
 20
740.1999999999999
 30
0.0
 11
1076.92
 21
740.1999999999999
 31
0.0
  0
LINE
  5
E1D
330
17
100
AcDbEntity
  8
LINES
100
AcDbLine
 10
1089.28
 20
741.88
 30
0.0
 11
1091.92
 21
741.88
 31
0.0
  0
LINE
  5
E1E
330
17
100
AcDbEntity
  8
LINES
100
AcDbLine
 10
1097.08
 20
745.36
 30
0.0
 11
1099.72
 21
745.36
 31
0.0
  0
LINE
  5
E1F
330
17
100
AcDbEntity
  8
LINES
100
AcDbLine
 10
1098.3999999999999
 20
740.1999999999999
 30
0.0
 11
1098.3999999999999
 21
745.36
 31
0.0
  0
LINE
  5
E20
330
17
100
AcDbEntity
  8
LINES
100
AcDbLine
 10
836.0799999999999
 20
740.1999999999999
 30
0.0
 11
838.7199999999999
 21
745.36
 31
0.0
  0
LINE
  5
E21
330
17
100
AcDbEntity
  8
LINES
100
AcDbLine
 10
836.0799999999999
 20
740.1999999999999
 30
0.0
 11
838.7199999999999
 21
745.36
 31
0.0
  0
LINE
  5
E22
330
17
100
AcDbEntity
  8
LINES
100
AcDbLine
 10
840.04
 20
740.1999999999999
 30
0.0
 11
841.36
 21
740.1999999999999
 31
0.0
  0
LINE
  5
E23
330
17
100
AcDbEntity
  8
LINES
100
AcDbLine
 10
859.48
 20
742.72
 30
0.0
 11
860.8
 21
742.72
 31
0.0
  0
LINE
  5
E24
330
17
100
AcDbEntity
  8
LINES
100
AcDbLine
 10
859.48
 20
740.1999999999999
 30
0.0
 11
862.12
 21
740.1999999999999
 31
0.0
  0
LINE
  5
E25
330
17
100
AcDbEntity
  8
LINES
100
AcDbLine
 10
867.28
 20
742.72
 30
0.0
 11
869.92
 21
742.72
 31
0.0
  0
LINE
  5
E26
330
17
100
AcDbEntity
  8
LINES
100
AcDbLine
 10
871.24
 20
740.1999999999999
 30
0.0
 11
872.56
 21
740.1999999999999
 31
0.0
  0
LINE
  5
E27
330
17
100
AcDbEntity
  8
LINES
100
AcDbLine
 10
877.7199999999999
 20
740.1999999999999
 30
0.0
 11
880.36
 21
745.36
 31
0.0
  0
LINE
  5
E28
330
17
100
AcDbEntity
  8
LINES
100
AcDbLine
 10
881.68
 20
740.1999999999999
 30
0.0
 11
883.0
 21
740.1999999999999
 31
0.0
  0
LINE
  5
E29
330
17
100
AcDbEntity
  8
LINES
100
AcDbLine
 10
888.16
 20
742.72
 30
0.0
 11
890.8
 21
742.72
 31
0.0
  0
LINE
  5
E2A
330
17
100
AcDbEntity
  8
LINES
100
AcDbLine
 10
892.0
 20
740.1999999999999
 30
0.0
 11
893.3199999999999
 21
740.1999999999999
 31
0.0
  0
LINE
  5
E2B
330
17
100
AcDbEntity
  8
LINES
100
AcDbLine
 10
901.8399999999999
 20
742.72
 30
0.0
 11
904.36
 21
742.72
 31
0.0
  0
LINE
  5
E2C
330
17
100
AcDbEntity
  8
LINES
100
AcDbLine
 10
906.4
 20
740.1999999999999
 30
0.0
 11
906.4
 21
745.36
 31
0.0
  0
LINE
  5
E2D
330
17
100
AcDbEntity
  8
LINES
100
AcDbLine
 10
913.48
 20
742.72
 30
0.0
 11
916.12
 21
742.72
 31
0.0
  0
LINE
  5
E2E
330
17
100
AcDbEntity
  8
LINES
100
AcDbLine
 10
921.28
 20
741.88
 30
0.0
 11
923.92
 21
741.88
 31
0.0
  0
LINE
  5
E2F
330
17
100
AcDbEntity
  8
LINES
100
AcDbLine
 10
929.0799999999999
 20
742.72
 30
0.0
 11
930.4
 21
742.72
 31
0.0
  0
LINE
  5
E30
330
17
100
AcDbEntity
  8
LINES
100
AcDbLine
 10
929.0799999999999
 20
740.1999999999999
 30
0.0
 11
931.7199999999999
 21
740.1999999999999
 31
0.0
  0
LINE
  5
E31
330
17
100
AcDbEntity
  8
LINES
100
AcDbLine
 10
933.04
 20
742.72
 30
0.0
 11
935.68
 21
742.72
 31
0.0
  0
LINE
  5
E32
330
17
100
AcDbEntity
  8
LINES
100
AcDbLine
 10
940.8399999999999
 20
740.1999999999999
 30
0.0
 11
943.48
 21
743.68
 31
0.0
  0
LINE
  5
E33
330
17
100
AcDbEntity
  8
LINES
100
AcDbLine
 10
940.8399999999999
 20
740.1999999999999
 30
0.0
 11
943.48
 21
743.68
 31
0.0
  0
LINE
  5
E34
330
17
100
AcDbEntity
  8
LINES
100
AcDbLine
 10
944.68
 20
740.1999999999999
 30
0.0
 11
946.0
 21
740.1999999999999
 31
0.0
  0
LINE
  5
E35
330
17
100
AcDbEntity
  8
LINES
100
AcDbLine
 10
1118.8
 20
740.1999999999999
 30
0.0
 11
1120.0
 21
740.1999999999999
 31
0.0
  0
LINE
  5
E36
330
17
100
AcDbEntity
  8
LINES
100
AcDbLine
 10
946.8399999999999
 20
734.4399999999999
 30
0.0
 11
949.48
 21
734.4399999999999
 31
0.0
  0
LINE
  5
E37
330
17
100
AcDbEntity
  8
LINES
100
AcDbLine
 10
950.8
 20
732.76
 30
0.0
 11
952.12
 21
732.76
 31
0.0
  0
LINE
  5
E38
330
17
100
AcDbEntity
  8
LINES
100
AcDbLine
 10
954.04
 20
726.16
 30
0.0
 11
956.56
 21
726.16
 31
0.0
  0
LINE
  5
E39
330
17
100
AcDbEntity
  8
LINES
100
AcDbLine
 10
957.88
 20
727.9599999999999
 30
0.0
 11
959.1999999999999
 21
727.9599999999999
 31
0.0
  0
LINE
  5
E3A
330
17
100
AcDbEntity
  8
LINES
100
AcDbLine
 10
968.92
 20
725.3199999999999
 30
0.0
 11
970.9599999999999
 21
727.9599999999999
 31
0.0
  0
LINE
  5
E3B
330
17
100
AcDbEntity
  8
LINES
100
AcDbLine
 10
976.12
 20
727.9599999999999
 30
0.0
 11
977.4399999999999
 21
727.9599999999999
 31
0.0
  0
LINE
  5
E3C
330
17
100
AcDbEntity
  8
LINES
100
AcDbLine
 10
976.12
 20
725.3199999999999
 30
0.0
 11
978.76
 21
725.3199999999999
 31
0.0
  0
LINE
  5
E3D
330
17
100
AcDbEntity
  8
LINES
100
AcDbLine
 10
984.64
 20
725.3199999999999
 30
0.0
 11
984.64
 21
730.48
 31
0.0
  0
LINE
  5
E3E
330
17
100
AcDbEntity
  8
RECTANGLES
100
AcDbLine
 10
987.88
 20
725.3199999999999
 30
0.0
 11
990.4
 21
725.3199999999999
 31
0.0
  0
LINE
  5
E3F
330
17
100
AcDbEntity
  8
RECTANGLES
100
AcDbLine
 10
990.4
 20
725.3199999999999
 30
0.0
 11
990.4
 21
730.48
 31
0.0
  0
LINE
  5
E40
330
17
100
AcDbEntity
  8
RECTANGLES
100
AcDbLine
 10
990.4
 20
730.48
 30
0.0
 11
987.88
 21
730.48
 31
0.0
  0
LINE
  5
E41
330
17
100
AcDbEntity
  8
RECTANGLES
100
AcDbLine
 10
987.88
 20
730.48
 30
0.0
 11
987.88
 21
725.3199999999999
 31
0.0
  0
LINE
  5
E42
330
17
100
AcDbEntity
  8
LINES
100
AcDbLine
 10
997.0
 20
727.0
 30
0.0
 11
999.52
 21
727.0
 31
0.0
  0
LINE
  5
E43
330
17
100
AcDbEntity
  8
LINES
100
AcDbLine
 10
1008.64
 20
730.48
 30
0.0
 11
1009.9599999999999
 21
730.48
 31
0.0
  0
LINE
  5
E44
330
17
100
AcDbEntity
  8
LINES
100
AcDbLine
 10
1009.24
 20
725.3199999999999
 30
0.0
 11
1009.24
 21
730.48
 31
0.0
  0
LINE
  5
E45
330
17
100
AcDbEntity
  8
LINES
100
AcDbLine
 10
1008.64
 20
725.3199999999999
 30
0.0
 11
1009.9599999999999
 21
725.3199999999999
 31
0.0
  0
LINE
  5
E46
330
17
100
AcDbEntity
  8
LINES
100
AcDbLine
 10
1015.8399999999999
 20
725.3199999999999
 30
0.0
 11
1015.8399999999999
 21
730.48
 31
0.0
  0
LINE
  5
E47
330
17
100
AcDbEntity
  8
LINES
100
AcDbLine
 10
1019.0799999999999
 20
725.3199999999999
 30
0.0
 11
1020.4
 21
725.3199999999999
 31
0.0
  0
LINE
  5
E48
330
17
100
AcDbEntity
  8
LINES
100
AcDbLine
 10
1025.56
 20
725.3199999999999
 30
0.0
 11
1025.56
 21
726.16
 31
0.0
  0
LINE
  5
E49
330
17
100
AcDbEntity
  8
LINES
100
AcDbLine
 10
1035.28
 20
725.3199999999999
 30
0.0
 11
1035.28
 21
730.48
 31
0.0
  0
LINE
  5
E4A
330
17
100
AcDbEntity
  8
LINES
100
AcDbLine
 10
1038.52
 20
727.9599999999999
 30
0.0
 11
1039.84
 21
727.9599999999999
 31
0.0
  0
LINE
  5
E4B
330
17
100
AcDbEntity
  8
LINES
100
AcDbLine
 10
1038.52
 20
725.3199999999999
 30
0.0
 11
1041.1599999999999
 21
725.3199999999999
 31
0.0
  0
LINE
  5
E4C
330
17
100
AcDbEntity
  8
LINES
100
AcDbLine
 10
1054.12
 20
725.3199999999999
 30
0.0
 11
1054.12
 21
730.48
 31
0.0
  0
LINE
  5
E4D
330
17
100
AcDbEntity
  8
LINES
100
AcDbLine
 10
1054.12
 20
727.9599999999999
 30
0.0
 11
1056.76
 21
727.9599999999999
 31
0.0
  0
LINE
  5
E4E
330
17
100
AcDbEntity
  8
LINES
100
AcDbLine
 10
1056.76
 20
725.3199999999999
 30
0.0
 11
1056.76
 21
730.48
 31
0.0
  0
LINE
  5
E4F
330
17
100
AcDbEntity
  8
LINES
100
AcDbLine
 10
1061.92
 20
725.3199999999999
 30
0.0
 11
1063.24
 21
725.3199999999999
 31
0.0
  0
LINE
  5
E50
330
17
100
AcDbEntity
  8
LINES
100
AcDbLine
 10
1075.6
 20
727.0
 30
0.0
 11
1078.24
 21
727.0
 31
0.0
  0
LINE
  5
E51
330
17
100
AcDbEntity
  8
LINES
100
AcDbLine
 10
1083.3999999999999
 20
730.48
 30
0.0
 11
1086.04
 21
730.48
 31
0.0
  0
LINE
  5
E52
330
17
100
AcDbEntity
  8
LINES
100
AcDbLine
 10
1084.72
 20
725.3199999999999
 30
0.0
 11
1084.72
 21
730.48
 31
0.0
  0
LINE
  5
E53
330
17
100
AcDbEntity
  8
LINES
100
AcDbLine
 10
855.64
 20
727.9599999999999
 30
0.0
 11
856.9599999999999
 21
727.9599999999999
 31
0.0
  0
LINE
  5
E54
330
17
100
AcDbEntity
  8
LINES
100
AcDbLine
 10
855.64
 20
725.3199999999999
 30
0.0
 11
858.28
 21
725.3199999999999
 31
0.0
  0
LINE
  5
E55
330
17
100
AcDbEntity
  8
LINES
100
AcDbLine
 10
864.76
 20
727.9599999999999
 30
0.0
 11
867.28
 21
727.9599999999999
 31
0.0
  0
LINE
  5
E56
330
17
100
AcDbEntity
  8
LINES
100
AcDbLine
 10
868.6
 20
725.3199999999999
 30
0.0
 11
869.92
 21
725.3199999999999
 31
0.0
  0
LINE
  5
E57
330
17
100
AcDbEntity
  8
LINES
100
AcDbLine
 10
875.0799999999999
 20
727.9599999999999
 30
0.0
 11
877.7199999999999
 21
727.9599999999999
 31
0.0
  0
LINE
  5
E58
330
17
100
AcDbEntity
  8
LINES
100
AcDbLine
 10
891.4
 20
725.3199999999999
 30
0.0
 11
891.4
 21
730.48
 31
0.0
  0
LINE
  5
E59
330
17
100
AcDbEntity
  8
LINES
100
AcDbLine
 10
894.64
 20
727.9599999999999
 30
0.0
 11
897.28
 21
727.9599999999999
 31
0.0
  0
LINE
  5
E5A
330
17
100
AcDbEntity
  8
LINES
100
AcDbLine
 10
902.4399999999999
 20
727.0
 30
0.0
 11
905.0799999999999
 21
727.0
 31
0.0
  0
LINE
  5
E5B
330
17
100
AcDbEntity
  8
LINES
100
AcDbLine
 10
910.24
 20
727.9599999999999
 30
0.0
 11
911.56
 21
727.9599999999999
 31
0.0
  0
LINE
  5
E5C
330
17
100
AcDbEntity
  8
LINES
100
AcDbLine
 10
910.24
 20
725.3199999999999
 30
0.0
 11
912.88
 21
725.3199999999999
 31
0.0
  0
LINE
  5
E5D
330
17
100
AcDbEntity
  8
LINES
100
AcDbLine
 10
914.1999999999999
 20
727.9599999999999
 30
0.0
 11
916.7199999999999
 21
727.9599999999999
 31
0.0
  0
LINE
  5
E5E
330
17
100
AcDbEntity
  8
LINES
100
AcDbLine
 10
946.8399999999999
 20
719.56
 30
0.0
 11
949.48
 21
719.56
 31
0.0
  0
LINE
  5
E5F
330
17
100
AcDbEntity
  8
LINES
100
AcDbLine
 10
962.4399999999999
 20
720.52
 30
0.0
 11
965.0799999999999
 21
720.52
 31
0.0
  0
LINE
  5
E60
330
17
100
AcDbEntity
  8
LINES
100
AcDbLine
 10
976.12
 20
717.88
 30
0.0
 11
976.12
 21
723.04
 31
0.0
  0
LINE
  5
E61
330
17
100
AcDbEntity
  8
LINES
100
AcDbLine
 10
959.92
 20
713.0799999999999
 30
0.0
 11
961.12
 21
713.0799999999999
 31
0.0
  0
LINE
  5
E62
330
17
100
AcDbEntity
  8
LINES
100
AcDbLine
 10
967.7199999999999
 20
712.12
 30
0.0
 11
970.24
 21
712.12
 31
0.0
  0
LINE
  5
E63
330
17
100
AcDbEntity
  8
LINES
100
AcDbLine
 10
979.36
 20
713.0799999999999
 30
0.0
 11
980.68
 21
713.0799999999999
 31
0.0
  0
LINE
  5
E64
330
17
100
AcDbEntity
  8
LINES
100
AcDbLine
 10
979.36
 20
710.4399999999999
 30
0.0
 11
982.0
 21
710.4399999999999
 31
0.0
  0
LINE
  5
E65
330
17
100
AcDbEntity
  8
LINES
100
AcDbLine
 10
987.16
 20
712.12
 30
0.0
 11
989.8
 21
712.12
 31
0.0
  0
LINE
  5
E66
330
17
100
AcDbEntity
  8
LINES
100
AcDbLine
 10
998.92
 20
715.6
 30
0.0
 11
1000.24
 21
715.6
 31
0.0
  0
LINE
  5
E67
330
17
100
AcDbEntity
  8
LINES
100
AcDbLine
 10
999.52
 20
710.4399999999999
 30
0.0
 11
999.52
 21
715.6
 31
0.0
  0
LINE
  5
E68
330
17
100
AcDbEntity
  8
LINES
100
AcDbLine
 10
998.92
 20
710.4399999999999
 30
0.0
 11
1000.24
 21
710.4399999999999
 31
0.0
  0
LINE
  5
E69
330
17
100
AcDbEntity
  8
LINES
100
AcDbLine
 10
1006.0
 20
710.4399999999999
 30
0.0
 11
1006.0
 21
715.6
 31
0.0
  0
LINE
  5
E6A
330
17
100
AcDbEntity
  8
LINES
100
AcDbLine
 10
1009.24
 20
710.4399999999999
 30
0.0
 11
1010.56
 21
710.4399999999999
 31
0.0
  0
LINE
  5
E6B
330
17
100
AcDbEntity
  8
LINES
100
AcDbLine
 10
1015.8399999999999
 20
710.4399999999999
 30
0.0
 11
1015.8399999999999
 21
711.28
 31
0.0
  0
LINE
  5
E6C
330
17
100
AcDbEntity
  8
LINES
100
AcDbLine
 10
1025.56
 20
710.4399999999999
 30
0.0
 11
1027.48
 21
713.0799999999999
 31
0.0
  0
LINE
  5
E6D
330
17
100
AcDbEntity
  8
LINES
100
AcDbLine
 10
1028.8
 20
713.0799999999999
 30
0.0
 11
1030.12
 21
713.0799999999999
 31
0.0
  0
LINE
  5
E6E
330
17
100
AcDbEntity
  8
LINES
100
AcDbLine
 10
1036.6
 20
710.4399999999999
 30
0.0
 11
1037.92
 21
710.4399999999999
 31
0.0
  0
LINE
  5
E6F
330
17
100
AcDbEntity
  8
LINES
100
AcDbLine
 10
1046.32
 20
712.12
 30
0.0
 11
1048.96
 21
712.12
 31
0.0
  0
LINE
  5
E70
330
17
100
AcDbEntity
  8
LINES
100
AcDbLine
 10
1046.32
 20
713.92
 30
0.0
 11
1048.96
 21
713.92
 31
0.0
  0
LINE
  5
E71
330
17
100
AcDbEntity
  8
LINES
100
AcDbLine
 10
1047.04
 20
710.4399999999999
 30
0.0
 11
1047.04
 21
715.6
 31
0.0
  0
LINE
  5
E72
330
17
100
AcDbEntity
  8
LINES
100
AcDbLine
 10
1048.36
 20
710.4399999999999
 30
0.0
 11
1048.36
 21
715.6
 31
0.0
  0
LINE
  5
E73
330
17
100
AcDbEntity
  8
LINES
100
AcDbLine
 10
1061.92
 20
710.4399999999999
 30
0.0
 11
1061.92
 21
715.6
 31
0.0
  0
LINE
  5
E74
330
17
100
AcDbEntity
  8
LINES
100
AcDbLine
 10
1061.92
 20
713.0799999999999
 30
0.0
 11
1064.56
 21
713.0799999999999
 31
0.0
  0
LINE
  5
E75
330
17
100
AcDbEntity
  8
LINES
100
AcDbLine
 10
1064.56
 20
710.4399999999999
 30
0.0
 11
1064.56
 21
715.6
 31
0.0
  0
LINE
  5
E76
330
17
100
AcDbEntity
  8
LINES
100
AcDbLine
 10
1069.84
 20
710.4399999999999
 30
0.0
 11
1071.04
 21
710.4399999999999
 31
0.0
  0
LINE
  5
E77
330
17
100
AcDbEntity
  8
LINES
100
AcDbLine
 10
1083.3999999999999
 20
712.12
 30
0.0
 11
1086.04
 21
712.12
 31
0.0
  0
LINE
  5
E78
330
17
100
AcDbEntity
  8
LINES
100
AcDbLine
 10
1091.2
 20
715.6
 30
0.0
 11
1093.84
 21
715.6
 31
0.0
  0
LINE
  5
E79
330
17
100
AcDbEntity
  8
LINES
100
AcDbLine
 10
1092.52
 20
710.4399999999999
 30
0.0
 11
1092.52
 21
715.6
 31
0.0
  0
LINE
  5
E7A
330
17
100
AcDbEntity
  8
LINES
100
AcDbLine
 10
855.64
 20
713.0799999999999
 30
0.0
 11
856.9599999999999
 21
713.0799999999999
 31
0.0
  0
LINE
  5
E7B
330
17
100
AcDbEntity
  8
LINES
100
AcDbLine
 10
864.76
 20
713.0799999999999
 30
0.0
 11
867.28
 21
713.0799999999999
 31
0.0
  0
LINE
  5
E7C
330
17
100
AcDbEntity
  8
LINES
100
AcDbLine
 10
868.6
 20
710.4399999999999
 30
0.0
 11
869.92
 21
710.4399999999999
 31
0.0
  0
LINE
  5
E7D
330
17
100
AcDbEntity
  8
LINES
100
AcDbLine
 10
879.04
 20
713.0799999999999
 30
0.0
 11
881.68
 21
713.0799999999999
 31
0.0
  0
LINE
  5
E7E
330
17
100
AcDbEntity
  8
LINES
100
AcDbLine
 10
883.0
 20
710.4399999999999
 30
0.0
 11
884.1999999999999
 21
710.4399999999999
 31
0.0
  0
LINE
  5
E7F
330
17
100
AcDbEntity
  8
LINES
100
AcDbLine
 10
892.7199999999999
 20
713.0799999999999
 30
0.0
 11
895.24
 21
713.0799999999999
 31
0.0
  0
LINE
  5
E80
330
17
100
AcDbEntity
  8
LINES
100
AcDbLine
 10
896.56
 20
710.4399999999999
 30
0.0
 11
897.88
 21
710.4399999999999
 31
0.0
  0
LINE
  5
E81
330
17
100
AcDbEntity
  8
LINES
100
AcDbLine
 10
903.16
 20
713.0799999999999
 30
0.0
 11
905.68
 21
713.0799999999999
 31
0.0
  0
LINE
  5
E82
330
17
100
AcDbEntity
  8
LINES
100
AcDbLine
 10
910.9599999999999
 20
712.12
 30
0.0
 11
913.48
 21
712.12
 31
0.0
  0
LINE
  5
E83
330
17
100
AcDbEntity
  8
LINES
100
AcDbLine
 10
918.76
 20
713.0799999999999
 30
0.0
 11
919.9599999999999
 21
713.0799999999999
 31
0.0
  0
LINE
  5
E84
330
17
100
AcDbEntity
  8
LINES
100
AcDbLine
 10
918.76
 20
710.4399999999999
 30
0.0
 11
921.28
 21
710.4399999999999
 31
0.0
  0
LINE
  5
E85
330
17
100
AcDbEntity
  8
LINES
100
AcDbLine
 10
922.6
 20
713.0799999999999
 30
0.0
 11
925.24
 21
713.0799999999999
 31
0.0
  0
LINE
  5
E86
330
17
100
AcDbEntity
  8
LINES
100
AcDbLine
 10
946.8399999999999
 20
704.8
 30
0.0
 11
949.48
 21
704.8
 31
0.0
  0
LINE
  5
E87
330
17
100
AcDbEntity
  8
LINES
100
AcDbLine
 10
950.8
 20
703.0
 30
0.0
 11
952.12
 21
703.0
 31
0.0
  0
LINE
  5
E88
330
17
100
AcDbEntity
  8
LINES
100
AcDbLine
 10
959.92
 20
698.1999999999999
 30
0.0
 11
961.12
 21
698.1999999999999
 31
0.0
  0
LINE
  5
E89
330
17
100
AcDbEntity
  8
LINES
100
AcDbLine
 10
967.7199999999999
 20
697.36
 30
0.0
 11
970.24
 21
697.36
 31
0.0
  0
LINE
  5
E8A
330
17
100
AcDbEntity
  8
LINES
100
AcDbLine
 10
979.36
 20
698.1999999999999
 30
0.0
 11
980.68
 21
698.1999999999999
 31
0.0
  0
LINE
  5
E8B
330
17
100
AcDbEntity
  8
LINES
100
AcDbLine
 10
979.36
 20
695.56
 30
0.0
 11
982.0
 21
695.56
 31
0.0
  0
LINE
  5
E8C
330
17
100
AcDbEntity
  8
LINES
100
AcDbLine
 10
987.16
 20
697.36
 30
0.0
 11
989.8
 21
697.36
 31
0.0
  0
LINE
  5
E8D
330
17
100
AcDbEntity
  8
LINES
100
AcDbLine
 10
998.92
 20
700.84
 30
0.0
 11
1000.24
 21
700.84
 31
0.0
  0
LINE
  5
E8E
330
17
100
AcDbEntity
  8
LINES
100
AcDbLine
 10
999.52
 20
695.56
 30
0.0
 11
999.52
 21
700.84
 31
0.0
  0
LINE
  5
E8F
330
17
100
AcDbEntity
  8
LINES
100
AcDbLine
 10
998.92
 20
695.56
 30
0.0
 11
1000.24
 21
695.56
 31
0.0
  0
LINE
  5
E90
330
17
100
AcDbEntity
  8
LINES
100
AcDbLine
 10
1006.0
 20
695.56
 30
0.0
 11
1006.0
 21
700.84
 31
0.0
  0
LINE
  5
E91
330
17
100
AcDbEntity
  8
LINES
100
AcDbLine
 10
1009.24
 20
695.56
 30
0.0
 11
1010.56
 21
695.56
 31
0.0
  0
LINE
  5
E92
330
17
100
AcDbEntity
  8
LINES
100
AcDbLine
 10
1015.8399999999999
 20
695.56
 30
0.0
 11
1015.8399999999999
 21
696.4
 31
0.0
  0
LINE
  5
E93
330
17
100
AcDbEntity
  8
LINES
100
AcDbLine
 10
1025.56
 20
695.56
 30
0.0
 11
1027.48
 21
698.1999999999999
 31
0.0
  0
LINE
  5
E94
330
17
100
AcDbEntity
  8
LINES
100
AcDbLine
 10
1028.8
 20
698.1999999999999
 30
0.0
 11
1030.12
 21
698.1999999999999
 31
0.0
  0
LINE
  5
E95
330
17
100
AcDbEntity
  8
LINES
100
AcDbLine
 10
1036.6
 20
695.56
 30
0.0
 11
1037.92
 21
695.56
 31
0.0
  0
LINE
  5
E96
330
17
100
AcDbEntity
  8
LINES
100
AcDbLine
 10
1046.32
 20
697.36
 30
0.0
 11
1048.96
 21
697.36
 31
0.0
  0
LINE
  5
E97
330
17
100
AcDbEntity
  8
LINES
100
AcDbLine
 10
1046.32
 20
699.04
 30
0.0
 11
1048.96
 21
699.04
 31
0.0
  0
LINE
  5
E98
330
17
100
AcDbEntity
  8
LINES
100
AcDbLine
 10
1047.04
 20
695.56
 30
0.0
 11
1047.04
 21
700.84
 31
0.0
  0
LINE
  5
E99
330
17
100
AcDbEntity
  8
LINES
100
AcDbLine
 10
1048.36
 20
695.56
 30
0.0
 11
1048.36
 21
700.84
 31
0.0
  0
LINE
  5
E9A
330
17
100
AcDbEntity
  8
LINES
100
AcDbLine
 10
1061.92
 20
695.56
 30
0.0
 11
1061.92
 21
700.84
 31
0.0
  0
LINE
  5
E9B
330
17
100
AcDbEntity
  8
LINES
100
AcDbLine
 10
1061.92
 20
698.1999999999999
 30
0.0
 11
1064.56
 21
698.1999999999999
 31
0.0
  0
LINE
  5
E9C
330
17
100
AcDbEntity
  8
LINES
100
AcDbLine
 10
1064.56
 20
695.56
 30
0.0
 11
1064.56
 21
700.84
 31
0.0
  0
LINE
  5
E9D
330
17
100
AcDbEntity
  8
LINES
100
AcDbLine
 10
1069.84
 20
695.56
 30
0.0
 11
1071.04
 21
695.56
 31
0.0
  0
LINE
  5
E9E
330
17
100
AcDbEntity
  8
LINES
100
AcDbLine
 10
1083.3999999999999
 20
697.36
 30
0.0
 11
1086.04
 21
697.36
 31
0.0
  0
LINE
  5
E9F
330
17
100
AcDbEntity
  8
LINES
100
AcDbLine
 10
1091.2
 20
700.84
 30
0.0
 11
1093.84
 21
700.84
 31
0.0
  0
LINE
  5
EA0
330
17
100
AcDbEntity
  8
LINES
100
AcDbLine
 10
1092.52
 20
695.56
 30
0.0
 11
1092.52
 21
700.84
 31
0.0
  0
LINE
  5
EA1
330
17
100
AcDbEntity
  8
LINES
100
AcDbLine
 10
832.24
 20
695.56
 30
0.0
 11
833.56
 21
695.56
 31
0.0
  0
LINE
  5
EA2
330
17
100
AcDbEntity
  8
LINES
100
AcDbLine
 10
855.64
 20
698.1999999999999
 30
0.0
 11
856.9599999999999
 21
698.1999999999999
 31
0.0
  0
LINE
  5
EA3
330
17
100
AcDbEntity
  8
LINES
100
AcDbLine
 10
864.76
 20
698.1999999999999
 30
0.0
 11
867.28
 21
698.1999999999999
 31
0.0
  0
LINE
  5
EA4
330
17
100
AcDbEntity
  8
LINES
100
AcDbLine
 10
868.6
 20
695.56
 30
0.0
 11
869.92
 21
695.56
 31
0.0
  0
LINE
  5
EA5
330
17
100
AcDbEntity
  8
LINES
100
AcDbLine
 10
879.04
 20
698.1999999999999
 30
0.0
 11
881.68
 21
698.1999999999999
 31
0.0
  0
LINE
  5
EA6
330
17
100
AcDbEntity
  8
LINES
100
AcDbLine
 10
883.0
 20
695.56
 30
0.0
 11
884.1999999999999
 21
695.56
 31
0.0
  0
LINE
  5
EA7
330
17
100
AcDbEntity
  8
LINES
100
AcDbLine
 10
892.7199999999999
 20
698.1999999999999
 30
0.0
 11
895.24
 21
698.1999999999999
 31
0.0
  0
LINE
  5
EA8
330
17
100
AcDbEntity
  8
LINES
100
AcDbLine
 10
896.56
 20
695.56
 30
0.0
 11
897.88
 21
695.56
 31
0.0
  0
LINE
  5
EA9
330
17
100
AcDbEntity
  8
LINES
100
AcDbLine
 10
903.16
 20
698.1999999999999
 30
0.0
 11
905.68
 21
698.1999999999999
 31
0.0
  0
LINE
  5
EAA
330
17
100
AcDbEntity
  8
LINES
100
AcDbLine
 10
910.9599999999999
 20
697.36
 30
0.0
 11
913.48
 21
697.36
 31
0.0
  0
LINE
  5
EAB
330
17
100
AcDbEntity
  8
LINES
100
AcDbLine
 10
918.76
 20
698.1999999999999
 30
0.0
 11
919.9599999999999
 21
698.1999999999999
 31
0.0
  0
LINE
  5
EAC
330
17
100
AcDbEntity
  8
LINES
100
AcDbLine
 10
918.76
 20
695.56
 30
0.0
 11
921.28
 21
695.56
 31
0.0
  0
LINE
  5
EAD
330
17
100
AcDbEntity
  8
LINES
100
AcDbLine
 10
922.6
 20
698.1999999999999
 30
0.0
 11
925.24
 21
698.1999999999999
 31
0.0
  0
LINE
  5
EAE
330
17
100
AcDbEntity
  8
LINES
100
AcDbLine
 10
926.56
 20
695.56
 30
0.0
 11
927.76
 21
695.56
 31
0.0
  0
LINE
  5
EAF
330
17
100
AcDbEntity
  8
LINES
100
AcDbLine
 10
1118.8
 20
695.56
 30
0.0
 11
1120.0
 21
695.56
 31
0.0
  0
LINE
  5
EB0
330
17
100
AcDbEntity
  8
LINES
100
AcDbLine
 10
946.8399999999999
 20
689.92
 30
0.0
 11
949.48
 21
689.92
 31
0.0
  0
LINE
  5
EB1
330
17
100
AcDbEntity
  8
LINES
100
AcDbLine
 10
950.8
 20
688.12
 30
0.0
 11
952.12
 21
688.12
 31
0.0
  0
LINE
  5
EB2
330
17
100
AcDbEntity
  8
LINES
100
AcDbLine
 10
950.8
 20
682.48
 30
0.0
 11
953.3199999999999
 21
682.48
 31
0.0
  0
LINE
  5
EB3
330
17
100
AcDbEntity
  8
LINES
100
AcDbLine
 10
954.64
 20
685.9599999999999
 30
0.0
 11
957.28
 21
685.9599999999999
 31
0.0
  0
LINE
  5
EB4
330
17
100
AcDbEntity
  8
LINES
100
AcDbLine
 10
955.9599999999999
 20
680.68
 30
0.0
 11
955.9599999999999
 21
685.9599999999999
 31
0.0
  0
LINE
  5
EB5
330
17
100
AcDbEntity
  8
LINES
100
AcDbLine
 10
958.5999999999999
 20
683.3199999999999
 30
0.0
 11
959.92
 21
683.3199999999999
 31
0.0
  0
LINE
  5
EB6
330
17
100
AcDbEntity
  8
LINES
100
AcDbLine
 10
958.5999999999999
 20
680.68
 30
0.0
 11
961.12
 21
680.68
 31
0.0
  0
LINE
  5
EB7
330
17
100
AcDbEntity
  8
LINES
100
AcDbLine
 10
971.56
 20
682.48
 30
0.0
 11
974.1999999999999
 21
682.48
 31
0.0
  0
LINE
  5
EB8
330
17
100
AcDbEntity
  8
LINES
100
AcDbLine
 10
984.64
 20
683.3199999999999
 30
0.0
 11
985.8399999999999
 21
683.3199999999999
 31
0.0
  0
LINE
  5
EB9
330
17
100
AcDbEntity
  8
LINES
100
AcDbLine
 10
984.64
 20
680.68
 30
0.0
 11
987.16
 21
680.68
 31
0.0
  0
LINE
  5
EBA
330
17
100
AcDbEntity
  8
LINES
100
AcDbLine
 10
1015.8399999999999
 20
682.48
 30
0.0
 11
1018.36
 21
682.48
 31
0.0
  0
LINE
  5
EBB
330
17
100
AcDbEntity
  8
LINES
100
AcDbLine
 10
1015.8399999999999
 20
684.16
 30
0.0
 11
1018.36
 21
684.16
 31
0.0
  0
LINE
  5
EBC
330
17
100
AcDbEntity
  8
LINES
100
AcDbLine
 10
1016.4399999999999
 20
680.68
 30
0.0
 11
1016.4399999999999
 21
685.9599999999999
 31
0.0
  0
LINE
  5
EBD
330
17
100
AcDbEntity
  8
LINES
100
AcDbLine
 10
1017.76
 20
680.68
 30
0.0
 11
1017.76
 21
685.9599999999999
 31
0.0
  0
LINE
  5
EBE
330
17
100
AcDbEntity
  8
LINES
100
AcDbLine
 10
1023.64
 20
682.48
 30
0.0
 11
1026.1599999999999
 21
682.48
 31
0.0
  0
LINE
  5
EBF
330
17
100
AcDbEntity
  8
LINES
100
AcDbLine
 10
1031.44
 20
685.9599999999999
 30
0.0
 11
1033.96
 21
685.9599999999999
 31
0.0
  0
LINE
  5
EC0
330
17
100
AcDbEntity
  8
LINES
100
AcDbLine
 10
1032.76
 20
680.68
 30
0.0
 11
1032.76
 21
685.9599999999999
 31
0.0
  0
LINE
  5
EC1
330
17
100
AcDbEntity
  8
LINES
100
AcDbLine
 10
1043.08
 20
682.48
 30
0.0
 11
1045.72
 21
682.48
 31
0.0
  0
LINE
  5
EC2
330
17
100
AcDbEntity
  8
LINES
100
AcDbLine
 10
1047.04
 20
680.68
 30
0.0
 11
1048.36
 21
680.68
 31
0.0
  0
LINE
  5
EC3
330
17
100
AcDbEntity
  8
LINES
100
AcDbLine
 10
832.24
 20
680.68
 30
0.0
 11
833.56
 21
680.68
 31
0.0
  0
LINE
  5
EC4
330
17
100
AcDbEntity
  8
LINES
100
AcDbLine
 10
859.48
 20
680.68
 30
0.0
 11
860.8
 21
680.68
 31
0.0
  0
LINE
  5
EC5
330
17
100
AcDbEntity
  8
LINES
100
AcDbLine
 10
865.36
 20
680.68
 30
0.0
 11
866.68
 21
680.68
 31
0.0
  0
LINE
  5
EC6
330
17
100
AcDbEntity
  8
LINES
100
AcDbLine
 10
868.0
 20
680.68
 30
0.0
 11
869.3199999999999
 21
680.68
 31
0.0
  0
LINE
  5
EC7
330
17
100
AcDbEntity
  8
LINES
100
AcDbLine
 10
886.24
 20
683.3199999999999
 30
0.0
 11
888.76
 21
683.3199999999999
 31
0.0
  0
LINE
  5
EC8
330
17
100
AcDbEntity
  8
LINES
100
AcDbLine
 10
890.0799999999999
 20
680.68
 30
0.0
 11
891.4
 21
680.68
 31
0.0
  0
LINE
  5
EC9
330
17
100
AcDbEntity
  8
LINES
100
AcDbLine
 10
1118.8
 20
680.68
 30
0.0
 11
1120.0
 21
680.68
 31
0.0
  0
LINE
  5
ECA
330
17
100
AcDbEntity
  8
LINES
100
AcDbLine
 10
962.4399999999999
 20
675.88
 30
0.0
 11
965.0799999999999
 21
675.88
 31
0.0
  0
LINE
  5
ECB
330
17
100
AcDbEntity
  8
LINES
100
AcDbLine
 10
974.1999999999999
 20
673.24
 30
0.0
 11
974.1999999999999
 21
678.52
 31
0.0
  0
LINE
  5
ECC
330
17
100
AcDbEntity
  8
LINES
100
AcDbLine
 10
985.24
 20
675.88
 30
0.0
 11
987.88
 21
675.88
 31
0.0
  0
LINE
  5
ECD
330
17
100
AcDbEntity
  8
RECTANGLES
100
AcDbLine
 10
993.04
 20
673.24
 30
0.0
 11
995.68
 21
673.24
 31
0.0
  0
LINE
  5
ECE
330
17
100
AcDbEntity
  8
RECTANGLES
100
AcDbLine
 10
995.68
 20
673.24
 30
0.0
 11
995.68
 21
678.52
 31
0.0
  0
LINE
  5
ECF
330
17
100
AcDbEntity
  8
RECTANGLES
100
AcDbLine
 10
995.68
 20
678.52
 30
0.0
 11
993.04
 21
678.52
 31
0.0
  0
LINE
  5
ED0
330
17
100
AcDbEntity
  8
RECTANGLES
100
AcDbLine
 10
993.04
 20
678.52
 30
0.0
 11
993.04
 21
673.24
 31
0.0
  0
LINE
  5
ED1
330
17
100
AcDbEntity
  8
LINES
100
AcDbLine
 10
1000.8399999999999
 20
675.88
 30
0.0
 11
1003.48
 21
675.88
 31
0.0
  0
LINE
  5
ED2
330
17
100
AcDbEntity
  8
LINES
100
AcDbLine
 10
1008.64
 20
675.04
 30
0.0
 11
1011.28
 21
675.04
 31
0.0
  0
LINE
  5
ED3
330
17
100
AcDbEntity
  8
LINES
100
AcDbLine
 10
954.64
 20
456.4
 30
0.0
 11
955.9599999999999
 21
456.4
 31
0.0
  0
LINE
  5
ED4
330
17
100
AcDbEntity
  8
LINES
100
AcDbLine
 10
954.64
 20
453.88
 30
0.0
 11
957.28
 21
453.88
 31
0.0
  0
LINE
  5
ED5
330
17
100
AcDbEntity
  8
LINES
100
AcDbLine
 10
962.4399999999999
 20
459.03999999999996
 30
0.0
 11
965.0799999999999
 21
459.03999999999996
 31
0.0
  0
LINE
  5
ED6
330
17
100
AcDbEntity
  8
LINES
100
AcDbLine
 10
963.76
 20
453.88
 30
0.0
 11
963.76
 21
459.03999999999996
 31
0.0
  0
LINE
  5
ED7
330
17
100
AcDbEntity
  8
LINES
100
AcDbLine
 10
966.4
 20
455.56
 30
0.0
 11
968.92
 21
455.56
 31
0.0
  0
LINE
  5
ED8
330
17
100
AcDbEntity
  8
LINES
100
AcDbLine
 10
978.04
 20
456.4
 30
0.0
 11
979.36
 21
456.4
 31
0.0
  0
LINE
  5
ED9
330
17
100
AcDbEntity
  8
LINES
100
AcDbLine
 10
978.04
 20
453.88
 30
0.0
 11
980.68
 21
453.88
 31
0.0
  0
LINE
  5
EDA
330
17
100
AcDbEntity
  8
LINES
100
AcDbLine
 10
986.56
 20
453.88
 30
0.0
 11
986.56
 21
459.03999999999996
 31
0.0
  0
LINE
  5
EDB
330
17
100
AcDbEntity
  8
LINES
100
AcDbLine
 10
993.64
 20
459.03999999999996
 30
0.0
 11
994.9599999999999
 21
459.03999999999996
 31
0.0
  0
LINE
  5
EDC
330
17
100
AcDbEntity
  8
LINES
100
AcDbLine
 10
994.36
 20
453.88
 30
0.0
 11
994.36
 21
459.03999999999996
 31
0.0
  0
LINE
  5
EDD
330
17
100
AcDbEntity
  8
LINES
100
AcDbLine
 10
993.64
 20
453.88
 30
0.0
 11
994.9599999999999
 21
453.88
 31
0.0
  0
LINE
  5
EDE
330
17
100
AcDbEntity
  8
LINES
100
AcDbLine
 10
1000.8399999999999
 20
453.88
 30
0.0
 11
1000.8399999999999
 21
459.03999999999996
 31
0.0
  0
LINE
  5
EDF
330
17
100
AcDbEntity
  8
LINES
100
AcDbLine
 10
1008.04
 20
455.56
 30
0.0
 11
1010.56
 21
455.56
 31
0.0
  0
LINE
  5
EE0
330
17
100
AcDbEntity
  8
LINES
100
AcDbLine
 10
1015.8399999999999
 20
459.03999999999996
 30
0.0
 11
1017.16
 21
459.03999999999996
 31
0.0
  0
LINE
  5
EE1
330
17
100
AcDbEntity
  8
LINES
100
AcDbLine
 10
1016.4399999999999
 20
453.88
 30
0.0
 11
1016.4399999999999
 21
459.03999999999996
 31
0.0
  0
LINE
  5
EE2
330
17
100
AcDbEntity
  8
LINES
100
AcDbLine
 10
1015.8399999999999
 20
453.88
 30
0.0
 11
1017.16
 21
453.88
 31
0.0
  0
LINE
  5
EE3
330
17
100
AcDbEntity
  8
RECTANGLES
100
AcDbLine
 10
1037.32
 20
453.88
 30
0.0
 11
1039.84
 21
453.88
 31
0.0
  0
LINE
  5
EE4
330
17
100
AcDbEntity
  8
RECTANGLES
100
AcDbLine
 10
1039.84
 20
453.88
 30
0.0
 11
1039.84
 21
459.03999999999996
 31
0.0
  0
LINE
  5
EE5
330
17
100
AcDbEntity
  8
RECTANGLES
100
AcDbLine
 10
1039.84
 20
459.03999999999996
 30
0.0
 11
1037.32
 21
459.03999999999996
 31
0.0
  0
LINE
  5
EE6
330
17
100
AcDbEntity
  8
RECTANGLES
100
AcDbLine
 10
1037.32
 20
459.03999999999996
 30
0.0
 11
1037.32
 21
453.88
 31
0.0
  0
LINE
  5
EE7
330
17
100
AcDbEntity
  8
LINES
100
AcDbLine
 10
1045.12
 20
455.56
 30
0.0
 11
1047.6399999999999
 21
455.56
 31
0.0
  0
LINE
  5
EE8
330
17
100
AcDbEntity
  8
LINES
100
AcDbLine
 10
1056.76
 20
456.4
 30
0.0
 11
1058.08
 21
456.4
 31
0.0
  0
LINE
  5
EE9
330
17
100
AcDbEntity
  8
LINES
100
AcDbLine
 10
1056.76
 20
453.88
 30
0.0
 11
1059.3999999999999
 21
453.88
 31
0.0
  0
LINE
  5
EEA
330
17
100
AcDbEntity
  8
LINES
100
AcDbLine
 10
1065.28
 20
453.88
 30
0.0
 11
1065.28
 21
459.03999999999996
 31
0.0
  0
LINE
  5
EEB
330
17
100
AcDbEntity
  8
LINES
100
AcDbLine
 10
1068.52
 20
453.88
 30
0.0
 11
1069.84
 21
453.88
 31
0.0
  0
LINE
  5
EEC
330
17
100
AcDbEntity
  8
LINES
100
AcDbLine
 10
1075.0
 20
453.88
 30
0.0
 11
1075.0
 21
454.71999999999997
 31
0.0
  0
LINE
  5
EED
330
17
100
AcDbEntity
  8
LINES
100
AcDbLine
 10
1088.68
 20
453.88
 30
0.0
 11
1090.6
 21
456.4
 31
0.0
  0
LINE
  5
EEE
330
17
100
AcDbEntity
  8
LINES
100
AcDbLine
 10
1091.92
 20
456.4
 30
0.0
 11
1093.24
 21
456.4
 31
0.0
  0
LINE
  5
EEF
330
17
100
AcDbEntity
  8
LINES
100
AcDbLine
 10
1099.72
 20
453.88
 30
0.0
 11
1101.04
 21
453.88
 31
0.0
  0
LINE
  5
EF0
330
17
100
AcDbEntity
  8
LINES
100
AcDbLine
 10
1109.44
 20
455.56
 30
0.0
 11
1112.08
 21
455.56
 31
0.0
  0
LINE
  5
EF1
330
17
100
AcDbEntity
  8
LINES
100
AcDbLine
 10
1109.44
 20
457.35999999999996
 30
0.0
 11
1112.08
 21
457.35999999999996
 31
0.0
  0
LINE
  5
EF2
330
17
100
AcDbEntity
  8
LINES
100
AcDbLine
 10
1110.1599999999999
 20
453.88
 30
0.0
 11
1110.1599999999999
 21
459.03999999999996
 31
0.0
  0
LINE
  5
EF3
330
17
100
AcDbEntity
  8
LINES
100
AcDbLine
 10
1111.36
 20
453.88
 30
0.0
 11
1111.36
 21
459.03999999999996
 31
0.0
  0
LINE
  5
EF4
330
17
100
AcDbEntity
  8
LINES
100
AcDbLine
 10
863.4399999999999
 20
456.4
 30
0.0
 11
866.0799999999999
 21
456.4
 31
0.0
  0
LINE
  5
EF5
330
17
100
AcDbEntity
  8
LINES
100
AcDbLine
 10
867.28
 20
453.88
 30
0.0
 11
868.6
 21
453.88
 31
0.0
  0
LINE
  5
EF6
330
17
100
AcDbEntity
  8
LINES
100
AcDbLine
 10
877.7199999999999
 20
456.4
 30
0.0
 11
880.36
 21
456.4
 31
0.0
  0
LINE
  5
EF7
330
17
100
AcDbEntity
  8
LINES
100
AcDbLine
 10
881.68
 20
453.88
 30
0.0
 11
883.0
 21
453.88
 31
0.0
  0
LINE
  5
EF8
330
17
100
AcDbEntity
  8
LINES
100
AcDbLine
 10
891.4
 20
456.4
 30
0.0
 11
894.04
 21
456.4
 31
0.0
  0
LINE
  5
EF9
330
17
100
AcDbEntity
  8
LINES
100
AcDbLine
 10
899.1999999999999
 20
455.56
 30
0.0
 11
901.8399999999999
 21
455.56
 31
0.0
  0
LINE
  5
EFA
330
17
100
AcDbEntity
  8
LINES
100
AcDbLine
 10
907.0
 20
456.4
 30
0.0
 11
908.3199999999999
 21
456.4
 31
0.0
  0
LINE
  5
EFB
330
17
100
AcDbEntity
  8
LINES
100
AcDbLine
 10
907.0
 20
453.88
 30
0.0
 11
909.64
 21
453.88
 31
0.0
  0
LINE
  5
EFC
330
17
100
AcDbEntity
  8
LINES
100
AcDbLine
 10
910.9599999999999
 20
456.4
 30
0.0
 11
913.48
 21
456.4
 31
0.0
  0
LINE
  5
EFD
330
17
100
AcDbEntity
  8
LINES
100
AcDbLine
 10
1118.8
 20
453.88
 30
0.0
 11
1120.0
 21
453.88
 31
0.0
  0
LINE
  5
EFE
330
17
100
AcDbEntity
  8
LINES
100
AcDbLine
 10
946.8399999999999
 20
448.12
 30
0.0
 11
949.48
 21
448.12
 31
0.0
  0
LINE
  5
EFF
330
17
100
AcDbEntity
  8
LINES
100
AcDbLine
 10
954.64
 20
451.59999999999997
 30
0.0
 11
957.28
 21
451.59999999999997
 31
0.0
  0
LINE
  5
F00
330
17
100
AcDbEntity
  8
LINES
100
AcDbLine
 10
955.9599999999999
 20
446.44
 30
0.0
 11
955.9599999999999
 21
451.59999999999997
 31
0.0
  0
LINE
  5
F01
330
17
100
AcDbEntity
  8
LINES
100
AcDbLine
 10
966.4
 20
448.12
 30
0.0
 11
968.92
 21
448.12
 31
0.0
  0
LINE
  5
F02
330
17
100
AcDbEntity
  8
LINES
100
AcDbLine
 10
970.24
 20
446.44
 30
0.0
 11
971.56
 21
446.44
 31
0.0
  0
LINE
  5
F03
330
17
100
AcDbEntity
  8
LINES
100
AcDbLine
 10
821.4399999999999
 20
439.0
 30
0.0
 11
822.76
 21
439.0
 31
0.0
  0
LINE
  5
F04
330
17
100
AcDbEntity
  8
LINES
100
AcDbLine
 10
954.64
 20
441.52
 30
0.0
 11
955.9599999999999
 21
441.52
 31
0.0
  0
LINE
  5
F05
330
17
100
AcDbEntity
  8
LINES
100
AcDbLine
 10
954.64
 20
439.0
 30
0.0
 11
957.28
 21
439.0
 31
0.0
  0
LINE
  5
F06
330
17
100
AcDbEntity
  8
LINES
100
AcDbLine
 10
962.4399999999999
 20
444.15999999999997
 30
0.0
 11
965.0799999999999
 21
444.15999999999997
 31
0.0
  0
LINE
  5
F07
330
17
100
AcDbEntity
  8
LINES
100
AcDbLine
 10
963.76
 20
439.0
 30
0.0
 11
963.76
 21
444.15999999999997
 31
0.0
  0
LINE
  5
F08
330
17
100
AcDbEntity
  8
LINES
100
AcDbLine
 10
966.4
 20
440.68
 30
0.0
 11
968.92
 21
440.68
 31
0.0
  0
LINE
  5
F09
330
17
100
AcDbEntity
  8
LINES
100
AcDbLine
 10
978.04
 20
441.52
 30
0.0
 11
979.36
 21
441.52
 31
0.0
  0
LINE
  5
F0A
330
17
100
AcDbEntity
  8
LINES
100
AcDbLine
 10
978.04
 20
439.0
 30
0.0
 11
980.68
 21
439.0
 31
0.0
  0
LINE
  5
F0B
330
17
100
AcDbEntity
  8
LINES
100
AcDbLine
 10
986.56
 20
439.0
 30
0.0
 11
986.56
 21
444.15999999999997
 31
0.0
  0
LINE
  5
F0C
330
17
100
AcDbEntity
  8
LINES
100
AcDbLine
 10
993.64
 20
444.15999999999997
 30
0.0
 11
994.9599999999999
 21
444.15999999999997
 31
0.0
  0
LINE
  5
F0D
330
17
100
AcDbEntity
  8
LINES
100
AcDbLine
 10
994.36
 20
439.0
 30
0.0
 11
994.36
 21
444.15999999999997
 31
0.0
  0
LINE
  5
F0E
330
17
100
AcDbEntity
  8
LINES
100
AcDbLine
 10
993.64
 20
439.0
 30
0.0
 11
994.9599999999999
 21
439.0
 31
0.0
  0
LINE
  5
F0F
330
17
100
AcDbEntity
  8
LINES
100
AcDbLine
 10
1000.8399999999999
 20
439.0
 30
0.0
 11
1000.8399999999999
 21
444.15999999999997
 31
0.0
  0
LINE
  5
F10
330
17
100
AcDbEntity
  8
LINES
100
AcDbLine
 10
1008.04
 20
440.68
 30
0.0
 11
1010.56
 21
440.68
 31
0.0
  0
LINE
  5
F11
330
17
100
AcDbEntity
  8
LINES
100
AcDbLine
 10
1015.8399999999999
 20
444.15999999999997
 30
0.0
 11
1017.16
 21
444.15999999999997
 31
0.0
  0
LINE
  5
F12
330
17
100
AcDbEntity
  8
LINES
100
AcDbLine
 10
1016.4399999999999
 20
439.0
 30
0.0
 11
1016.4399999999999
 21
444.15999999999997
 31
0.0
  0
LINE
  5
F13
330
17
100
AcDbEntity
  8
LINES
100
AcDbLine
 10
1015.8399999999999
 20
439.0
 30
0.0
 11
1017.16
 21
439.0
 31
0.0
  0
LINE
  5
F14
330
17
100
AcDbEntity
  8
RECTANGLES
100
AcDbLine
 10
1037.32
 20
439.0
 30
0.0
 11
1039.84
 21
439.0
 31
0.0
  0
LINE
  5
F15
330
17
100
AcDbEntity
  8
RECTANGLES
100
AcDbLine
 10
1039.84
 20
439.0
 30
0.0
 11
1039.84
 21
444.15999999999997
 31
0.0
  0
LINE
  5
F16
330
17
100
AcDbEntity
  8
RECTANGLES
100
AcDbLine
 10
1039.84
 20
444.15999999999997
 30
0.0
 11
1037.32
 21
444.15999999999997
 31
0.0
  0
LINE
  5
F17
330
17
100
AcDbEntity
  8
RECTANGLES
100
AcDbLine
 10
1037.32
 20
444.15999999999997
 30
0.0
 11
1037.32
 21
439.0
 31
0.0
  0
LINE
  5
F18
330
17
100
AcDbEntity
  8
LINES
100
AcDbLine
 10
1045.12
 20
440.68
 30
0.0
 11
1047.6399999999999
 21
440.68
 31
0.0
  0
LINE
  5
F19
330
17
100
AcDbEntity
  8
LINES
100
AcDbLine
 10
1056.76
 20
441.52
 30
0.0
 11
1058.08
 21
441.52
 31
0.0
  0
LINE
  5
F1A
330
17
100
AcDbEntity
  8
LINES
100
AcDbLine
 10
1056.76
 20
439.0
 30
0.0
 11
1059.3999999999999
 21
439.0
 31
0.0
  0
LINE
  5
F1B
330
17
100
AcDbEntity
  8
LINES
100
AcDbLine
 10
1065.28
 20
439.0
 30
0.0
 11
1065.28
 21
444.15999999999997
 31
0.0
  0
LINE
  5
F1C
330
17
100
AcDbEntity
  8
LINES
100
AcDbLine
 10
1068.52
 20
439.0
 30
0.0
 11
1069.84
 21
439.0
 31
0.0
  0
LINE
  5
F1D
330
17
100
AcDbEntity
  8
LINES
100
AcDbLine
 10
1075.0
 20
439.0
 30
0.0
 11
1075.0
 21
439.84
 31
0.0
  0
LINE
  5
F1E
330
17
100
AcDbEntity
  8
LINES
100
AcDbLine
 10
1088.68
 20
439.0
 30
0.0
 11
1090.6
 21
441.52
 31
0.0
  0
LINE
  5
F1F
330
17
100
AcDbEntity
  8
LINES
100
AcDbLine
 10
1091.92
 20
441.52
 30
0.0
 11
1093.24
 21
441.52
 31
0.0
  0
LINE
  5
F20
330
17
100
AcDbEntity
  8
LINES
100
AcDbLine
 10
1099.72
 20
439.0
 30
0.0
 11
1101.04
 21
439.0
 31
0.0
  0
LINE
  5
F21
330
17
100
AcDbEntity
  8
LINES
100
AcDbLine
 10
1109.44
 20
440.68
 30
0.0
 11
1112.08
 21
440.68
 31
0.0
  0
LINE
  5
F22
330
17
100
AcDbEntity
  8
LINES
100
AcDbLine
 10
1109.44
 20
442.47999999999996
 30
0.0
 11
1112.08
 21
442.47999999999996
 31
0.0
  0
LINE
  5
F23
330
17
100
AcDbEntity
  8
LINES
100
AcDbLine
 10
1110.1599999999999
 20
439.0
 30
0.0
 11
1110.1599999999999
 21
444.15999999999997
 31
0.0
  0
LINE
  5
F24
330
17
100
AcDbEntity
  8
LINES
100
AcDbLine
 10
1111.36
 20
439.0
 30
0.0
 11
1111.36
 21
444.15999999999997
 31
0.0
  0
LINE
  5
F25
330
17
100
AcDbEntity
  8
LINES
100
AcDbLine
 10
832.24
 20
439.0
 30
0.0
 11
833.56
 21
439.0
 31
0.0
  0
LINE
  5
F26
330
17
100
AcDbEntity
  8
LINES
100
AcDbLine
 10
863.4399999999999
 20
441.52
 30
0.0
 11
866.0799999999999
 21
441.52
 31
0.0
  0
LINE
  5
F27
330
17
100
AcDbEntity
  8
LINES
100
AcDbLine
 10
867.28
 20
439.0
 30
0.0
 11
868.6
 21
439.0
 31
0.0
  0
LINE
  5
F28
330
17
100
AcDbEntity
  8
LINES
100
AcDbLine
 10
877.7199999999999
 20
441.52
 30
0.0
 11
880.36
 21
441.52
 31
0.0
  0
LINE
  5
F29
330
17
100
AcDbEntity
  8
LINES
100
AcDbLine
 10
881.68
 20
439.0
 30
0.0
 11
883.0
 21
439.0
 31
0.0
  0
LINE
  5
F2A
330
17
100
AcDbEntity
  8
LINES
100
AcDbLine
 10
891.4
 20
441.52
 30
0.0
 11
894.04
 21
441.52
 31
0.0
  0
LINE
  5
F2B
330
17
100
AcDbEntity
  8
LINES
100
AcDbLine
 10
899.1999999999999
 20
440.68
 30
0.0
 11
901.8399999999999
 21
440.68
 31
0.0
  0
LINE
  5
F2C
330
17
100
AcDbEntity
  8
LINES
100
AcDbLine
 10
907.0
 20
441.52
 30
0.0
 11
908.3199999999999
 21
441.52
 31
0.0
  0
LINE
  5
F2D
330
17
100
AcDbEntity
  8
LINES
100
AcDbLine
 10
907.0
 20
439.0
 30
0.0
 11
909.64
 21
439.0
 31
0.0
  0
LINE
  5
F2E
330
17
100
AcDbEntity
  8
LINES
100
AcDbLine
 10
910.9599999999999
 20
441.52
 30
0.0
 11
913.48
 21
441.52
 31
0.0
  0
LINE
  5
F2F
330
17
100
AcDbEntity
  8
LINES
100
AcDbLine
 10
914.8
 20
439.0
 30
0.0
 11
916.12
 21
439.0
 31
0.0
  0
LINE
  5
F30
330
17
100
AcDbEntity
  8
LINES
100
AcDbLine
 10
1118.8
 20
439.0
 30
0.0
 11
1120.0
 21
439.0
 31
0.0
  0
LINE
  5
F31
330
17
100
AcDbEntity
  8
LINES
100
AcDbLine
 10
946.8399999999999
 20
433.24
 30
0.0
 11
949.48
 21
433.24
 31
0.0
  0
LINE
  5
F32
330
17
100
AcDbEntity
  8
LINES
100
AcDbLine
 10
954.64
 20
436.71999999999997
 30
0.0
 11
957.28
 21
436.71999999999997
 31
0.0
  0
LINE
  5
F33
330
17
100
AcDbEntity
  8
LINES
100
AcDbLine
 10
955.9599999999999
 20
431.56
 30
0.0
 11
955.9599999999999
 21
436.71999999999997
 31
0.0
  0
LINE
  5
F34
330
17
100
AcDbEntity
  8
LINES
100
AcDbLine
 10
966.4
 20
433.24
 30
0.0
 11
968.92
 21
433.24
 31
0.0
  0
LINE
  5
F35
330
17
100
AcDbEntity
  8
LINES
100
AcDbLine
 10
970.24
 20
431.56
 30
0.0
 11
971.56
 21
431.56
 31
0.0
  0
LINE
  5
F36
330
17
100
AcDbEntity
  8
LINES
100
AcDbLine
 10
821.4399999999999
 20
424.12
 30
0.0
 11
822.76
 21
424.12
 31
0.0
  0
LINE
  5
F37
330
17
100
AcDbEntity
  8
LINES
100
AcDbLine
 10
824.0799999999999
 20
424.12
 30
0.0
 11
825.28
 21
424.12
 31
0.0
  0
LINE
  5
F38
330
17
100
AcDbEntity
  8
LINES
100
AcDbLine
 10
950.8
 20
425.8
 30
0.0
 11
953.3199999999999
 21
425.8
 31
0.0
  0
LINE
  5
F39
330
17
100
AcDbEntity
  8
LINES
100
AcDbLine
 10
958.5999999999999
 20
424.12
 30
0.0
 11
958.5999999999999
 21
429.28
 31
0.0
  0
LINE
  5
F3A
330
17
100
AcDbEntity
  8
LINES
100
AcDbLine
 10
959.1999999999999
 20
424.12
 30
0.0
 11
961.12
 21
426.76
 31
0.0
  0
LINE
  5
F3B
330
17
100
AcDbEntity
  8
LINES
100
AcDbLine
 10
962.4399999999999
 20
426.76
 30
0.0
 11
963.76
 21
426.76
 31
0.0
  0
LINE
  5
F3C
330
17
100
AcDbEntity
  8
LINES
100
AcDbLine
 10
962.4399999999999
 20
424.12
 30
0.0
 11
965.0799999999999
 21
424.12
 31
0.0
  0
LINE
  5
F3D
330
17
100
AcDbEntity
  8
LINES
100
AcDbLine
 10
966.4
 20
429.28
 30
0.0
 11
968.92
 21
429.28
 31
0.0
  0
LINE
  5
F3E
330
17
100
AcDbEntity
  8
LINES
100
AcDbLine
 10
967.7199999999999
 20
424.12
 30
0.0
 11
967.7199999999999
 21
429.28
 31
0.0
  0
LINE
  5
F3F
330
17
100
AcDbEntity
  8
LINES
100
AcDbLine
 10
974.1999999999999
 20
425.8
 30
0.0
 11
976.8399999999999
 21
425.8
 31
0.0
  0
LINE
  5
F40
330
17
100
AcDbEntity
  8
LINES
100
AcDbLine
 10
985.8399999999999
 20
429.28
 30
0.0
 11
987.16
 21
429.28
 31
0.0
  0
LINE
  5
F41
330
17
100
AcDbEntity
  8
LINES
100
AcDbLine
 10
986.56
 20
424.12
 30
0.0
 11
986.56
 21
429.28
 31
0.0
  0
LINE
  5
F42
330
17
100
AcDbEntity
  8
LINES
100
AcDbLine
 10
985.8399999999999
 20
424.12
 30
0.0
 11
987.16
 21
424.12
 31
0.0
  0
LINE
  5
F43
330
17
100
AcDbEntity
  8
LINES
100
AcDbLine
 10
993.04
 20
424.12
 30
0.0
 11
993.04
 21
429.28
 31
0.0
  0
LINE
  5
F44
330
17
100
AcDbEntity
  8
LINES
100
AcDbLine
 10
996.28
 20
424.12
 30
0.0
 11
997.5999999999999
 21
424.12
 31
0.0
  0
LINE
  5
F45
330
17
100
AcDbEntity
  8
LINES
100
AcDbLine
 10
1002.76
 20
424.12
 30
0.0
 11
1002.76
 21
424.96
 31
0.0
  0
LINE
  5
F46
330
17
100
AcDbEntity
  8
LINES
100
AcDbLine
 10
1015.8399999999999
 20
424.12
 30
0.0
 11
1017.76
 21
426.76
 31
0.0
  0
LINE
  5
F47
330
17
100
AcDbEntity
  8
LINES
100
AcDbLine
 10
1019.0799999999999
 20
426.76
 30
0.0
 11
1020.4
 21
426.76
 31
0.0
  0
LINE
  5
F48
330
17
100
AcDbEntity
  8
LINES
100
AcDbLine
 10
1026.88
 20
424.12
 30
0.0
 11
1028.1999999999998
 21
424.12
 31
0.0
  0
LINE
  5
F49
330
17
100
AcDbEntity
  8
LINES
100
AcDbLine
 10
1036.6
 20
425.8
 30
0.0
 11
1039.24
 21
425.8
 31
0.0
  0
LINE
  5
F4A
330
17
100
AcDbEntity
  8
LINES
100
AcDbLine
 10
1036.6
 20
427.59999999999997
 30
0.0
 11
1039.24
 21
427.59999999999997
 31
0.0
  0
LINE
  5
F4B
330
17
100
AcDbEntity
  8
LINES
100
AcDbLine
 10
1037.32
 20
424.12
 30
0.0
 11
1037.32
 21
429.28
 31
0.0
  0
LINE
  5
F4C
330
17
100
AcDbEntity
  8
LINES
100
AcDbLine
 10
1038.52
 20
424.12
 30
0.0
 11
1038.52
 21
429.28
 31
0.0
  0
LINE
  5
F4D
330
17
100
AcDbEntity
  8
LINES
100
AcDbLine
 10
1048.36
 20
424.12
 30
0.0
 11
1048.36
 21
424.96
 31
0.0
  0
LINE
  5
F4E
330
17
100
AcDbEntity
  8
LINES
100
AcDbLine
 10
1084.72
 20
424.12
 30
0.0
 11
1086.04
 21
424.12
 31
0.0
  0
LINE
  5
F4F
330
17
100
AcDbEntity
  8
LINES
100
AcDbLine
 10
1100.32
 20
424.96
 30
0.0
 11
1100.32
 21
428.44
 31
0.0
  0
LINE
  5
F50
330
17
100
AcDbEntity
  8
LINES
100
AcDbLine
 10
1099.0
 20
426.76
 30
0.0
 11
1101.6399999999999
 21
426.76
 31
0.0
  0
LINE
  5
F51
330
17
100
AcDbEntity
  8
LINES
100
AcDbLine
 10
859.48
 20
426.76
 30
0.0
 11
862.12
 21
426.76
 31
0.0
  0
LINE
  5
F52
330
17
100
AcDbEntity
  8
LINES
100
AcDbLine
 10
863.4399999999999
 20
424.12
 30
0.0
 11
864.76
 21
424.12
 31
0.0
  0
LINE
  5
F53
330
17
100
AcDbEntity
  8
LINES
100
AcDbLine
 10
869.92
 20
426.76
 30
0.0
 11
872.56
 21
426.76
 31
0.0
  0
LINE
  5
F54
330
17
100
AcDbEntity
  8
LINES
100
AcDbLine
 10
877.7199999999999
 20
424.12
 30
0.0
 11
879.04
 21
424.12
 31
0.0
  0
LINE
  5
F55
330
17
100
AcDbEntity
  8
LINES
100
AcDbLine
 10
892.0
 20
426.76
 30
0.0
 11
894.64
 21
426.76
 31
0.0
  0
LINE
  5
F56
330
17
100
AcDbEntity
  8
LINES
100
AcDbLine
 10
899.8
 20
426.76
 30
0.0
 11
901.12
 21
426.76
 31
0.0
  0
LINE
  5
F57
330
17
100
AcDbEntity
  8
LINES
100
AcDbLine
 10
899.8
 20
424.12
 30
0.0
 11
902.4399999999999
 21
424.12
 31
0.0
  0
LINE
  5
F58
330
17
100
AcDbEntity
  8
LINES
100
AcDbLine
 10
903.76
 20
429.28
 30
0.0
 11
905.0799999999999
 21
429.28
 31
0.0
  0
LINE
  5
F59
330
17
100
AcDbEntity
  8
LINES
100
AcDbLine
 10
904.36
 20
424.12
 30
0.0
 11
904.36
 21
429.28
 31
0.0
  0
LINE
  5
F5A
330
17
100
AcDbEntity
  8
LINES
100
AcDbLine
 10
903.76
 20
424.12
 30
0.0
 11
905.0799999999999
 21
424.12
 31
0.0
  0
LINE
  5
F5B
330
17
100
AcDbEntity
  8
LINES
100
AcDbLine
 10
906.4
 20
426.76
 30
0.0
 11
908.92
 21
426.76
 31
0.0
  0
LINE
  5
F5C
330
17
100
AcDbEntity
  8
LINES
100
AcDbLine
 10
914.1999999999999
 20
424.12
 30
0.0
 11
914.1999999999999
 21
424.96
 31
0.0
  0
LINE
  5
F5D
330
17
100
AcDbEntity
  8
LINES
100
AcDbLine
 10
919.36
 20
426.76
 30
0.0
 11
922.0
 21
426.76
 31
0.0
  0
LINE
  5
F5E
330
17
100
AcDbEntity
  8
LINES
100
AcDbLine
 10
951.4
 20
416.68
 30
0.0
 11
953.3199999999999
 21
419.32
 31
0.0
  0
LINE
  5
F5F
330
17
100
AcDbEntity
  8
LINES
100
AcDbLine
 10
954.64
 20
418.36
 30
0.0
 11
957.28
 21
418.36
 31
0.0
  0
LINE
  5
F60
330
17
100
AcDbEntity
  8
LINES
100
AcDbLine
 10
962.4399999999999
 20
416.68
 30
0.0
 11
962.4399999999999
 21
421.84
 31
0.0
  0
LINE
  5
F61
330
17
100
AcDbEntity
  8
LINES
100
AcDbLine
 10
962.4399999999999
 20
419.32
 30
0.0
 11
965.0799999999999
 21
419.32
 31
0.0
  0
LINE
  5
F62
330
17
100
AcDbEntity
  8
LINES
100
AcDbLine
 10
965.0799999999999
 20
416.68
 30
0.0
 11
965.0799999999999
 21
421.84
 31
0.0
  0
LINE
  5
F63
330
17
100
AcDbEntity
  8
LINES
100
AcDbLine
 10
966.4
 20
421.84
 30
0.0
 11
967.7199999999999
 21
421.84
 31
0.0
  0
LINE
  5
F64
330
17
100
AcDbEntity
  8
LINES
100
AcDbLine
 10
967.0
 20
416.68
 30
0.0
 11
967.0
 21
421.84
 31
0.0
  0
LINE
  5
F65
330
17
100
AcDbEntity
  8
LINES
100
AcDbLine
 10
966.4
 20
416.68
 30
0.0
 11
967.7199999999999
 21
416.68
 31
0.0
  0
LINE
  5
F66
330
17
100
AcDbEntity
  8
LINES
100
AcDbLine
 10
968.92
 20
421.84
 30
0.0
 11
971.56
 21
421.84
 31
0.0
  0
LINE
  5
F67
330
17
100
AcDbEntity
  8
LINES
100
AcDbLine
 10
970.24
 20
416.68
 30
0.0
 11
970.24
 21
421.84
 31
0.0
  0
LINE
  5
F68
330
17
100
AcDbEntity
  8
LINES
100
AcDbLine
 10
972.88
 20
419.32
 30
0.0
 11
974.1999999999999
 21
419.32
 31
0.0
  0
LINE
  5
F69
330
17
100
AcDbEntity
  8
LINES
100
AcDbLine
 10
972.88
 20
416.68
 30
0.0
 11
975.52
 21
416.68
 31
0.0
  0
LINE
  5
F6A
330
17
100
AcDbEntity
  8
LINES
100
AcDbLine
 10
821.4399999999999
 20
409.24
 30
0.0
 11
822.76
 21
409.24
 31
0.0
  0
LINE
  5
F6B
330
17
100
AcDbEntity
  8
LINES
100
AcDbLine
 10
950.8
 20
411.03999999999996
 30
0.0
 11
953.3199999999999
 21
411.03999999999996
 31
0.0
  0
LINE
  5
F6C
330
17
100
AcDbEntity
  8
LINES
100
AcDbLine
 10
958.5999999999999
 20
409.24
 30
0.0
 11
958.5999999999999
 21
414.4
 31
0.0
  0
LINE
  5
F6D
330
17
100
AcDbEntity
  8
LINES
100
AcDbLine
 10
959.1999999999999
 20
409.24
 30
0.0
 11
961.12
 21
411.88
 31
0.0
  0
LINE
  5
F6E
330
17
100
AcDbEntity
  8
LINES
100
AcDbLine
 10
962.4399999999999
 20
411.88
 30
0.0
 11
963.76
 21
411.88
 31
0.0
  0
LINE
  5
F6F
330
17
100
AcDbEntity
  8
LINES
100
AcDbLine
 10
962.4399999999999
 20
409.24
 30
0.0
 11
965.0799999999999
 21
409.24
 31
0.0
  0
LINE
  5
F70
330
17
100
AcDbEntity
  8
LINES
100
AcDbLine
 10
966.4
 20
414.4
 30
0.0
 11
968.92
 21
414.4
 31
0.0
  0
LINE
  5
F71
330
17
100
AcDbEntity
  8
LINES
100
AcDbLine
 10
967.7199999999999
 20
409.24
 30
0.0
 11
967.7199999999999
 21
414.4
 31
0.0
  0
LINE
  5
F72
330
17
100
AcDbEntity
  8
LINES
100
AcDbLine
 10
974.1999999999999
 20
411.03999999999996
 30
0.0
 11
976.8399999999999
 21
411.03999999999996
 31
0.0
  0
LINE
  5
F73
330
17
100
AcDbEntity
  8
LINES
100
AcDbLine
 10
985.8399999999999
 20
414.4
 30
0.0
 11
987.16
 21
414.4
 31
0.0
  0
LINE
  5
F74
330
17
100
AcDbEntity
  8
LINES
100
AcDbLine
 10
986.56
 20
409.24
 30
0.0
 11
986.56
 21
414.4
 31
0.0
  0
LINE
  5
F75
330
17
100
AcDbEntity
  8
LINES
100
AcDbLine
 10
985.8399999999999
 20
409.24
 30
0.0
 11
987.16
 21
409.24
 31
0.0
  0
LINE
  5
F76
330
17
100
AcDbEntity
  8
LINES
100
AcDbLine
 10
993.04
 20
409.24
 30
0.0
 11
993.04
 21
414.4
 31
0.0
  0
LINE
  5
F77
330
17
100
AcDbEntity
  8
LINES
100
AcDbLine
 10
996.28
 20
409.24
 30
0.0
 11
997.5999999999999
 21
409.24
 31
0.0
  0
LINE
  5
F78
330
17
100
AcDbEntity
  8
LINES
100
AcDbLine
 10
1002.76
 20
409.24
 30
0.0
 11
1002.76
 21
410.08
 31
0.0
  0
LINE
  5
F79
330
17
100
AcDbEntity
  8
LINES
100
AcDbLine
 10
1015.8399999999999
 20
409.24
 30
0.0
 11
1017.76
 21
411.88
 31
0.0
  0
LINE
  5
F7A
330
17
100
AcDbEntity
  8
LINES
100
AcDbLine
 10
1019.0799999999999
 20
411.88
 30
0.0
 11
1020.4
 21
411.88
 31
0.0
  0
LINE
  5
F7B
330
17
100
AcDbEntity
  8
LINES
100
AcDbLine
 10
1026.88
 20
409.24
 30
0.0
 11
1028.1999999999998
 21
409.24
 31
0.0
  0
LINE
  5
F7C
330
17
100
AcDbEntity
  8
LINES
100
AcDbLine
 10
1036.6
 20
411.03999999999996
 30
0.0
 11
1039.24
 21
411.03999999999996
 31
0.0
  0
LINE
  5
F7D
330
17
100
AcDbEntity
  8
LINES
100
AcDbLine
 10
1036.6
 20
412.71999999999997
 30
0.0
 11
1039.24
 21
412.71999999999997
 31
0.0
  0
LINE
  5
F7E
330
17
100
AcDbEntity
  8
LINES
100
AcDbLine
 10
1037.32
 20
409.24
 30
0.0
 11
1037.32
 21
414.4
 31
0.0
  0
LINE
  5
F7F
330
17
100
AcDbEntity
  8
LINES
100
AcDbLine
 10
1038.52
 20
409.24
 30
0.0
 11
1038.52
 21
414.4
 31
0.0
  0
LINE
  5
F80
330
17
100
AcDbEntity
  8
LINES
100
AcDbLine
 10
1048.36
 20
409.24
 30
0.0
 11
1048.36
 21
410.08
 31
0.0
  0
LINE
  5
F81
330
17
100
AcDbEntity
  8
LINES
100
AcDbLine
 10
1084.72
 20
409.24
 30
0.0
 11
1086.04
 21
409.24
 31
0.0
  0
LINE
  5
F82
330
17
100
AcDbEntity
  8
LINES
100
AcDbLine
 10
1100.32
 20
410.08
 30
0.0
 11
1100.32
 21
413.56
 31
0.0
  0
LINE
  5
F83
330
17
100
AcDbEntity
  8
LINES
100
AcDbLine
 10
1099.0
 20
411.88
 30
0.0
 11
1101.6399999999999
 21
411.88
 31
0.0
  0
LINE
  5
F84
330
17
100
AcDbEntity
  8
LINES
100
AcDbLine
 10
832.24
 20
409.24
 30
0.0
 11
833.56
 21
409.24
 31
0.0
  0
LINE
  5
F85
330
17
100
AcDbEntity
  8
LINES
100
AcDbLine
 10
859.48
 20
411.88
 30
0.0
 11
862.12
 21
411.88
 31
0.0
  0
LINE
  5
F86
330
17
100
AcDbEntity
  8
LINES
100
AcDbLine
 10
863.4399999999999
 20
409.24
 30
0.0
 11
864.76
 21
409.24
 31
0.0
  0
LINE
  5
F87
330
17
100
AcDbEntity
  8
LINES
100
AcDbLine
 10
869.92
 20
411.88
 30
0.0
 11
872.56
 21
411.88
 31
0.0
  0
LINE
  5
F88
330
17
100
AcDbEntity
  8
LINES
100
AcDbLine
 10
877.7199999999999
 20
409.24
 30
0.0
 11
879.04
 21
409.24
 31
0.0
  0
LINE
  5
F89
330
17
100
AcDbEntity
  8
LINES
100
AcDbLine
 10
892.0
 20
411.88
 30
0.0
 11
894.64
 21
411.88
 31
0.0
  0
LINE
  5
F8A
330
17
100
AcDbEntity
  8
LINES
100
AcDbLine
 10
899.8
 20
411.88
 30
0.0
 11
901.12
 21
411.88
 31
0.0
  0
LINE
  5
F8B
330
17
100
AcDbEntity
  8
LINES
100
AcDbLine
 10
899.8
 20
409.24
 30
0.0
 11
902.4399999999999
 21
409.24
 31
0.0
  0
LINE
  5
F8C
330
17
100
AcDbEntity
  8
LINES
100
AcDbLine
 10
903.76
 20
414.4
 30
0.0
 11
905.0799999999999
 21
414.4
 31
0.0
  0
LINE
  5
F8D
330
17
100
AcDbEntity
  8
LINES
100
AcDbLine
 10
904.36
 20
409.24
 30
0.0
 11
904.36
 21
414.4
 31
0.0
  0
LINE
  5
F8E
330
17
100
AcDbEntity
  8
LINES
100
AcDbLine
 10
903.76
 20
409.24
 30
0.0
 11
905.0799999999999
 21
409.24
 31
0.0
  0
LINE
  5
F8F
330
17
100
AcDbEntity
  8
LINES
100
AcDbLine
 10
906.4
 20
411.88
 30
0.0
 11
908.92
 21
411.88
 31
0.0
  0
LINE
  5
F90
330
17
100
AcDbEntity
  8
LINES
100
AcDbLine
 10
914.1999999999999
 20
409.24
 30
0.0
 11
914.1999999999999
 21
410.08
 31
0.0
  0
LINE
  5
F91
330
17
100
AcDbEntity
  8
LINES
100
AcDbLine
 10
919.36
 20
411.88
 30
0.0
 11
922.0
 21
411.88
 31
0.0
  0
LINE
  5
F92
330
17
100
AcDbEntity
  8
LINES
100
AcDbLine
 10
923.3199999999999
 20
409.24
 30
0.0
 11
924.52
 21
409.24
 31
0.0
  0
LINE
  5
F93
330
17
100
AcDbEntity
  8
LINES
100
AcDbLine
 10
951.4
 20
401.8
 30
0.0
 11
953.3199999999999
 21
404.44
 31
0.0
  0
LINE
  5
F94
330
17
100
AcDbEntity
  8
LINES
100
AcDbLine
 10
954.64
 20
403.59999999999997
 30
0.0
 11
957.28
 21
403.59999999999997
 31
0.0
  0
LINE
  5
F95
330
17
100
AcDbEntity
  8
LINES
100
AcDbLine
 10
962.4399999999999
 20
401.8
 30
0.0
 11
962.4399999999999
 21
406.96
 31
0.0
  0
LINE
  5
F96
330
17
100
AcDbEntity
  8
LINES
100
AcDbLine
 10
962.4399999999999
 20
404.44
 30
0.0
 11
965.0799999999999
 21
404.44
 31
0.0
  0
LINE
  5
F97
330
17
100
AcDbEntity
  8
LINES
100
AcDbLine
 10
965.0799999999999
 20
401.8
 30
0.0
 11
965.0799999999999
 21
406.96
 31
0.0
  0
LINE
  5
F98
330
17
100
AcDbEntity
  8
LINES
100
AcDbLine
 10
966.4
 20
406.96
 30
0.0
 11
967.7199999999999
 21
406.96
 31
0.0
  0
LINE
  5
F99
330
17
100
AcDbEntity
  8
LINES
100
AcDbLine
 10
967.0
 20
401.8
 30
0.0
 11
967.0
 21
406.96
 31
0.0
  0
LINE
  5
F9A
330
17
100
AcDbEntity
  8
LINES
100
AcDbLine
 10
966.4
 20
401.8
 30
0.0
 11
967.7199999999999
 21
401.8
 31
0.0
  0
LINE
  5
F9B
330
17
100
AcDbEntity
  8
LINES
100
AcDbLine
 10
968.92
 20
406.96
 30
0.0
 11
971.56
 21
406.96
 31
0.0
  0
LINE
  5
F9C
330
17
100
AcDbEntity
  8
LINES
100
AcDbLine
 10
970.24
 20
401.8
 30
0.0
 11
970.24
 21
406.96
 31
0.0
  0
LINE
  5
F9D
330
17
100
AcDbEntity
  8
LINES
100
AcDbLine
 10
972.88
 20
404.44
 30
0.0
 11
974.1999999999999
 21
404.44
 31
0.0
  0
LINE
  5
F9E
330
17
100
AcDbEntity
  8
LINES
100
AcDbLine
 10
972.88
 20
401.8
 30
0.0
 11
975.52
 21
401.8
 31
0.0
  0
LINE
  5
F9F
330
17
100
AcDbEntity
  8
LINES
100
AcDbLine
 10
821.4399999999999
 20
394.36
 30
0.0
 11
822.76
 21
394.36
 31
0.0
  0
LINE
  5
FA0
330
17
100
AcDbEntity
  8
LINES
100
AcDbLine
 10
950.8
 20
394.36
 30
0.0
 11
950.8
 21
395.2
 31
0.0
  0
LINE
  5
FA1
330
17
100
AcDbEntity
  8
LINES
100
AcDbLine
 10
952.12
 20
394.36
 30
0.0
 11
953.3199999999999
 21
394.36
 31
0.0
  0
LINE
  5
FA2
330
17
100
AcDbEntity
  8
LINES
100
AcDbLine
 10
954.64
 20
394.36
 30
0.0
 11
957.28
 21
399.64
 31
0.0
  0
LINE
  5
FA3
330
17
100
AcDbEntity
  8
LINES
100
AcDbLine
 10
966.4
 20
397.84
 30
0.0
 11
967.0
 21
399.64
 31
0.0
  0
LINE
  5
FA4
330
17
100
AcDbEntity
  8
LINES
100
AcDbLine
 10
967.0
 20
397.84
 30
0.0
 11
967.7199999999999
 21
399.64
 31
0.0
  0
LINE
  5
FA5
330
17
100
AcDbEntity
  8
LINES
100
AcDbLine
 10
976.8399999999999
 20
394.36
 30
0.0
 11
976.8399999999999
 21
395.2
 31
0.0
  0
LINE
  5
FA6
330
17
100
AcDbEntity
  8
LINES
100
AcDbLine
 10
985.8399999999999
 20
399.64
 30
0.0
 11
988.48
 21
399.64
 31
0.0
  0
LINE
  5
FA7
330
17
100
AcDbEntity
  8
LINES
100
AcDbLine
 10
987.16
 20
394.36
 30
0.0
 11
987.16
 21
399.64
 31
0.0
  0
LINE
  5
FA8
330
17
100
AcDbEntity
  8
LINES
100
AcDbLine
 10
994.36
 20
394.36
 30
0.0
 11
994.36
 21
399.64
 31
0.0
  0
LINE
  5
FA9
330
17
100
AcDbEntity
  8
LINES
100
AcDbLine
 10
1002.16
 20
394.36
 30
0.0
 11
1002.16
 21
399.64
 31
0.0
  0
LINE
  5
FAA
330
17
100
AcDbEntity
  8
RECTANGLES
100
AcDbLine
 10
1005.4
 20
394.36
 30
0.0
 11
1008.04
 21
394.36
 31
0.0
  0
LINE
  5
FAB
330
17
100
AcDbEntity
  8
RECTANGLES
100
AcDbLine
 10
1008.04
 20
394.36
 30
0.0
 11
1008.04
 21
399.64
 31
0.0
  0
LINE
  5
FAC
330
17
100
AcDbEntity
  8
RECTANGLES
100
AcDbLine
 10
1008.04
 20
399.64
 30
0.0
 11
1005.4
 21
399.64
 31
0.0
  0
LINE
  5
FAD
330
17
100
AcDbEntity
  8
RECTANGLES
100
AcDbLine
 10
1005.4
 20
399.64
 30
0.0
 11
1005.4
 21
394.36
 31
0.0
  0
LINE
  5
FAE
330
17
100
AcDbEntity
  8
LINES
100
AcDbLine
 10
1013.1999999999999
 20
399.64
 30
0.0
 11
1015.8399999999999
 21
399.64
 31
0.0
  0
LINE
  5
FAF
330
17
100
AcDbEntity
  8
LINES
100
AcDbLine
 10
1014.52
 20
394.36
 30
0.0
 11
1014.52
 21
399.64
 31
0.0
  0
LINE
  5
FB0
330
17
100
AcDbEntity
  8
LINES
100
AcDbLine
 10
1024.96
 20
396.15999999999997
 30
0.0
 11
1027.48
 21
396.15999999999997
 31
0.0
  0
LINE
  5
FB1
330
17
100
AcDbEntity
  8
LINES
100
AcDbLine
 10
1032.76
 20
399.64
 30
0.0
 11
1035.28
 21
399.64
 31
0.0
  0
LINE
  5
FB2
330
17
100
AcDbEntity
  8
LINES
100
AcDbLine
 10
1033.96
 20
394.36
 30
0.0
 11
1033.96
 21
399.64
 31
0.0
  0
LINE
  5
FB3
330
17
100
AcDbEntity
  8
LINES
100
AcDbLine
 10
1044.3999999999999
 20
396.15999999999997
 30
0.0
 11
1047.04
 21
396.15999999999997
 31
0.0
  0
LINE
  5
FB4
330
17
100
AcDbEntity
  8
LINES
100
AcDbLine
 10
1048.36
 20
394.36
 30
0.0
 11
1049.68
 21
394.36
 31
0.0
  0
LINE
  5
FB5
330
17
100
AcDbEntity
  8
LINES
100
AcDbLine
 10
836.0799999999999
 20
394.36
 30
0.0
 11
838.7199999999999
 21
399.64
 31
0.0
  0
LINE
  5
FB6
330
17
100
AcDbEntity
  8
LINES
100
AcDbLine
 10
856.24
 20
394.36
 30
0.0
 11
856.24
 21
399.64
 31
0.0
  0
LINE
  5
FB7
330
17
100
AcDbEntity
  8
LINES
100
AcDbLine
 10
867.28
 20
397.0
 30
0.0
 11
869.92
 21
397.0
 31
0.0
  0
LINE
  5
FB8
330
17
100
AcDbEntity
  8
LINES
100
AcDbLine
 10
879.04
 20
394.36
 30
0.0
 11
879.04
 21
399.64
 31
0.0
  0
LINE
  5
FB9
330
17
100
AcDbEntity
  8
LINES
100
AcDbLine
 10
879.04
 20
397.0
 30
0.0
 11
881.68
 21
397.0
 31
0.0
  0
LINE
  5
FBA
330
17
100
AcDbEntity
  8
LINES
100
AcDbLine
 10
881.68
 20
394.36
 30
0.0
 11
881.68
 21
399.64
 31
0.0
  0
LINE
  5
FBB
330
17
100
AcDbEntity
  8
LINES
100
AcDbLine
 10
886.8399999999999
 20
397.0
 30
0.0
 11
889.48
 21
397.0
 31
0.0
  0
LINE
  5
FBC
330
17
100
AcDbEntity
  8
LINES
100
AcDbLine
 10
894.64
 20
396.15999999999997
 30
0.0
 11
897.28
 21
396.15999999999997
 31
0.0
  0
LINE
  5
FBD
330
17
100
AcDbEntity
  8
LINES
100
AcDbLine
 10
1118.8
 20
394.36
 30
0.0
 11
1120.0
 21
394.36
 31
0.0
  0
LINE
  5
FBE
330
17
100
AcDbEntity
  8
LINES
100
AcDbLine
 10
951.4
 20
386.91999999999996
 30
0.0
 11
953.3199999999999
 21
389.56
 31
0.0
  0
LINE
  5
FBF
330
17
100
AcDbEntity
  8
LINES
100
AcDbLine
 10
954.64
 20
386.91999999999996
 30
0.0
 11
954.64
 21
387.76
 31
0.0
  0
LINE
  5
FC0
330
17
100
AcDbEntity
  8
LINES
100
AcDbLine
 10
956.56
 20
386.91999999999996
 30
0.0
 11
956.56
 21
392.2
 31
0.0
  0
LINE
  5
FC1
330
17
100
AcDbEntity
  8
LINES
100
AcDbLine
 10
967.7199999999999
 20
386.91999999999996
 30
0.0
 11
970.24
 21
392.2
 31
0.0
  0
LINE
  5
FC2
330
17
100
AcDbEntity
  8
LINES
100
AcDbLine
 10
979.36
 20
386.91999999999996
 30
0.0
 11
979.36
 21
392.2
 31
0.0
  0
LINE
  5
FC3
330
17
100
AcDbEntity
  8
LINES
100
AcDbLine
 10
979.36
 20
389.56
 30
0.0
 11
982.0
 21
389.56
 31
0.0
  0
LINE
  5
FC4
330
17
100
AcDbEntity
  8
LINES
100
AcDbLine
 10
982.0
 20
386.91999999999996
 30
0.0
 11
982.0
 21
392.2
 31
0.0
  0
LINE
  5
FC5
330
17
100
AcDbEntity
  8
LINES
100
AcDbLine
 10
987.16
 20
386.91999999999996
 30
0.0
 11
989.8
 21
392.2
 31
0.0
  0
LINE
  5
FC6
330
17
100
AcDbEntity
  8
LINES
100
AcDbLine
 10
994.9599999999999
 20
388.71999999999997
 30
0.0
 11
997.5999999999999
 21
388.71999999999997
 31
0.0
  0
LINE
  5
FC7
330
17
100
AcDbEntity
  8
LINES
100
AcDbLine
 10
821.4399999999999
 20
379.47999999999996
 30
0.0
 11
822.76
 21
379.47999999999996
 31
0.0
  0
LINE
  5
FC8
330
17
100
AcDbEntity
  8
LINES
100
AcDbLine
 10
950.8
 20
379.47999999999996
 30
0.0
 11
950.8
 21
380.44
 31
0.0
  0
LINE
  5
FC9
330
17
100
AcDbEntity
  8
LINES
100
AcDbLine
 10
952.12
 20
379.47999999999996
 30
0.0
 11
953.3199999999999
 21
379.47999999999996
 31
0.0
  0
LINE
  5
FCA
330
17
100
AcDbEntity
  8
LINES
100
AcDbLine
 10
954.64
 20
379.47999999999996
 30
0.0
 11
957.28
 21
384.76
 31
0.0
  0
LINE
  5
FCB
330
17
100
AcDbEntity
  8
LINES
100
AcDbLine
 10
966.4
 20
382.96
 30
0.0
 11
967.0
 21
384.76
 31
0.0
  0
LINE
  5
FCC
330
17
100
AcDbEntity
  8
LINES
100
AcDbLine
 10
967.0
 20
382.96
 30
0.0
 11
967.7199999999999
 21
384.76
 31
0.0
  0
LINE
  5
FCD
330
17
100
AcDbEntity
  8
LINES
100
AcDbLine
 10
976.8399999999999
 20
379.47999999999996
 30
0.0
 11
976.8399999999999
 21
380.44
 31
0.0
  0
LINE
  5
FCE
330
17
100
AcDbEntity
  8
LINES
100
AcDbLine
 10
985.8399999999999
 20
384.76
 30
0.0
 11
988.48
 21
384.76
 31
0.0
  0
LINE
  5
FCF
330
17
100
AcDbEntity
  8
LINES
100
AcDbLine
 10
987.16
 20
379.47999999999996
 30
0.0
 11
987.16
 21
384.76
 31
0.0
  0
LINE
  5
FD0
330
17
100
AcDbEntity
  8
LINES
100
AcDbLine
 10
994.36
 20
379.47999999999996
 30
0.0
 11
994.36
 21
384.76
 31
0.0
  0
LINE
  5
FD1
330
17
100
AcDbEntity
  8
LINES
100
AcDbLine
 10
1002.16
 20
379.47999999999996
 30
0.0
 11
1002.16
 21
384.76
 31
0.0
  0
LINE
  5
FD2
330
17
100
AcDbEntity
  8
RECTANGLES
100
AcDbLine
 10
1005.4
 20
379.47999999999996
 30
0.0
 11
1008.04
 21
379.47999999999996
 31
0.0
  0
LINE
  5
FD3
330
17
100
AcDbEntity
  8
RECTANGLES
100
AcDbLine
 10
1008.04
 20
379.47999999999996
 30
0.0
 11
1008.04
 21
384.76
 31
0.0
  0
LINE
  5
FD4
330
17
100
AcDbEntity
  8
RECTANGLES
100
AcDbLine
 10
1008.04
 20
384.76
 30
0.0
 11
1005.4
 21
384.76
 31
0.0
  0
LINE
  5
FD5
330
17
100
AcDbEntity
  8
RECTANGLES
100
AcDbLine
 10
1005.4
 20
384.76
 30
0.0
 11
1005.4
 21
379.47999999999996
 31
0.0
  0
LINE
  5
FD6
330
17
100
AcDbEntity
  8
LINES
100
AcDbLine
 10
1013.1999999999999
 20
384.76
 30
0.0
 11
1015.8399999999999
 21
384.76
 31
0.0
  0
LINE
  5
FD7
330
17
100
AcDbEntity
  8
LINES
100
AcDbLine
 10
1014.52
 20
379.47999999999996
 30
0.0
 11
1014.52
 21
384.76
 31
0.0
  0
LINE
  5
FD8
330
17
100
AcDbEntity
  8
LINES
100
AcDbLine
 10
1024.96
 20
381.28
 30
0.0
 11
1027.48
 21
381.28
 31
0.0
  0
LINE
  5
FD9
330
17
100
AcDbEntity
  8
LINES
100
AcDbLine
 10
1032.76
 20
384.76
 30
0.0
 11
1035.28
 21
384.76
 31
0.0
  0
LINE
  5
FDA
330
17
100
AcDbEntity
  8
LINES
100
AcDbLine
 10
1033.96
 20
379.47999999999996
 30
0.0
 11
1033.96
 21
384.76
 31
0.0
  0
LINE
  5
FDB
330
17
100
AcDbEntity
  8
LINES
100
AcDbLine
 10
1044.3999999999999
 20
381.28
 30
0.0
 11
1047.04
 21
381.28
 31
0.0
  0
LINE
  5
FDC
330
17
100
AcDbEntity
  8
LINES
100
AcDbLine
 10
1048.36
 20
379.47999999999996
 30
0.0
 11
1049.68
 21
379.47999999999996
 31
0.0
  0
LINE
  5
FDD
330
17
100
AcDbEntity
  8
LINES
100
AcDbLine
 10
836.0799999999999
 20
379.47999999999996
 30
0.0
 11
838.7199999999999
 21
384.76
 31
0.0
  0
LINE
  5
FDE
330
17
100
AcDbEntity
  8
LINES
100
AcDbLine
 10
856.24
 20
379.47999999999996
 30
0.0
 11
856.24
 21
384.76
 31
0.0
  0
LINE
  5
FDF
330
17
100
AcDbEntity
  8
LINES
100
AcDbLine
 10
867.28
 20
382.12
 30
0.0
 11
869.92
 21
382.12
 31
0.0
  0
LINE
  5
FE0
330
17
100
AcDbEntity
  8
LINES
100
AcDbLine
 10
879.04
 20
379.47999999999996
 30
0.0
 11
879.04
 21
384.76
 31
0.0
  0
LINE
  5
FE1
330
17
100
AcDbEntity
  8
LINES
100
AcDbLine
 10
879.04
 20
382.12
 30
0.0
 11
881.68
 21
382.12
 31
0.0
  0
LINE
  5
FE2
330
17
100
AcDbEntity
  8
LINES
100
AcDbLine
 10
881.68
 20
379.47999999999996
 30
0.0
 11
881.68
 21
384.76
 31
0.0
  0
LINE
  5
FE3
330
17
100
AcDbEntity
  8
LINES
100
AcDbLine
 10
886.8399999999999
 20
382.12
 30
0.0
 11
889.48
 21
382.12
 31
0.0
  0
LINE
  5
FE4
330
17
100
AcDbEntity
  8
LINES
100
AcDbLine
 10
894.64
 20
381.28
 30
0.0
 11
897.28
 21
381.28
 31
0.0
  0
LINE
  5
FE5
330
17
100
AcDbEntity
  8
LINES
100
AcDbLine
 10
951.4
 20
372.03999999999996
 30
0.0
 11
953.3199999999999
 21
374.68
 31
0.0
  0
LINE
  5
FE6
330
17
100
AcDbEntity
  8
LINES
100
AcDbLine
 10
954.64
 20
372.03999999999996
 30
0.0
 11
954.64
 21
373.0
 31
0.0
  0
LINE
  5
FE7
330
17
100
AcDbEntity
  8
LINES
100
AcDbLine
 10
956.56
 20
372.03999999999996
 30
0.0
 11
956.56
 21
377.32
 31
0.0
  0
LINE
  5
FE8
330
17
100
AcDbEntity
  8
LINES
100
AcDbLine
 10
967.7199999999999
 20
372.03999999999996
 30
0.0
 11
970.24
 21
377.32
 31
0.0
  0
LINE
  5
FE9
330
17
100
AcDbEntity
  8
LINES
100
AcDbLine
 10
979.36
 20
372.03999999999996
 30
0.0
 11
979.36
 21
377.32
 31
0.0
  0
LINE
  5
FEA
330
17
100
AcDbEntity
  8
LINES
100
AcDbLine
 10
979.36
 20
374.68
 30
0.0
 11
982.0
 21
374.68
 31
0.0
  0
LINE
  5
FEB
330
17
100
AcDbEntity
  8
LINES
100
AcDbLine
 10
982.0
 20
372.03999999999996
 30
0.0
 11
982.0
 21
377.32
 31
0.0
  0
LINE
  5
FEC
330
17
100
AcDbEntity
  8
LINES
100
AcDbLine
 10
987.16
 20
372.03999999999996
 30
0.0
 11
989.8
 21
377.32
 31
0.0
  0
LINE
  5
FED
330
17
100
AcDbEntity
  8
LINES
100
AcDbLine
 10
994.9599999999999
 20
373.84
 30
0.0
 11
997.5999999999999
 21
373.84
 31
0.0
  0
LINE
  5
FEE
330
17
100
AcDbEntity
  8
LINES
100
AcDbLine
 10
821.4399999999999
 20
364.59999999999997
 30
0.0
 11
822.76
 21
364.59999999999997
 31
0.0
  0
LINE
  5
FEF
330
17
100
AcDbEntity
  8
LINES
100
AcDbLine
 10
950.8
 20
364.59999999999997
 30
0.0
 11
950.8
 21
365.56
 31
0.0
  0
LINE
  5
FF0
330
17
100
AcDbEntity
  8
LINES
100
AcDbLine
 10
952.12
 20
364.59999999999997
 30
0.0
 11
953.3199999999999
 21
364.59999999999997
 31
0.0
  0
LINE
  5
FF1
330
17
100
AcDbEntity
  8
LINES
100
AcDbLine
 10
954.64
 20
364.59999999999997
 30
0.0
 11
957.28
 21
369.88
 31
0.0
  0
LINE
  5
FF2
330
17
100
AcDbEntity
  8
LINES
100
AcDbLine
 10
966.4
 20
368.08
 30
0.0
 11
967.0
 21
369.88
 31
0.0
  0
LINE
  5
FF3
330
17
100
AcDbEntity
  8
LINES
100
AcDbLine
 10
967.0
 20
368.08
 30
0.0
 11
967.7199999999999
 21
369.88
 31
0.0
  0
LINE
  5
FF4
330
17
100
AcDbEntity
  8
LINES
100
AcDbLine
 10
976.8399999999999
 20
364.59999999999997
 30
0.0
 11
976.8399999999999
 21
365.56
 31
0.0
  0
LINE
  5
FF5
330
17
100
AcDbEntity
  8
LINES
100
AcDbLine
 10
985.8399999999999
 20
369.88
 30
0.0
 11
988.48
 21
369.88
 31
0.0
  0
LINE
  5
FF6
330
17
100
AcDbEntity
  8
LINES
100
AcDbLine
 10
987.16
 20
364.59999999999997
 30
0.0
 11
987.16
 21
369.88
 31
0.0
  0
LINE
  5
FF7
330
17
100
AcDbEntity
  8
LINES
100
AcDbLine
 10
994.36
 20
364.59999999999997
 30
0.0
 11
994.36
 21
369.88
 31
0.0
  0
LINE
  5
FF8
330
17
100
AcDbEntity
  8
LINES
100
AcDbLine
 10
1002.16
 20
364.59999999999997
 30
0.0
 11
1002.16
 21
369.88
 31
0.0
  0
LINE
  5
FF9
330
17
100
AcDbEntity
  8
RECTANGLES
100
AcDbLine
 10
1005.4
 20
364.59999999999997
 30
0.0
 11
1008.04
 21
364.59999999999997
 31
0.0
  0
LINE
  5
FFA
330
17
100
AcDbEntity
  8
RECTANGLES
100
AcDbLine
 10
1008.04
 20
364.59999999999997
 30
0.0
 11
1008.04
 21
369.88
 31
0.0
  0
LINE
  5
FFB
330
17
100
AcDbEntity
  8
RECTANGLES
100
AcDbLine
 10
1008.04
 20
369.88
 30
0.0
 11
1005.4
 21
369.88
 31
0.0
  0
LINE
  5
FFC
330
17
100
AcDbEntity
  8
RECTANGLES
100
AcDbLine
 10
1005.4
 20
369.88
 30
0.0
 11
1005.4
 21
364.59999999999997
 31
0.0
  0
LINE
  5
FFD
330
17
100
AcDbEntity
  8
LINES
100
AcDbLine
 10
1013.1999999999999
 20
369.88
 30
0.0
 11
1015.8399999999999
 21
369.88
 31
0.0
  0
LINE
  5
FFE
330
17
100
AcDbEntity
  8
LINES
100
AcDbLine
 10
1014.52
 20
364.59999999999997
 30
0.0
 11
1014.52
 21
369.88
 31
0.0
  0
LINE
  5
FFF
330
17
100
AcDbEntity
  8
LINES
100
AcDbLine
 10
1024.96
 20
366.4
 30
0.0
 11
1027.48
 21
366.4
 31
0.0
  0
LINE
  5
1000
330
17
100
AcDbEntity
  8
LINES
100
AcDbLine
 10
1032.76
 20
369.88
 30
0.0
 11
1035.28
 21
369.88
 31
0.0
  0
LINE
  5
1001
330
17
100
AcDbEntity
  8
LINES
100
AcDbLine
 10
1033.96
 20
364.59999999999997
 30
0.0
 11
1033.96
 21
369.88
 31
0.0
  0
LINE
  5
1002
330
17
100
AcDbEntity
  8
LINES
100
AcDbLine
 10
1044.3999999999999
 20
366.4
 30
0.0
 11
1047.04
 21
366.4
 31
0.0
  0
LINE
  5
1003
330
17
100
AcDbEntity
  8
LINES
100
AcDbLine
 10
1048.36
 20
364.59999999999997
 30
0.0
 11
1049.68
 21
364.59999999999997
 31
0.0
  0
LINE
  5
1004
330
17
100
AcDbEntity
  8
LINES
100
AcDbLine
 10
832.24
 20
364.59999999999997
 30
0.0
 11
833.56
 21
364.59999999999997
 31
0.0
  0
LINE
  5
1005
330
17
100
AcDbEntity
  8
LINES
100
AcDbLine
 10
834.76
 20
364.59999999999997
 30
0.0
 11
837.4
 21
369.88
 31
0.0
  0
LINE
  5
1006
330
17
100
AcDbEntity
  8
LINES
100
AcDbLine
 10
856.24
 20
364.59999999999997
 30
0.0
 11
856.24
 21
369.88
 31
0.0
  0
LINE
  5
1007
330
17
100
AcDbEntity
  8
LINES
100
AcDbLine
 10
867.28
 20
367.24
 30
0.0
 11
869.92
 21
367.24
 31
0.0
  0
LINE
  5
1008
330
17
100
AcDbEntity
  8
LINES
100
AcDbLine
 10
879.04
 20
364.59999999999997
 30
0.0
 11
879.04
 21
369.88
 31
0.0
  0
LINE
  5
1009
330
17
100
AcDbEntity
  8
LINES
100
AcDbLine
 10
879.04
 20
367.24
 30
0.0
 11
881.68
 21
367.24
 31
0.0
  0
LINE
  5
100A
330
17
100
AcDbEntity
  8
LINES
100
AcDbLine
 10
881.68
 20
364.59999999999997
 30
0.0
 11
881.68
 21
369.88
 31
0.0
  0
LINE
  5
100B
330
17
100
AcDbEntity
  8
LINES
100
AcDbLine
 10
886.8399999999999
 20
367.24
 30
0.0
 11
889.48
 21
367.24
 31
0.0
  0
LINE
  5
100C
330
17
100
AcDbEntity
  8
LINES
100
AcDbLine
 10
894.64
 20
366.4
 30
0.0
 11
897.28
 21
366.4
 31
0.0
  0
LINE
  5
100D
330
17
100
AcDbEntity
  8
LINES
100
AcDbLine
 10
951.4
 20
357.28
 30
0.0
 11
953.3199999999999
 21
359.8
 31
0.0
  0
LINE
  5
100E
330
17
100
AcDbEntity
  8
LINES
100
AcDbLine
 10
954.64
 20
357.28
 30
0.0
 11
954.64
 21
358.12
 31
0.0
  0
LINE
  5
100F
330
17
100
AcDbEntity
  8
LINES
100
AcDbLine
 10
956.56
 20
357.28
 30
0.0
 11
956.56
 21
362.44
 31
0.0
  0
LINE
  5
1010
330
17
100
AcDbEntity
  8
LINES
100
AcDbLine
 10
967.7199999999999
 20
357.28
 30
0.0
 11
970.24
 21
362.44
 31
0.0
  0
LINE
  5
1011
330
17
100
AcDbEntity
  8
LINES
100
AcDbLine
 10
979.36
 20
357.28
 30
0.0
 11
979.36
 21
362.44
 31
0.0
  0
LINE
  5
1012
330
17
100
AcDbEntity
  8
LINES
100
AcDbLine
 10
979.36
 20
359.8
 30
0.0
 11
982.0
 21
359.8
 31
0.0
  0
LINE
  5
1013
330
17
100
AcDbEntity
  8
LINES
100
AcDbLine
 10
982.0
 20
357.28
 30
0.0
 11
982.0
 21
362.44
 31
0.0
  0
LINE
  5
1014
330
17
100
AcDbEntity
  8
LINES
100
AcDbLine
 10
987.16
 20
357.28
 30
0.0
 11
989.8
 21
362.44
 31
0.0
  0
LINE
  5
1015
330
17
100
AcDbEntity
  8
LINES
100
AcDbLine
 10
994.9599999999999
 20
358.96
 30
0.0
 11
997.5999999999999
 21
358.96
 31
0.0
  0
LINE
  5
1016
330
17
100
AcDbEntity
  8
LINES
100
AcDbLine
 10
821.4399999999999
 20
349.84
 30
0.0
 11
822.76
 21
349.84
 31
0.0
  0
LINE
  5
1017
330
17
100
AcDbEntity
  8
LINES
100
AcDbLine
 10
950.8
 20
351.52
 30
0.0
 11
953.3199999999999
 21
351.52
 31
0.0
  0
LINE
  5
1018
330
17
100
AcDbEntity
  8
LINES
100
AcDbLine
 10
954.64
 20
355.0
 30
0.0
 11
957.28
 21
355.0
 31
0.0
  0
LINE
  5
1019
330
17
100
AcDbEntity
  8
LINES
100
AcDbLine
 10
955.9599999999999
 20
349.84
 30
0.0
 11
955.9599999999999
 21
355.0
 31
0.0
  0
LINE
  5
101A
330
17
100
AcDbEntity
  8
LINES
100
AcDbLine
 10
958.5999999999999
 20
352.36
 30
0.0
 11
959.92
 21
352.36
 31
0.0
  0
LINE
  5
101B
330
17
100
AcDbEntity
  8
LINES
100
AcDbLine
 10
958.5999999999999
 20
349.84
 30
0.0
 11
961.12
 21
349.84
 31
0.0
  0
LINE
  5
101C
330
17
100
AcDbEntity
  8
LINES
100
AcDbLine
 10
971.56
 20
351.52
 30
0.0
 11
974.1999999999999
 21
351.52
 31
0.0
  0
LINE
  5
101D
330
17
100
AcDbEntity
  8
LINES
100
AcDbLine
 10
984.64
 20
352.36
 30
0.0
 11
985.8399999999999
 21
352.36
 31
0.0
  0
LINE
  5
101E
330
17
100
AcDbEntity
  8
LINES
100
AcDbLine
 10
984.64
 20
349.84
 30
0.0
 11
987.16
 21
349.84
 31
0.0
  0
LINE
  5
101F
330
17
100
AcDbEntity
  8
LINES
100
AcDbLine
 10
992.4399999999999
 20
351.52
 30
0.0
 11
994.9599999999999
 21
351.52
 31
0.0
  0
LINE
  5
1020
330
17
100
AcDbEntity
  8
LINES
100
AcDbLine
 10
1004.0799999999999
 20
355.0
 30
0.0
 11
1005.4
 21
355.0
 31
0.0
  0
LINE
  5
1021
330
17
100
AcDbEntity
  8
LINES
100
AcDbLine
 10
1004.8
 20
349.84
 30
0.0
 11
1004.8
 21
355.0
 31
0.0
  0
LINE
  5
1022
330
17
100
AcDbEntity
  8
LINES
100
AcDbLine
 10
1004.0799999999999
 20
349.84
 30
0.0
 11
1005.4
 21
349.84
 31
0.0
  0
LINE
  5
1023
330
17
100
AcDbEntity
  8
LINES
100
AcDbLine
 10
1011.28
 20
349.84
 30
0.0
 11
1011.28
 21
355.0
 31
0.0
  0
LINE
  5
1024
330
17
100
AcDbEntity
  8
LINES
100
AcDbLine
 10
1014.52
 20
349.84
 30
0.0
 11
1015.8399999999999
 21
349.84
 31
0.0
  0
LINE
  5
1025
330
17
100
AcDbEntity
  8
LINES
100
AcDbLine
 10
1021.0
 20
349.84
 30
0.0
 11
1021.0
 21
350.68
 31
0.0
  0
LINE
  5
1026
330
17
100
AcDbEntity
  8
LINES
100
AcDbLine
 10
1022.3199999999999
 20
349.84
 30
0.0
 11
1023.64
 21
349.84
 31
0.0
  0
LINE
  5
1027
330
17
100
AcDbEntity
  8
LINES
100
AcDbLine
 10
1032.76
 20
349.84
 30
0.0
 11
1034.6799999999998
 21
352.36
 31
0.0
  0
LINE
  5
1028
330
17
100
AcDbEntity
  8
LINES
100
AcDbLine
 10
1036.0
 20
352.36
 30
0.0
 11
1037.32
 21
352.36
 31
0.0
  0
LINE
  5
1029
330
17
100
AcDbEntity
  8
LINES
100
AcDbLine
 10
1043.8
 20
349.84
 30
0.0
 11
1045.12
 21
349.84
 31
0.0
  0
LINE
  5
102A
330
17
100
AcDbEntity
  8
LINES
100
AcDbLine
 10
1053.52
 20
351.52
 30
0.0
 11
1056.1599999999999
 21
351.52
 31
0.0
  0
LINE
  5
102B
330
17
100
AcDbEntity
  8
LINES
100
AcDbLine
 10
1053.52
 20
353.2
 30
0.0
 11
1056.1599999999999
 21
353.2
 31
0.0
  0
LINE
  5
102C
330
17
100
AcDbEntity
  8
LINES
100
AcDbLine
 10
1054.12
 20
349.84
 30
0.0
 11
1054.12
 21
355.0
 31
0.0
  0
LINE
  5
102D
330
17
100
AcDbEntity
  8
LINES
100
AcDbLine
 10
1055.44
 20
349.84
 30
0.0
 11
1055.44
 21
355.0
 31
0.0
  0
LINE
  5
102E
330
17
100
AcDbEntity
  8
LINES
100
AcDbLine
 10
1061.32
 20
351.52
 30
0.0
 11
1063.96
 21
351.52
 31
0.0
  0
LINE
  5
102F
330
17
100
AcDbEntity
  8
LINES
100
AcDbLine
 10
1069.12
 20
355.0
 30
0.0
 11
1071.76
 21
355.0
 31
0.0
  0
LINE
  5
1030
330
17
100
AcDbEntity
  8
LINES
100
AcDbLine
 10
1070.44
 20
349.84
 30
0.0
 11
1070.44
 21
355.0
 31
0.0
  0
LINE
  5
1031
330
17
100
AcDbEntity
  8
LINES
100
AcDbLine
 10
1080.8799999999999
 20
351.52
 30
0.0
 11
1083.3999999999999
 21
351.52
 31
0.0
  0
LINE
  5
1032
330
17
100
AcDbEntity
  8
LINES
100
AcDbLine
 10
1088.68
 20
349.84
 30
0.0
 11
1090.0
 21
349.84
 31
0.0
  0
LINE
  5
1033
330
17
100
AcDbEntity
  8
LINES
100
AcDbLine
 10
859.48
 20
349.84
 30
0.0
 11
860.8
 21
349.84
 31
0.0
  0
LINE
  5
1034
330
17
100
AcDbEntity
  8
LINES
100
AcDbLine
 10
866.0799999999999
 20
349.84
 30
0.0
 11
867.28
 21
349.84
 31
0.0
  0
LINE
  5
1035
330
17
100
AcDbEntity
  8
LINES
100
AcDbLine
 10
868.6
 20
349.84
 30
0.0
 11
869.92
 21
349.84
 31
0.0
  0
LINE
  5
1036
330
17
100
AcDbEntity
  8
LINES
100
AcDbLine
 10
886.8399999999999
 20
352.36
 30
0.0
 11
889.48
 21
352.36
 31
0.0
  0
LINE
  5
1037
330
17
100
AcDbEntity
  8
LINES
100
AcDbLine
 10
951.4
 20
342.4
 30
0.0
 11
953.3199999999999
 21
344.92
 31
0.0
  0
LINE
  5
1038
330
17
100
AcDbEntity
  8
LINES
100
AcDbLine
 10
954.64
 20
342.4
 30
0.0
 11
954.64
 21
343.24
 31
0.0
  0
LINE
  5
1039
330
17
100
AcDbEntity
  8
LINES
100
AcDbLine
 10
965.68
 20
342.4
 30
0.0
 11
965.68
 21
347.56
 31
0.0
  0
LINE
  5
103A
330
17
100
AcDbEntity
  8
LINES
100
AcDbLine
 10
988.48
 20
344.92
 30
0.0
 11
991.12
 21
344.92
 31
0.0
  0
LINE
  5
103B
330
17
100
AcDbEntity
  8
LINES
100
AcDbLine
 10
992.4399999999999
 20
342.4
 30
0.0
 11
993.64
 21
342.4
 31
0.0
  0
LINE
  5
103C
330
17
100
AcDbEntity
  8
LINES
100
AcDbLine
 10
1008.04
 20
344.92
 30
0.0
 11
1010.56
 21
344.92
 31
0.0
  0
LINE
  5
103D
330
17
100
AcDbEntity
  8
LINES
100
AcDbLine
 10
1011.88
 20
344.92
 30
0.0
 11
1013.1999999999999
 21
344.92
 31
0.0
  0
LINE
  5
103E
330
17
100
AcDbEntity
  8
LINES
100
AcDbLine
 10
1019.68
 20
344.92
 30
0.0
 11
1021.0
 21
344.92
 31
0.0
  0
LINE
  5
103F
330
17
100
AcDbEntity
  8
LINES
100
AcDbLine
 10
1019.68
 20
342.4
 30
0.0
 11
1022.3199999999999
 21
342.4
 31
0.0
  0
LINE
  5
1040
330
17
100
AcDbEntity
  8
LINES
100
AcDbLine
 10
1023.64
 20
344.92
 30
0.0
 11
1026.1599999999999
 21
344.92
 31
0.0
  0
LINE
  5
1041
330
17
100
AcDbEntity
  8
LINES
100
AcDbLine
 10
1031.44
 20
344.08
 30
0.0
 11
1033.96
 21
344.08
 31
0.0
  0
LINE
  5
1042
330
17
100
AcDbEntity
  8
LINES
100
AcDbLine
 10
830.68
 20
144.28
 30
0.0
 11
832.24
 21
144.28
 31
0.0
  0
LINE
  5
1043
330
17
100
AcDbEntity
  8
LINES
100
AcDbLine
 10
910.9599999999999
 20
147.76
 30
0.0
 11
911.8
 21
149.44
 31
0.0
  0
LINE
  5
1044
330
17
100
AcDbEntity
  8
LINES
100
AcDbLine
 10
911.8
 20
147.76
 30
0.0
 11
912.52
 21
149.44
 31
0.0
  0
LINE
  5
1045
330
17
100
AcDbEntity
  8
LINES
100
AcDbLine
 10
1109.8
 20
147.76
 30
0.0
 11
1110.52
 21
149.44
 31
0.0
  0
LINE
  5
1046
330
17
100
AcDbEntity
  8
LINES
100
AcDbLine
 10
1110.52
 20
147.76
 30
0.0
 11
1111.36
 21
149.44
 31
0.0
  0
LINE
  5
1047
330
17
100
AcDbEntity
  8
LINES
100
AcDbLine
 10
910.9599999999999
 20
139.36
 30
0.0
 11
911.8
 21
141.16
 31
0.0
  0
LINE
  5
1048
330
17
100
AcDbEntity
  8
LINES
100
AcDbLine
 10
911.8
 20
139.36
 30
0.0
 11
912.52
 21
141.16
 31
0.0
  0
LINE
  5
1049
330
17
100
AcDbEntity
  8
LINES
100
AcDbLine
 10
855.28
 20
135.88
 30
0.0
 11
856.7199999999999
 21
135.88
 31
0.0
  0
LINE
  5
104A
330
17
100
AcDbEntity
  8
LINES
100
AcDbLine
 10
1105.36
 20
135.88
 30
0.0
 11
1106.8
 21
135.88
 31
0.0
  0
LINE
  5
104B
330
17
100
AcDbEntity
  8
LINES
100
AcDbLine
 10
1108.36
 20
139.36
 30
0.0
 11
1109.08
 21
141.16
 31
0.0
  0
LINE
  5
104C
330
17
100
AcDbEntity
  8
LINES
100
AcDbLine
 10
1109.08
 20
139.36
 30
0.0
 11
1109.8
 21
141.16
 31
0.0
  0
LINE
  5
104D
330
17
100
AcDbEntity
  8
LINES
100
AcDbLine
 10
1054.12
 20
135.88
 30
0.0
 11
1055.56
 21
135.88
 31
0.0
  0
LINE
  5
104E
330
17
100
AcDbEntity
  8
LINES
100
AcDbLine
 10
1057.0
 20
135.88
 30
0.0
 11
1058.56
 21
135.88
 31
0.0
  0
LINE
  5
104F
330
17
100
AcDbEntity
  8
LINES
100
AcDbLine
 10
910.9599999999999
 20
131.07999999999998
 30
0.0
 11
911.8
 21
132.76
 31
0.0
  0
LINE
  5
1050
330
17
100
AcDbEntity
  8
LINES
100
AcDbLine
 10
911.8
 20
131.07999999999998
 30
0.0
 11
912.52
 21
132.76
 31
0.0
  0
LINE
  5
1051
330
17
100
AcDbEntity
  8
LINES
100
AcDbLine
 10
855.28
 20
127.6
 30
0.0
 11
856.7199999999999
 21
127.6
 31
0.0
  0
LINE
  5
1052
330
17
100
AcDbEntity
  8
LINES
100
AcDbLine
 10
858.28
 20
127.6
 30
0.0
 11
859.7199999999999
 21
127.6
 31
0.0
  0
LINE
  5
1053
330
17
100
AcDbEntity
  8
LINES
100
AcDbLine
 10
861.16
 20
127.6
 30
0.0
 11
862.7199999999999
 21
127.6
 31
0.0
  0
LINE
  5
1054
330
17
100
AcDbEntity
  8
RECTANGLES
100
AcDbLine
 10
494.44
 20
747.28
 30
0.0
 11
496.59999999999997
 21
747.28
 31
0.0
  0
LINE
  5
1055
330
17
100
AcDbEntity
  8
RECTANGLES
100
AcDbLine
 10
496.59999999999997
 20
747.28
 30
0.0
 11
496.59999999999997
 21
751.12
 31
0.0
  0
LINE
  5
1056
330
17
100
AcDbEntity
  8
RECTANGLES
100
AcDbLine
 10
496.59999999999997
 20
751.12
 30
0.0
 11
494.44
 21
751.12
 31
0.0
  0
LINE
  5
1057
330
17
100
AcDbEntity
  8
RECTANGLES
100
AcDbLine
 10
494.44
 20
751.12
 30
0.0
 11
494.44
 21
747.28
 31
0.0
  0
LINE
  5
1058
330
17
100
AcDbEntity
  8
LINES
100
AcDbLine
 10
501.03999999999996
 20
751.12
 30
0.0
 11
503.32
 21
751.12
 31
0.0
  0
LINE
  5
1059
330
17
100
AcDbEntity
  8
LINES
100
AcDbLine
 10
502.24
 20
747.28
 30
0.0
 11
502.24
 21
751.12
 31
0.0
  0
LINE
  5
105A
330
17
100
AcDbEntity
  8
LINES
100
AcDbLine
 10
504.4
 20
747.28
 30
0.0
 11
504.4
 21
747.88
 31
0.0
  0
LINE
  5
105B
330
17
100
AcDbEntity
  8
LINES
100
AcDbLine
 10
508.84
 20
751.12
 30
0.0
 11
511.12
 21
751.12
 31
0.0
  0
LINE
  5
105C
330
17
100
AcDbEntity
  8
LINES
100
AcDbLine
 10
510.03999999999996
 20
747.28
 30
0.0
 11
510.03999999999996
 21
751.12
 31
0.0
  0
LINE
  5
105D
330
17
100
AcDbEntity
  8
RECTANGLES
100
AcDbLine
 10
512.2
 20
747.28
 30
0.0
 11
514.48
 21
747.28
 31
0.0
  0
LINE
  5
105E
330
17
100
AcDbEntity
  8
RECTANGLES
100
AcDbLine
 10
514.48
 20
747.28
 30
0.0
 11
514.48
 21
751.12
 31
0.0
  0
LINE
  5
105F
330
17
100
AcDbEntity
  8
RECTANGLES
100
AcDbLine
 10
514.48
 20
751.12
 30
0.0
 11
512.2
 21
751.12
 31
0.0
  0
LINE
  5
1060
330
17
100
AcDbEntity
  8
RECTANGLES
100
AcDbLine
 10
512.2
 20
751.12
 30
0.0
 11
512.2
 21
747.28
 31
0.0
  0
LINE
  5
1061
330
17
100
AcDbEntity
  8
LINES
100
AcDbLine
 10
494.44
 20
743.1999999999999
 30
0.0
 11
494.91999999999996
 21
744.4
 31
0.0
  0
LINE
  5
1062
330
17
100
AcDbEntity
  8
LINES
100
AcDbLine
 10
494.91999999999996
 20
743.1999999999999
 30
0.0
 11
495.52
 21
744.4
 31
0.0
  0
LINE
  5
1063
330
17
100
AcDbEntity
  8
LINES
100
AcDbLine
 10
496.59999999999997
 20
742.48
 30
0.0
 11
498.88
 21
742.48
 31
0.0
  0
LINE
  5
1064
330
17
100
AcDbEntity
  8
LINES
100
AcDbLine
 10
503.32
 20
742.48
 30
0.0
 11
505.59999999999997
 21
742.48
 31
0.0
  0
LINE
  5
1065
330
17
100
AcDbEntity
  8
LINES
100
AcDbLine
 10
506.68
 20
740.56
 30
0.0
 11
507.76
 21
740.56
 31
0.0
  0
LINE
  5
1066
330
17
100
AcDbEntity
  8
LINES
100
AcDbLine
 10
512.2
 20
740.56
 30
0.0
 11
513.4
 21
740.56
 31
0.0
  0
LINE
  5
1067
330
17
100
AcDbEntity
  8
LINES
100
AcDbLine
 10
514.48
 20
742.48
 30
0.0
 11
516.64
 21
742.48
 31
0.0
  0
LINE
  5
1068
330
17
100
AcDbEntity
  8
LINES
100
AcDbLine
 10
533.92
 20
742.48
 30
0.0
 11
536.1999999999999
 21
742.48
 31
0.0
  0
LINE
  5
1069
330
17
100
AcDbEntity
  8
LINES
100
AcDbLine
 10
537.28
 20
741.88
 30
0.0
 11
539.56
 21
741.88
 31
0.0
  0
LINE
  5
106A
330
17
100
AcDbEntity
  8
LINES
100
AcDbLine
 10
540.64
 20
740.56
 30
0.0
 11
541.72
 21
740.56
 31
0.0
  0
LINE
  5
106B
330
17
100
AcDbEntity
  8
LINES
100
AcDbLine
 10
546.28
 20
741.88
 30
0.0
 11
548.4399999999999
 21
741.88
 31
0.0
  0
LINE
  5
106C
330
17
100
AcDbEntity
  8
LINES
100
AcDbLine
 10
549.64
 20
742.48
 30
0.0
 11
551.8
 21
742.48
 31
0.0
  0
LINE
  5
106D
330
17
100
AcDbEntity
  8
LINES
100
AcDbLine
 10
556.24
 20
742.48
 30
0.0
 11
558.52
 21
742.48
 31
0.0
  0
LINE
  5
106E
330
17
100
AcDbEntity
  8
LINES
100
AcDbLine
 10
560.1999999999999
 20
740.56
 30
0.0
 11
560.1999999999999
 21
744.4
 31
0.0
  0
LINE
  5
106F
330
17
100
AcDbEntity
  8
LINES
100
AcDbLine
 10
491.08
 20
735.76
 30
0.0
 11
492.15999999999997
 21
735.76
 31
0.0
  0
LINE
  5
1070
330
17
100
AcDbEntity
  8
LINES
100
AcDbLine
 10
491.08
 20
733.8399999999999
 30
0.0
 11
493.24
 21
733.8399999999999
 31
0.0
  0
LINE
  5
1071
330
17
100
AcDbEntity
  8
LINES
100
AcDbLine
 10
504.4
 20
733.8399999999999
 30
0.0
 11
505.59999999999997
 21
733.8399999999999
 31
0.0
  0
LINE
  5
1072
330
17
100
AcDbEntity
  8
LINES
100
AcDbLine
 10
510.03999999999996
 20
733.8399999999999
 30
0.0
 11
510.03999999999996
 21
734.56
 31
0.0
  0
LINE
  5
1073
330
17
100
AcDbEntity
  8
LINES
100
AcDbLine
 10
511.12
 20
727.12
 30
0.0
 11
511.12
 21
727.8399999999999
 31
0.0
  0
LINE
  5
1074
330
17
100
AcDbEntity
  8
LINES
100
AcDbLine
 10
512.2
 20
727.12
 30
0.0
 11
513.4
 21
727.12
 31
0.0
  0
LINE
  5
1075
330
17
100
AcDbEntity
  8
LINES
100
AcDbLine
 10
491.08
 20
722.4399999999999
 30
0.0
 11
492.15999999999997
 21
722.4399999999999
 31
0.0
  0
LINE
  5
1076
330
17
100
AcDbEntity
  8
LINES
100
AcDbLine
 10
491.08
 20
720.52
 30
0.0
 11
493.24
 21
720.52
 31
0.0
  0
LINE
  5
1077
330
17
100
AcDbEntity
  8
LINES
100
AcDbLine
 10
502.24
 20
721.12
 30
0.0
 11
502.24
 21
723.76
 31
0.0
  0
LINE
  5
1078
330
17
100
AcDbEntity
  8
LINES
100
AcDbLine
 10
501.03999999999996
 20
722.4399999999999
 30
0.0
 11
503.32
 21
722.4399999999999
 31
0.0
  0
LINE
  5
1079
330
17
100
AcDbEntity
  8
LINES
100
AcDbLine
 10
504.4
 20
720.52
 30
0.0
 11
505.59999999999997
 21
720.52
 31
0.0
  0
LINE
  5
107A
330
17
100
AcDbEntity
  8
LINES
100
AcDbLine
 10
509.44
 20
720.52
 30
0.0
 11
510.52
 21
720.52
 31
0.0
  0
LINE
  5
107B
330
17
100
AcDbEntity
  8
LINES
100
AcDbLine
 10
511.71999999999997
 20
720.52
 30
0.0
 11
511.71999999999997
 21
721.12
 31
0.0
  0
LINE
  5
107C
330
17
100
AcDbEntity
  8
LINES
100
AcDbLine
 10
596.8
 20
665.3199999999999
 30
0.0
 11
598.12
 21
665.8
 31
0.0
  0
LINE
  5
107D
330
17
100
AcDbEntity
  8
LINES
100
AcDbLine
 10
596.8
 20
665.8
 30
0.0
 11
598.12
 21
666.4
 31
0.0
  0
LINE
  5
107E
330
17
100
AcDbEntity
  8
LINES
100
AcDbLine
 10
562.24
 20
642.76
 30
0.0
 11
563.3199999999999
 21
642.76
 31
0.0
  0
LINE
  5
107F
330
17
100
AcDbEntity
  8
LINES
100
AcDbLine
 10
599.8
 20
504.15999999999997
 30
0.0
 11
599.8
 21
505.35999999999996
 31
0.0
  0
LINE
  5
1080
330
17
100
AcDbEntity
  8
LINES
100
AcDbLine
 10
599.8
 20
515.92
 30
0.0
 11
599.8
 21
517.0
 31
0.0
  0
LINE
  5
1081
330
17
100
AcDbEntity
  8
LINES
100
AcDbLine
 10
594.16
 20
438.76
 30
0.0
 11
595.0
 21
438.76
 31
0.0
  0
LINE
  5
1082
330
17
100
AcDbEntity
  8
LINES
100
AcDbLine
 10
541.6
 20
432.52
 30
0.0
 11
542.68
 21
432.52
 31
0.0
  0
LINE
  5
1083
330
17
100
AcDbEntity
  8
LINES
100
AcDbLine
 10
554.92
 20
430.59999999999997
 30
0.0
 11
556.12
 21
430.59999999999997
 31
0.0
  0
LINE
  5
1084
330
17
100
AcDbEntity
  8
LINES
100
AcDbLine
 10
557.1999999999999
 20
430.59999999999997
 30
0.0
 11
558.28
 21
430.59999999999997
 31
0.0
  0
LINE
  5
1085
330
17
100
AcDbEntity
  8
LINES
100
AcDbLine
 10
563.3199999999999
 20
430.59999999999997
 30
0.0
 11
563.3199999999999
 21
434.56
 31
0.0
  0
LINE
  5
1086
330
17
100
AcDbEntity
  8
LINES
100
AcDbLine
 10
566.0799999999999
 20
430.59999999999997
 30
0.0
 11
567.28
 21
430.59999999999997
 31
0.0
  0
LINE
  5
1087
330
17
100
AcDbEntity
  8
LINES
100
AcDbLine
 10
585.76
 20
422.44
 30
0.0
 11
586.9599999999999
 21
422.44
 31
0.0
  0
LINE
  5
1088
330
17
100
AcDbEntity
  8
LINES
100
AcDbLine
 10
655.0
 20
408.64
 30
0.0
 11
656.0799999999999
 21
408.64
 31
0.0
  0
LINE
  5
1089
330
17
100
AcDbEntity
  8
LINES
100
AcDbLine
 10
536.8
 20
416.8
 30
0.0
 11
537.88
 21
416.8
 31
0.0
  0
LINE
  5
108A
330
17
100
AcDbEntity
  8
LINES
100
AcDbLine
 10
550.12
 20
414.88
 30
0.0
 11
551.1999999999999
 21
414.88
 31
0.0
  0
LINE
  5
108B
330
17
100
AcDbEntity
  8
LINES
100
AcDbLine
 10
552.4
 20
414.88
 30
0.0
 11
553.48
 21
414.88
 31
0.0
  0
LINE
  5
108C
330
17
100
AcDbEntity
  8
LINES
100
AcDbLine
 10
558.52
 20
414.88
 30
0.0
 11
558.52
 21
418.71999999999997
 31
0.0
  0
LINE
  5
108D
330
17
100
AcDbEntity
  8
LINES
100
AcDbLine
 10
561.28
 20
414.88
 30
0.0
 11
562.36
 21
414.88
 31
0.0
  0
LINE
  5
108E
330
17
100
AcDbEntity
  8
LINES
100
AcDbLine
 10
655.0
 20
392.56
 30
0.0
 11
656.0799999999999
 21
392.56
 31
0.0
  0
LINE
  5
108F
330
17
100
AcDbEntity
  8
LINES
100
AcDbLine
 10
620.4399999999999
 20
353.44
 30
0.0
 11
621.52
 21
353.44
 31
0.0
  0
LINE
  5
1090
330
17
100
AcDbEntity
  8
LINES
100
AcDbLine
 10
620.4399999999999
 20
351.52
 30
0.0
 11
622.6
 21
351.52
 31
0.0
  0
LINE
  5
1091
330
17
100
AcDbEntity
  8
LINES
100
AcDbLine
 10
631.48
 20
352.12
 30
0.0
 11
631.48
 21
354.76
 31
0.0
  0
LINE
  5
1092
330
17
100
AcDbEntity
  8
LINES
100
AcDbLine
 10
630.4
 20
353.44
 30
0.0
 11
632.68
 21
353.44
 31
0.0
  0
LINE
  5
1093
330
17
100
AcDbEntity
  8
LINES
100
AcDbLine
 10
633.76
 20
351.52
 30
0.0
 11
634.84
 21
351.52
 31
0.0
  0
LINE
  5
1094
330
17
100
AcDbEntity
  8
LINES
100
AcDbLine
 10
641.56
 20
351.52
 30
0.0
 11
641.56
 21
352.12
 31
0.0
  0
LINE
  5
1095
330
17
100
AcDbEntity
  8
LINES
100
AcDbLine
 10
522.64
 20
355.12
 30
0.0
 11
523.5999999999999
 21
355.71999999999997
 31
0.0
  0
LINE
  5
1096
330
17
100
AcDbEntity
  8
LINES
100
AcDbLine
 10
438.03999999999996
 20
253.95999999999998
 30
0.0
 11
440.32
 21
257.79999999999995
 31
0.0
  0
LINE
  5
1097
330
17
100
AcDbEntity
  8
LINES
100
AcDbLine
 10
438.03999999999996
 20
253.95999999999998
 30
0.0
 11
440.32
 21
257.79999999999995
 31
0.0
  0
LINE
  5
1098
330
17
100
AcDbEntity
  8
LINES
100
AcDbLine
 10
444.76
 20
256.48
 30
0.0
 11
445.35999999999996
 21
257.79999999999995
 31
0.0
  0
LINE
  5
1099
330
17
100
AcDbEntity
  8
LINES
100
AcDbLine
 10
445.35999999999996
 20
256.48
 30
0.0
 11
445.84
 21
257.79999999999995
 31
0.0
  0
LINE
  5
109A
330
17
100
AcDbEntity
  8
LINES
100
AcDbLine
 10
434.8
 20
249.16
 30
0.0
 11
435.88
 21
249.16
 31
0.0
  0
LINE
  5
109B
330
17
100
AcDbEntity
  8
LINES
100
AcDbLine
 10
434.8
 20
247.23999999999998
 30
0.0
 11
436.96
 21
247.23999999999998
 31
0.0
  0
LINE
  5
109C
330
17
100
AcDbEntity
  8
LINES
100
AcDbLine
 10
448.12
 20
247.23999999999998
 30
0.0
 11
449.2
 21
247.23999999999998
 31
0.0
  0
LINE
  5
109D
330
17
100
AcDbEntity
  8
LINES
100
AcDbLine
 10
453.64
 20
247.23999999999998
 30
0.0
 11
453.64
 21
247.84
 31
0.0
  0
LINE
  5
109E
330
17
100
AcDbEntity
  8
LINES
100
AcDbLine
 10
342.64
 20
265.6
 30
0.0
 11
342.64
 21
268.24
 31
0.0
  0
LINE
  5
109F
330
17
100
AcDbEntity
  8
LINES
100
AcDbLine
 10
345.88
 20
265.6
 30
0.0
 11
345.88
 21
268.24
 31
0.0
  0
LINE
  5
10A0
330
17
100
AcDbEntity
  8
LINES
100
AcDbLine
 10
345.88
 20
268.84000000000003
 30
0.0
 11
345.88
 21
269.56
 31
0.0
  0
LINE
  5
10A1
330
17
100
AcDbEntity
  8
LINES
100
AcDbLine
 10
350.44
 20
265.6
 30
0.0
 11
350.44
 21
268.24
 31
0.0
  0
LINE
  5
10A2
330
17
100
AcDbEntity
  8
LINES
100
AcDbLine
 10
350.44
 20
268.84000000000003
 30
0.0
 11
350.44
 21
269.56
 31
0.0
  0
LINE
  5
10A3
330
17
100
AcDbEntity
  8
LINES
100
AcDbLine
 10
351.52
 20
265.6
 30
0.0
 11
351.52
 21
268.24
 31
0.0
  0
LINE
  5
10A4
330
17
100
AcDbEntity
  8
LINES
100
AcDbLine
 10
356.56
 20
265.6
 30
0.0
 11
357.03999999999996
 21
266.32
 31
0.0
  0
LINE
  5
10A5
330
17
100
AcDbEntity
  8
LINES
100
AcDbLine
 10
363.15999999999997
 20
265.6
 30
0.0
 11
363.15999999999997
 21
268.24
 31
0.0
  0
LINE
  5
10A6
330
17
100
AcDbEntity
  8
LINES
100
AcDbLine
 10
363.15999999999997
 20
268.84000000000003
 30
0.0
 11
363.15999999999997
 21
269.56
 31
0.0
  0
LINE
  5
10A7
330
17
100
AcDbEntity
  8
LINES
100
AcDbLine
 10
374.32
 20
267.52
 30
0.0
 11
376.0
 21
267.52
 31
0.0
  0
LINE
  5
10A8
330
17
100
AcDbEntity
  8
LINES
100
AcDbLine
 10
381.03999999999996
 20
265.6
 30
0.0
 11
381.03999999999996
 21
268.24
 31
0.0
  0
LINE
  5
10A9
330
17
100
AcDbEntity
  8
LINES
100
AcDbLine
 10
387.76
 20
268.24
 30
0.0
 11
389.91999999999996
 21
268.24
 31
0.0
  0
LINE
  5
10AA
330
17
100
AcDbEntity
  8
LINES
100
AcDbLine
 10
393.28
 20
265.6
 30
0.0
 11
393.28
 21
268.24
 31
0.0
  0
LINE
  5
10AB
330
17
100
AcDbEntity
  8
LINES
100
AcDbLine
 10
394.47999999999996
 20
265.6
 30
0.0
 11
394.47999999999996
 21
268.24
 31
0.0
  0
LINE
  5
10AC
330
17
100
AcDbEntity
  8
LINES
100
AcDbLine
 10
397.71999999999997
 20
265.6
 30
0.0
 11
397.71999999999997
 21
268.24
 31
0.0
  0
LINE
  5
10AD
330
17
100
AcDbEntity
  8
LINES
100
AcDbLine
 10
401.08
 20
265.6
 30
0.0
 11
401.08
 21
268.24
 31
0.0
  0
LINE
  5
10AE
330
17
100
AcDbEntity
  8
LINES
100
AcDbLine
 10
401.08
 20
268.84000000000003
 30
0.0
 11
401.08
 21
269.56
 31
0.0
  0
LINE
  5
10AF
330
17
100
AcDbEntity
  8
LINES
100
AcDbLine
 10
405.52
 20
265.6
 30
0.0
 11
405.52
 21
268.24
 31
0.0
  0
LINE
  5
10B0
330
17
100
AcDbEntity
  8
LINES
100
AcDbLine
 10
284.8
 20
396.28
 30
0.0
 11
287.08
 21
396.28
 31
0.0
  0
LINE
  5
10B1
330
17
100
AcDbEntity
  8
LINES
100
AcDbLine
 10
276.4
 20
387.64
 30
0.0
 11
276.4
 21
391.59999999999997
 31
0.0
  0
LINE
  5
10B2
330
17
100
AcDbEntity
  8
RECTANGLES
100
AcDbLine
 10
279.15999999999997
 20
387.64
 30
0.0
 11
281.44
 21
387.64
 31
0.0
  0
LINE
  5
10B3
330
17
100
AcDbEntity
  8
RECTANGLES
100
AcDbLine
 10
281.44
 20
387.64
 30
0.0
 11
281.44
 21
391.59999999999997
 31
0.0
  0
LINE
  5
10B4
330
17
100
AcDbEntity
  8
RECTANGLES
100
AcDbLine
 10
281.44
 20
391.59999999999997
 30
0.0
 11
279.15999999999997
 21
391.59999999999997
 31
0.0
  0
LINE
  5
10B5
330
17
100
AcDbEntity
  8
RECTANGLES
100
AcDbLine
 10
279.15999999999997
 20
391.59999999999997
 30
0.0
 11
279.15999999999997
 21
387.64
 31
0.0
  0
LINE
  5
10B6
330
17
100
AcDbEntity
  8
RECTANGLES
100
AcDbLine
 10
289.24
 20
387.64
 30
0.0
 11
291.52
 21
387.64
 31
0.0
  0
LINE
  5
10B7
330
17
100
AcDbEntity
  8
RECTANGLES
100
AcDbLine
 10
291.52
 20
387.64
 30
0.0
 11
291.52
 21
391.59999999999997
 31
0.0
  0
LINE
  5
10B8
330
17
100
AcDbEntity
  8
RECTANGLES
100
AcDbLine
 10
291.52
 20
391.59999999999997
 30
0.0
 11
289.24
 21
391.59999999999997
 31
0.0
  0
LINE
  5
10B9
330
17
100
AcDbEntity
  8
RECTANGLES
100
AcDbLine
 10
289.24
 20
391.59999999999997
 30
0.0
 11
289.24
 21
387.64
 31
0.0
  0
LINE
  5
10BA
330
17
100
AcDbEntity
  8
LINES
100
AcDbLine
 10
292.59999999999997
 20
391.59999999999997
 30
0.0
 11
294.88
 21
391.59999999999997
 31
0.0
  0
LINE
  5
10BB
330
17
100
AcDbEntity
  8
LINES
100
AcDbLine
 10
293.68
 20
387.64
 30
0.0
 11
293.68
 21
391.59999999999997
 31
0.0
  0
LINE
  5
10BC
330
17
100
AcDbEntity
  8
LINES
100
AcDbLine
 10
302.68
 20
388.96
 30
0.0
 11
304.84
 21
388.96
 31
0.0
  0
LINE
  5
10BD
330
17
100
AcDbEntity
  8
LINES
100
AcDbLine
 10
305.92
 20
387.64
 30
0.0
 11
305.92
 21
391.59999999999997
 31
0.0
  0
LINE
  5
10BE
330
17
100
AcDbEntity
  8
LINES
100
AcDbLine
 10
306.52
 20
387.64
 30
0.0
 11
308.2
 21
389.68
 31
0.0
  0
LINE
  5
10BF
330
17
100
AcDbEntity
  8
LINES
100
AcDbLine
 10
309.28
 20
389.68
 30
0.0
 11
310.47999999999996
 21
389.68
 31
0.0
  0
LINE
  5
10C0
330
17
100
AcDbEntity
  8
LINES
100
AcDbLine
 10
309.28
 20
387.64
 30
0.0
 11
311.56
 21
387.64
 31
0.0
  0
LINE
  5
10C1
330
17
100
AcDbEntity
  8
LINES
100
AcDbLine
 10
316.0
 20
387.64
 30
0.0
 11
316.0
 21
391.59999999999997
 31
0.0
  0
LINE
  5
10C2
330
17
100
AcDbEntity
  8
LINES
100
AcDbLine
 10
316.0
 20
389.68
 30
0.0
 11
318.28
 21
389.68
 31
0.0
  0
LINE
  5
10C3
330
17
100
AcDbEntity
  8
LINES
100
AcDbLine
 10
318.28
 20
387.64
 30
0.0
 11
318.28
 21
391.59999999999997
 31
0.0
  0
LINE
  5
10C4
330
17
100
AcDbEntity
  8
RECTANGLES
100
AcDbLine
 10
319.36
 20
387.64
 30
0.0
 11
321.64
 21
387.64
 31
0.0
  0
LINE
  5
10C5
330
17
100
AcDbEntity
  8
RECTANGLES
100
AcDbLine
 10
321.64
 20
387.64
 30
0.0
 11
321.64
 21
391.59999999999997
 31
0.0
  0
LINE
  5
10C6
330
17
100
AcDbEntity
  8
RECTANGLES
100
AcDbLine
 10
321.64
 20
391.59999999999997
 30
0.0
 11
319.36
 21
391.59999999999997
 31
0.0
  0
LINE
  5
10C7
330
17
100
AcDbEntity
  8
RECTANGLES
100
AcDbLine
 10
319.36
 20
391.59999999999997
 30
0.0
 11
319.36
 21
387.64
 31
0.0
  0
LINE
  5
10C8
330
17
100
AcDbEntity
  8
LINES
100
AcDbLine
 10
326.08
 20
389.68
 30
0.0
 11
327.15999999999997
 21
389.68
 31
0.0
  0
LINE
  5
10C9
330
17
100
AcDbEntity
  8
LINES
100
AcDbLine
 10
326.08
 20
387.64
 30
0.0
 11
328.24
 21
387.64
 31
0.0
  0
LINE
  5
10CA
330
17
100
AcDbEntity
  8
RECTANGLES
100
AcDbLine
 10
332.68
 20
387.64
 30
0.0
 11
334.96
 21
387.64
 31
0.0
  0
LINE
  5
10CB
330
17
100
AcDbEntity
  8
RECTANGLES
100
AcDbLine
 10
334.96
 20
387.64
 30
0.0
 11
334.96
 21
391.59999999999997
 31
0.0
  0
LINE
  5
10CC
330
17
100
AcDbEntity
  8
RECTANGLES
100
AcDbLine
 10
334.96
 20
391.59999999999997
 30
0.0
 11
332.68
 21
391.59999999999997
 31
0.0
  0
LINE
  5
10CD
330
17
100
AcDbEntity
  8
RECTANGLES
100
AcDbLine
 10
332.68
 20
391.59999999999997
 30
0.0
 11
332.68
 21
387.64
 31
0.0
  0
LINE
  5
10CE
330
17
100
AcDbEntity
  8
LINES
100
AcDbLine
 10
346.12
 20
391.59999999999997
 30
0.0
 11
347.2
 21
391.59999999999997
 31
0.0
  0
LINE
  5
10CF
330
17
100
AcDbEntity
  8
LINES
100
AcDbLine
 10
346.71999999999997
 20
387.64
 30
0.0
 11
346.71999999999997
 21
391.59999999999997
 31
0.0
  0
LINE
  5
10D0
330
17
100
AcDbEntity
  8
LINES
100
AcDbLine
 10
346.12
 20
387.64
 30
0.0
 11
347.2
 21
387.64
 31
0.0
  0
LINE
  5
10D1
330
17
100
AcDbEntity
  8
LINES
100
AcDbLine
 10
351.64
 20
389.68
 30
0.0
 11
352.84
 21
389.68
 31
0.0
  0
LINE
  5
10D2
330
17
100
AcDbEntity
  8
LINES
100
AcDbLine
 10
351.64
 20
387.64
 30
0.0
 11
353.91999999999996
 21
387.64
 31
0.0
  0
LINE
  5
10D3
330
17
100
AcDbEntity
  8
LINES
100
AcDbLine
 10
358.36
 20
391.59999999999997
 30
0.0
 11
360.64
 21
391.59999999999997
 31
0.0
  0
LINE
  5
10D4
330
17
100
AcDbEntity
  8
LINES
100
AcDbLine
 10
359.44
 20
387.64
 30
0.0
 11
359.44
 21
391.59999999999997
 31
0.0
  0
LINE
  5
10D5
330
17
100
AcDbEntity
  8
LINES
100
AcDbLine
 10
362.32
 20
387.64
 30
0.0
 11
364.0
 21
389.68
 31
0.0
  0
LINE
  5
10D6
330
17
100
AcDbEntity
  8
LINES
100
AcDbLine
 10
371.8
 20
391.59999999999997
 30
0.0
 11
372.88
 21
391.59999999999997
 31
0.0
  0
LINE
  5
10D7
330
17
100
AcDbEntity
  8
LINES
100
AcDbLine
 10
372.28
 20
387.64
 30
0.0
 11
372.28
 21
391.59999999999997
 31
0.0
  0
LINE
  5
10D8
330
17
100
AcDbEntity
  8
LINES
100
AcDbLine
 10
371.8
 20
387.64
 30
0.0
 11
372.88
 21
387.64
 31
0.0
  0
LINE
  5
10D9
330
17
100
AcDbEntity
  8
RECTANGLES
100
AcDbLine
 10
373.96
 20
387.64
 30
0.0
 11
376.24
 21
387.64
 31
0.0
  0
LINE
  5
10DA
330
17
100
AcDbEntity
  8
RECTANGLES
100
AcDbLine
 10
376.24
 20
387.64
 30
0.0
 11
376.24
 21
391.59999999999997
 31
0.0
  0
LINE
  5
10DB
330
17
100
AcDbEntity
  8
RECTANGLES
100
AcDbLine
 10
376.24
 20
391.59999999999997
 30
0.0
 11
373.96
 21
391.59999999999997
 31
0.0
  0
LINE
  5
10DC
330
17
100
AcDbEntity
  8
RECTANGLES
100
AcDbLine
 10
373.96
 20
391.59999999999997
 30
0.0
 11
373.96
 21
387.64
 31
0.0
  0
LINE
  5
10DD
330
17
100
AcDbEntity
  8
RECTANGLES
100
AcDbLine
 10
397.36
 20
387.64
 30
0.0
 11
399.64
 21
387.64
 31
0.0
  0
LINE
  5
10DE
330
17
100
AcDbEntity
  8
RECTANGLES
100
AcDbLine
 10
399.64
 20
387.64
 30
0.0
 11
399.64
 21
391.59999999999997
 31
0.0
  0
LINE
  5
10DF
330
17
100
AcDbEntity
  8
RECTANGLES
100
AcDbLine
 10
399.64
 20
391.59999999999997
 30
0.0
 11
397.36
 21
391.59999999999997
 31
0.0
  0
LINE
  5
10E0
330
17
100
AcDbEntity
  8
RECTANGLES
100
AcDbLine
 10
397.36
 20
391.59999999999997
 30
0.0
 11
397.36
 21
387.64
 31
0.0
  0
LINE
  5
10E1
330
17
100
AcDbEntity
  8
LINES
100
AcDbLine
 10
401.32
 20
387.64
 30
0.0
 11
403.0
 21
389.68
 31
0.0
  0
LINE
  5
10E2
330
17
100
AcDbEntity
  8
LINES
100
AcDbLine
 10
404.08
 20
391.59999999999997
 30
0.0
 11
406.36
 21
391.59999999999997
 31
0.0
  0
LINE
  5
10E3
330
17
100
AcDbEntity
  8
LINES
100
AcDbLine
 10
405.15999999999997
 20
387.64
 30
0.0
 11
405.15999999999997
 21
391.59999999999997
 31
0.0
  0
LINE
  5
10E4
330
17
100
AcDbEntity
  8
LINES
100
AcDbLine
 10
406.71999999999997
 20
294.64
 30
0.0
 11
407.56
 21
294.64
 31
0.0
  0
LINE
  5
10E5
330
17
100
AcDbEntity
  8
LINES
100
AcDbLine
 10
262.48
 20
393.28
 30
0.0
 11
263.44
 21
393.88
 31
0.0
  0
LINE
  5
10E6
330
17
100
AcDbEntity
  8
LINES
100
AcDbLine
 10
148.72
 20
431.2
 30
0.0
 11
148.72
 21
431.8
 31
0.0
  0
LINE
  5
10E7
330
17
100
AcDbEntity
  8
LINES
100
AcDbLine
 10
145.84
 20
460.96
 30
0.0
 11
148.0
 21
464.8
 31
0.0
  0
LINE
  5
10E8
330
17
100
AcDbEntity
  8
LINES
100
AcDbLine
 10
145.84
 20
460.96
 30
0.0
 11
148.0
 21
464.8
 31
0.0
  0
LINE
  5
10E9
330
17
100
AcDbEntity
  8
LINES
100
AcDbLine
 10
149.2
 20
460.96
 30
0.0
 11
150.28
 21
460.96
 31
0.0
  0
LINE
  5
10EA
330
17
100
AcDbEntity
  8
LINES
100
AcDbLine
 10
151.35999999999999
 20
463.47999999999996
 30
0.0
 11
151.96
 21
464.8
 31
0.0
  0
LINE
  5
10EB
330
17
100
AcDbEntity
  8
LINES
100
AcDbLine
 10
151.96
 20
463.47999999999996
 30
0.0
 11
152.44
 21
464.8
 31
0.0
  0
LINE
  5
10EC
330
17
100
AcDbEntity
  8
LINES
100
AcDbLine
 10
142.48
 20
454.24
 30
0.0
 11
143.56
 21
454.24
 31
0.0
  0
LINE
  5
10ED
330
17
100
AcDbEntity
  8
RECTANGLES
100
AcDbLine
 10
158.07999999999998
 20
454.24
 30
0.0
 11
160.23999999999998
 21
454.24
 31
0.0
  0
LINE
  5
10EE
330
17
100
AcDbEntity
  8
RECTANGLES
100
AcDbLine
 10
160.23999999999998
 20
454.24
 30
0.0
 11
160.23999999999998
 21
458.08
 31
0.0
  0
LINE
  5
10EF
330
17
100
AcDbEntity
  8
RECTANGLES
100
AcDbLine
 10
160.23999999999998
 20
458.08
 30
0.0
 11
158.07999999999998
 21
458.08
 31
0.0
  0
LINE
  5
10F0
330
17
100
AcDbEntity
  8
RECTANGLES
100
AcDbLine
 10
158.07999999999998
 20
458.08
 30
0.0
 11
158.07999999999998
 21
454.24
 31
0.0
  0
LINE
  5
10F1
330
17
100
AcDbEntity
  8
LINES
100
AcDbLine
 10
161.44
 20
456.15999999999997
 30
0.0
 11
162.51999999999998
 21
456.15999999999997
 31
0.0
  0
LINE
  5
10F2
330
17
100
AcDbEntity
  8
LINES
100
AcDbLine
 10
164.79999999999998
 20
456.15999999999997
 30
0.0
 11
165.88
 21
456.15999999999997
 31
0.0
  0
LINE
  5
10F3
330
17
100
AcDbEntity
  8
LINES
100
AcDbLine
 10
171.4
 20
456.15999999999997
 30
0.0
 11
172.6
 21
456.15999999999997
 31
0.0
  0
LINE
  5
10F4
330
17
100
AcDbEntity
  8
LINES
100
AcDbLine
 10
171.4
 20
454.24
 30
0.0
 11
173.68
 21
454.24
 31
0.0
  0
LINE
  5
10F5
330
17
100
AcDbEntity
  8
LINES
100
AcDbLine
 10
174.76
 20
458.08
 30
0.0
 11
177.04
 21
458.08
 31
0.0
  0
LINE
  5
10F6
330
17
100
AcDbEntity
  8
LINES
100
AcDbLine
 10
175.96
 20
454.24
 30
0.0
 11
175.96
 21
458.08
 31
0.0
  0
LINE
  5
10F7
330
17
100
AcDbEntity
  8
LINES
100
AcDbLine
 10
184.12
 20
486.88
 30
0.0
 11
185.2
 21
486.88
 31
0.0
  0
LINE
  5
10F8
330
17
100
AcDbEntity
  8
LINES
100
AcDbLine
 10
227.92
 20
487.59999999999997
 30
0.0
 11
229.0
 21
487.59999999999997
 31
0.0
  0
LINE
  5
10F9
330
17
100
AcDbEntity
  8
LINES
100
AcDbLine
 10
282.88
 20
470.56
 30
0.0
 11
283.84
 21
471.15999999999997
 31
0.0
  0
LINE
  5
10FA
330
17
100
AcDbEntity
  8
LINES
100
AcDbLine
 10
283.36
 20
473.91999999999996
 30
0.0
 11
283.59999999999997
 21
475.35999999999996
 31
0.0
  0
LINE
  5
10FB
330
17
100
AcDbEntity
  8
LINES
100
AcDbLine
 10
283.84
 20
474.15999999999997
 30
0.0
 11
284.08
 21
475.59999999999997
 31
0.0
  0
LINE
  5
10FC
330
17
100
AcDbEntity
  8
LINES
100
AcDbLine
 10
316.0
 20
545.68
 30
0.0
 11
317.08
 21
545.68
 31
0.0
  0
LINE
  5
10FD
330
17
100
AcDbEntity
  8
LINES
100
AcDbLine
 10
329.44
 20
543.76
 30
0.0
 11
330.52
 21
543.76
 31
0.0
  0
LINE
  5
10FE
330
17
100
AcDbEntity
  8
LINES
100
AcDbLine
 10
354.15999999999997
 20
512.8
 30
0.0
 11
354.15999999999997
 21
512.8
 31
0.0
  0
LINE
  5
10FF
330
17
100
AcDbEntity
  8
LINES
100
AcDbLine
 10
384.03999999999996
 20
502.47999999999996
 30
0.0
 11
385.12
 21
502.47999999999996
 31
0.0
  0
LINE
  5
1100
330
17
100
AcDbEntity
  8
LINES
100
AcDbLine
 10
382.96
 20
499.71999999999997
 30
0.0
 11
385.12
 21
499.71999999999997
 31
0.0
  0
LINE
  5
1101
330
17
100
AcDbEntity
  8
LINES
100
AcDbLine
 10
384.03999999999996
 20
495.88
 30
0.0
 11
384.03999999999996
 21
499.71999999999997
 31
0.0
  0
LINE
  5
1102
330
17
100
AcDbEntity
  8
LINES
100
AcDbLine
 10
386.2
 20
497.08
 30
0.0
 11
388.47999999999996
 21
497.08
 31
0.0
  0
LINE
  5
1103
330
17
100
AcDbEntity
  8
LINES
100
AcDbLine
 10
389.56
 20
499.71999999999997
 30
0.0
 11
390.76
 21
499.71999999999997
 31
0.0
  0
LINE
  5
1104
330
17
100
AcDbEntity
  8
LINES
100
AcDbLine
 10
390.15999999999997
 20
495.88
 30
0.0
 11
390.15999999999997
 21
499.71999999999997
 31
0.0
  0
LINE
  5
1105
330
17
100
AcDbEntity
  8
LINES
100
AcDbLine
 10
389.56
 20
495.88
 30
0.0
 11
390.76
 21
495.88
 31
0.0
  0
LINE
  5
1106
330
17
100
AcDbEntity
  8
RECTANGLES
100
AcDbLine
 10
401.8
 20
495.88
 30
0.0
 11
404.08
 21
495.88
 31
0.0
  0
LINE
  5
1107
330
17
100
AcDbEntity
  8
RECTANGLES
100
AcDbLine
 10
404.08
 20
495.88
 30
0.0
 11
404.08
 21
499.71999999999997
 31
0.0
  0
LINE
  5
1108
330
17
100
AcDbEntity
  8
RECTANGLES
100
AcDbLine
 10
404.08
 20
499.71999999999997
 30
0.0
 11
401.8
 21
499.71999999999997
 31
0.0
  0
LINE
  5
1109
330
17
100
AcDbEntity
  8
RECTANGLES
100
AcDbLine
 10
401.8
 20
499.71999999999997
 30
0.0
 11
401.8
 21
495.88
 31
0.0
  0
LINE
  5
110A
330
17
100
AcDbEntity
  8
LINES
100
AcDbLine
 10
405.76
 20
495.88
 30
0.0
 11
407.44
 21
497.79999999999995
 31
0.0
  0
LINE
  5
110B
330
17
100
AcDbEntity
  8
LINES
100
AcDbLine
 10
408.52
 20
499.71999999999997
 30
0.0
 11
410.8
 21
499.71999999999997
 31
0.0
  0
LINE
  5
110C
330
17
100
AcDbEntity
  8
LINES
100
AcDbLine
 10
409.71999999999997
 20
495.88
 30
0.0
 11
409.71999999999997
 21
499.71999999999997
 31
0.0
  0
LINE
  5
110D
330
17
100
AcDbEntity
  8
LINES
100
AcDbLine
 10
411.88
 20
495.88
 30
0.0
 11
411.88
 21
499.71999999999997
 31
0.0
  0
LINE
  5
110E
330
17
100
AcDbEntity
  8
LINES
100
AcDbLine
 10
411.88
 20
497.79999999999995
 30
0.0
 11
414.15999999999997
 21
497.79999999999995
 31
0.0
  0
LINE
  5
110F
330
17
100
AcDbEntity
  8
LINES
100
AcDbLine
 10
414.15999999999997
 20
495.88
 30
0.0
 11
414.15999999999997
 21
499.71999999999997
 31
0.0
  0
LINE
  5
1110
330
17
100
AcDbEntity
  8
RECTANGLES
100
AcDbLine
 10
389.56
 20
489.15999999999997
 30
0.0
 11
391.84
 21
489.15999999999997
 31
0.0
  0
LINE
  5
1111
330
17
100
AcDbEntity
  8
RECTANGLES
100
AcDbLine
 10
391.84
 20
489.15999999999997
 30
0.0
 11
391.84
 21
493.0
 31
0.0
  0
LINE
  5
1112
330
17
100
AcDbEntity
  8
RECTANGLES
100
AcDbLine
 10
391.84
 20
493.0
 30
0.0
 11
389.56
 21
493.0
 31
0.0
  0
LINE
  5
1113
330
17
100
AcDbEntity
  8
RECTANGLES
100
AcDbLine
 10
389.56
 20
493.0
 30
0.0
 11
389.56
 21
489.15999999999997
 31
0.0
  0
LINE
  5
1114
330
17
100
AcDbEntity
  8
LINES
100
AcDbLine
 10
396.28
 20
491.08
 30
0.0
 11
397.36
 21
491.08
 31
0.0
  0
LINE
  5
1115
330
17
100
AcDbEntity
  8
LINES
100
AcDbLine
 10
396.28
 20
489.15999999999997
 30
0.0
 11
398.56
 21
489.15999999999997
 31
0.0
  0
LINE
  5
1116
330
17
100
AcDbEntity
  8
LINES
100
AcDbLine
 10
391.24
 20
518.92
 30
0.0
 11
392.44
 21
518.92
 31
0.0
  0
LINE
  5
1117
330
17
100
AcDbEntity
  8
LINES
100
AcDbLine
 10
400.71999999999997
 20
518.92
 30
0.0
 11
400.71999999999997
 21
522.76
 31
0.0
  0
LINE
  5
1118
330
17
100
AcDbEntity
  8
LINES
100
AcDbLine
 10
403.47999999999996
 20
518.92
 30
0.0
 11
404.68
 21
518.92
 31
0.0
  0
LINE
  5
1119
330
17
100
AcDbEntity
  8
RECTANGLES
100
AcDbLine
 10
373.47999999999996
 20
557.68
 30
0.0
 11
375.64
 21
557.68
 31
0.0
  0
LINE
  5
111A
330
17
100
AcDbEntity
  8
RECTANGLES
100
AcDbLine
 10
375.64
 20
557.68
 30
0.0
 11
375.64
 21
561.64
 31
0.0
  0
LINE
  5
111B
330
17
100
AcDbEntity
  8
RECTANGLES
100
AcDbLine
 10
375.64
 20
561.64
 30
0.0
 11
373.47999999999996
 21
561.64
 31
0.0
  0
LINE
  5
111C
330
17
100
AcDbEntity
  8
RECTANGLES
100
AcDbLine
 10
373.47999999999996
 20
561.64
 30
0.0
 11
373.47999999999996
 21
557.68
 31
0.0
  0
LINE
  5
111D
330
17
100
AcDbEntity
  8
LINES
100
AcDbLine
 10
380.08
 20
561.64
 30
0.0
 11
382.36
 21
561.64
 31
0.0
  0
LINE
  5
111E
330
17
100
AcDbEntity
  8
LINES
100
AcDbLine
 10
381.28
 20
557.68
 30
0.0
 11
381.28
 21
561.64
 31
0.0
  0
LINE
  5
111F
330
17
100
AcDbEntity
  8
LINES
100
AcDbLine
 10
383.44
 20
557.68
 30
0.0
 11
383.44
 21
558.4
 31
0.0
  0
LINE
  5
1120
330
17
100
AcDbEntity
  8
LINES
100
AcDbLine
 10
387.88
 20
561.64
 30
0.0
 11
390.15999999999997
 21
561.64
 31
0.0
  0
LINE
  5
1121
330
17
100
AcDbEntity
  8
LINES
100
AcDbLine
 10
389.08
 20
557.68
 30
0.0
 11
389.08
 21
561.64
 31
0.0
  0
LINE
  5
1122
330
17
100
AcDbEntity
  8
RECTANGLES
100
AcDbLine
 10
391.24
 20
557.68
 30
0.0
 11
393.52
 21
557.68
 31
0.0
  0
LINE
  5
1123
330
17
100
AcDbEntity
  8
RECTANGLES
100
AcDbLine
 10
393.52
 20
557.68
 30
0.0
 11
393.52
 21
561.64
 31
0.0
  0
LINE
  5
1124
330
17
100
AcDbEntity
  8
RECTANGLES
100
AcDbLine
 10
393.52
 20
561.64
 30
0.0
 11
391.24
 21
561.64
 31
0.0
  0
LINE
  5
1125
330
17
100
AcDbEntity
  8
RECTANGLES
100
AcDbLine
 10
391.24
 20
561.64
 30
0.0
 11
391.24
 21
557.68
 31
0.0
  0
LINE
  5
1126
330
17
100
AcDbEntity
  8
LINES
100
AcDbLine
 10
370.12
 20
550.96
 30
0.0
 11
371.2
 21
550.96
 31
0.0
  0
LINE
  5
1127
330
17
100
AcDbEntity
  8
LINES
100
AcDbLine
 10
372.28
 20
553.6
 30
0.0
 11
372.88
 21
554.92
 31
0.0
  0
LINE
  5
1128
330
17
100
AcDbEntity
  8
LINES
100
AcDbLine
 10
372.88
 20
553.6
 30
0.0
 11
373.47999999999996
 21
554.92
 31
0.0
  0
LINE
  5
1129
330
17
100
AcDbEntity
  8
LINES
100
AcDbLine
 10
374.56
 20
553.0
 30
0.0
 11
376.71999999999997
 21
553.0
 31
0.0
  0
LINE
  5
112A
330
17
100
AcDbEntity
  8
RECTANGLES
100
AcDbLine
 10
377.91999999999996
 20
550.96
 30
0.0
 11
380.08
 21
550.96
 31
0.0
  0
LINE
  5
112B
330
17
100
AcDbEntity
  8
RECTANGLES
100
AcDbLine
 10
380.08
 20
550.96
 30
0.0
 11
380.08
 21
554.92
 31
0.0
  0
LINE
  5
112C
330
17
100
AcDbEntity
  8
RECTANGLES
100
AcDbLine
 10
380.08
 20
554.92
 30
0.0
 11
377.91999999999996
 21
554.92
 31
0.0
  0
LINE
  5
112D
330
17
100
AcDbEntity
  8
RECTANGLES
100
AcDbLine
 10
377.91999999999996
 20
554.92
 30
0.0
 11
377.91999999999996
 21
550.96
 31
0.0
  0
LINE
  5
112E
330
17
100
AcDbEntity
  8
LINES
100
AcDbLine
 10
389.08
 20
553.0
 30
0.0
 11
391.24
 21
553.0
 31
0.0
  0
LINE
  5
112F
330
17
100
AcDbEntity
  8
LINES
100
AcDbLine
 10
392.32
 20
550.96
 30
0.0
 11
393.52
 21
550.96
 31
0.0
  0
LINE
  5
1130
330
17
100
AcDbEntity
  8
LINES
100
AcDbLine
 10
397.96
 20
550.96
 30
0.0
 11
399.03999999999996
 21
550.96
 31
0.0
  0
LINE
  5
1131
330
17
100
AcDbEntity
  8
LINES
100
AcDbLine
 10
400.24
 20
553.0
 30
0.0
 11
402.4
 21
553.0
 31
0.0
  0
LINE
  5
1132
330
17
100
AcDbEntity
  8
LINES
100
AcDbLine
 10
419.68
 20
553.0
 30
0.0
 11
421.96
 21
553.0
 31
0.0
  0
LINE
  5
1133
330
17
100
AcDbEntity
  8
LINES
100
AcDbLine
 10
423.03999999999996
 20
552.28
 30
0.0
 11
425.32
 21
552.28
 31
0.0
  0
LINE
  5
1134
330
17
100
AcDbEntity
  8
LINES
100
AcDbLine
 10
433.12
 20
552.28
 30
0.0
 11
435.28
 21
552.28
 31
0.0
  0
LINE
  5
1135
330
17
100
AcDbEntity
  8
LINES
100
AcDbLine
 10
436.35999999999996
 20
553.0
 30
0.0
 11
438.64
 21
553.0
 31
0.0
  0
LINE
  5
1136
330
17
100
AcDbEntity
  8
LINES
100
AcDbLine
 10
443.08
 20
553.0
 30
0.0
 11
445.35999999999996
 21
553.0
 31
0.0
  0
LINE
  5
1137
330
17
100
AcDbEntity
  8
LINES
100
AcDbLine
 10
447.03999999999996
 20
550.96
 30
0.0
 11
447.03999999999996
 21
554.92
 31
0.0
  0
LINE
  5
1138
330
17
100
AcDbEntity
  8
LINES
100
AcDbLine
 10
370.12
 20
546.28
 30
0.0
 11
371.2
 21
546.28
 31
0.0
  0
LINE
  5
1139
330
17
100
AcDbEntity
  8
LINES
100
AcDbLine
 10
370.12
 20
544.36
 30
0.0
 11
372.28
 21
544.36
 31
0.0
  0
LINE
  5
113A
330
17
100
AcDbEntity
  8
LINES
100
AcDbLine
 10
383.44
 20
544.36
 30
0.0
 11
384.52
 21
544.36
 31
0.0
  0
LINE
  5
113B
330
17
100
AcDbEntity
  8
LINES
100
AcDbLine
 10
389.08
 20
544.36
 30
0.0
 11
389.08
 21
544.96
 31
0.0
  0
LINE
  5
113C
330
17
100
AcDbEntity
  8
LINES
100
AcDbLine
 10
390.15999999999997
 20
537.64
 30
0.0
 11
390.15999999999997
 21
538.24
 31
0.0
  0
LINE
  5
113D
330
17
100
AcDbEntity
  8
LINES
100
AcDbLine
 10
370.12
 20
532.96
 30
0.0
 11
371.2
 21
532.96
 31
0.0
  0
LINE
  5
113E
330
17
100
AcDbEntity
  8
LINES
100
AcDbLine
 10
370.12
 20
530.92
 30
0.0
 11
372.28
 21
530.92
 31
0.0
  0
LINE
  5
113F
330
17
100
AcDbEntity
  8
LINES
100
AcDbLine
 10
381.28
 20
531.64
 30
0.0
 11
381.28
 21
534.16
 31
0.0
  0
LINE
  5
1140
330
17
100
AcDbEntity
  8
LINES
100
AcDbLine
 10
380.08
 20
532.96
 30
0.0
 11
382.36
 21
532.96
 31
0.0
  0
LINE
  5
1141
330
17
100
AcDbEntity
  8
LINES
100
AcDbLine
 10
383.44
 20
530.92
 30
0.0
 11
384.52
 21
530.92
 31
0.0
  0
LINE
  5
1142
330
17
100
AcDbEntity
  8
LINES
100
AcDbLine
 10
391.24
 20
530.92
 30
0.0
 11
391.24
 21
531.64
 31
0.0
  0
LINE
  5
1143
330
17
100
AcDbEntity
  8
LINES
100
AcDbLine
 10
457.59999999999997
 20
291.64
 30
0.0
 11
458.44
 21
291.64
 31
0.0
  0
LINE
  5
1144
330
17
100
AcDbEntity
  8
LINES
100
AcDbLine
 10
459.28
 20
291.64
 30
0.0
 11
460.12
 21
291.64
 31
0.0
  0
LINE
  5
1145
330
17
100
AcDbEntity
  8
LINES
100
AcDbLine
 10
607.0
 20
194.79999999999998
 30
0.0
 11
607.9599999999999
 21
195.4
 31
0.0
  0
LINE
  5
1146
330
17
100
AcDbEntity
  8
LINES
100
AcDbLine
 10
643.24
 20
158.44
 30
0.0
 11
644.0799999999999
 21
158.44
 31
0.0
  0
LINE
  5
1147
330
17
100
AcDbEntity
  8
LINES
100
AcDbLine
 10
554.68
 20
247.95999999999998
 30
0.0
 11
555.64
 21
248.56
 31
0.0
  0
LINE
  5
1148
330
17
100
AcDbEntity
  8
LINES
100
AcDbLine
 10
634.12
 20
137.44
 30
0.0
 11
634.12
 21
138.04
 31
0.0
  0
LINE
  5
1149
330
17
100
AcDbEntity
  8
LINES
100
AcDbLine
 10
688.9599999999999
 20
126.03999999999999
 30
0.0
 11
689.56
 21
127.36
 31
0.0
  0
LINE
  5
114A
330
17
100
AcDbEntity
  8
LINES
100
AcDbLine
 10
689.56
 20
126.03999999999999
 30
0.0
 11
690.04
 21
127.36
 31
0.0
  0
LINE
  5
114B
330
17
100
AcDbEntity
  8
LINES
100
AcDbLine
 10
680.56
 20
155.44
 30
0.0
 11
681.4
 21
155.44
 31
0.0
  0
LINE
  5
114C
330
17
100
AcDbEntity
  8
LINES
100
AcDbLine
 10
646.36
 20
201.64
 30
0.0
 11
647.56
 21
201.64
 31
0.0
  0
LINE
  5
114D
330
17
100
AcDbEntity
  8
LINES
100
AcDbLine
 10
626.3199999999999
 20
187.48
 30
0.0
 11
627.4
 21
187.48
 31
0.0
  0
LINE
  5
114E
330
17
100
AcDbEntity
  8
LINES
100
AcDbLine
 10
639.76
 20
185.56
 30
0.0
 11
640.84
 21
185.56
 31
0.0
  0
LINE
  5
114F
330
17
100
AcDbEntity
  8
LINES
100
AcDbLine
 10
641.92
 20
185.56
 30
0.0
 11
643.0
 21
185.56
 31
0.0
  0
LINE
  5
1150
330
17
100
AcDbEntity
  8
LINES
100
AcDbLine
 10
619.48
 20
224.92
 30
0.0
 11
621.64
 21
224.92
 31
0.0
  0
LINE
  5
1151
330
17
100
AcDbEntity
  8
LINES
100
AcDbLine
 10
620.56
 20
221.07999999999998
 30
0.0
 11
620.56
 21
224.92
 31
0.0
  0
LINE
  5
1152
330
17
100
AcDbEntity
  8
LINES
100
AcDbLine
 10
622.84
 20
222.28
 30
0.0
 11
625.0
 21
222.28
 31
0.0
  0
LINE
  5
1153
330
17
100
AcDbEntity
  8
LINES
100
AcDbLine
 10
626.1999999999999
 20
224.92
 30
0.0
 11
627.28
 21
224.92
 31
0.0
  0
LINE
  5
1154
330
17
100
AcDbEntity
  8
LINES
100
AcDbLine
 10
626.68
 20
221.07999999999998
 30
0.0
 11
626.68
 21
224.92
 31
0.0
  0
LINE
  5
1155
330
17
100
AcDbEntity
  8
LINES
100
AcDbLine
 10
626.1999999999999
 20
221.07999999999998
 30
0.0
 11
627.28
 21
221.07999999999998
 31
0.0
  0
LINE
  5
1156
330
17
100
AcDbEntity
  8
RECTANGLES
100
AcDbLine
 10
638.4399999999999
 20
221.07999999999998
 30
0.0
 11
640.6
 21
221.07999999999998
 31
0.0
  0
LINE
  5
1157
330
17
100
AcDbEntity
  8
RECTANGLES
100
AcDbLine
 10
640.6
 20
221.07999999999998
 30
0.0
 11
640.6
 21
224.92
 31
0.0
  0
LINE
  5
1158
330
17
100
AcDbEntity
  8
RECTANGLES
100
AcDbLine
 10
640.6
 20
224.92
 30
0.0
 11
638.4399999999999
 21
224.92
 31
0.0
  0
LINE
  5
1159
330
17
100
AcDbEntity
  8
RECTANGLES
100
AcDbLine
 10
638.4399999999999
 20
224.92
 30
0.0
 11
638.4399999999999
 21
221.07999999999998
 31
0.0
  0
LINE
  5
115A
330
17
100
AcDbEntity
  8
LINES
100
AcDbLine
 10
645.04
 20
224.92
 30
0.0
 11
647.3199999999999
 21
224.92
 31
0.0
  0
LINE
  5
115B
330
17
100
AcDbEntity
  8
LINES
100
AcDbLine
 10
646.24
 20
221.07999999999998
 30
0.0
 11
646.24
 21
224.92
 31
0.0
  0
LINE
  5
115C
330
17
100
AcDbEntity
  8
LINES
100
AcDbLine
 10
648.4
 20
221.07999999999998
 30
0.0
 11
648.4
 21
224.92
 31
0.0
  0
LINE
  5
115D
330
17
100
AcDbEntity
  8
LINES
100
AcDbLine
 10
648.4
 20
223.0
 30
0.0
 11
650.68
 21
223.0
 31
0.0
  0
LINE
  5
115E
330
17
100
AcDbEntity
  8
LINES
100
AcDbLine
 10
650.68
 20
221.07999999999998
 30
0.0
 11
650.68
 21
224.92
 31
0.0
  0
LINE
  5
115F
330
17
100
AcDbEntity
  8
RECTANGLES
100
AcDbLine
 10
626.1999999999999
 20
214.35999999999999
 30
0.0
 11
628.36
 21
214.35999999999999
 31
0.0
  0
LINE
  5
1160
330
17
100
AcDbEntity
  8
RECTANGLES
100
AcDbLine
 10
628.36
 20
214.35999999999999
 30
0.0
 11
628.36
 21
218.2
 31
0.0
  0
LINE
  5
1161
330
17
100
AcDbEntity
  8
RECTANGLES
100
AcDbLine
 10
628.36
 20
218.2
 30
0.0
 11
626.1999999999999
 21
218.2
 31
0.0
  0
LINE
  5
1162
330
17
100
AcDbEntity
  8
RECTANGLES
100
AcDbLine
 10
626.1999999999999
 20
218.2
 30
0.0
 11
626.1999999999999
 21
214.35999999999999
 31
0.0
  0
LINE
  5
1163
330
17
100
AcDbEntity
  8
LINES
100
AcDbLine
 10
632.8
 20
216.28
 30
0.0
 11
634.0
 21
216.28
 31
0.0
  0
LINE
  5
1164
330
17
100
AcDbEntity
  8
LINES
100
AcDbLine
 10
632.8
 20
214.35999999999999
 30
0.0
 11
635.0799999999999
 21
214.35999999999999
 31
0.0
  0
LINE
  5
1165
330
17
100
AcDbEntity
  8
LINES
100
AcDbLine
 10
671.0799999999999
 20
199.23999999999998
 30
0.0
 11
672.28
 21
199.23999999999998
 31
0.0
  0
LINE
  5
1166
330
17
100
AcDbEntity
  8
LINES
100
AcDbLine
 10
673.36
 20
199.23999999999998
 30
0.0
 11
674.4399999999999
 21
199.23999999999998
 31
0.0
  0
LINE
  5
1167
330
17
100
AcDbEntity
  8
LINES
100
AcDbLine
 10
704.92
 20
144.04
 30
0.0
 11
706.0
 21
144.04
 31
0.0
  0
LINE
  5
1168
330
17
100
AcDbEntity
  8
LINES
100
AcDbLine
 10
707.1999999999999
 20
144.04
 30
0.0
 11
708.28
 21
144.04
 31
0.0
  0
LINE
  5
1169
330
17
100
AcDbEntity
  8
LINES
100
AcDbLine
 10
713.3199999999999
 20
144.04
 30
0.0
 11
713.3199999999999
 21
148.0
 31
0.0
  0
LINE
  5
116A
330
17
100
AcDbEntity
  8
LINES
100
AcDbLine
 10
716.0799999999999
 20
144.04
 30
0.0
 11
717.16
 21
144.04
 31
0.0
  0
LINE
  5
116B
330
17
100
AcDbEntity
  8
LINES
100
AcDbLine
 10
696.4
 20
161.32
 30
0.0
 11
697.48
 21
161.32
 31
0.0
  0
LINE
  5
116C
330
17
100
AcDbEntity
  8
LINES
100
AcDbLine
 10
696.52
 20
216.88
 30
0.0
 11
697.72
 21
216.88
 31
0.0
  0
LINE
  5
116D
330
17
100
AcDbEntity
  8
LINES
100
AcDbLine
 10
730.9599999999999
 20
176.79999999999998
 30
0.0
 11
732.04
 21
176.79999999999998
 31
0.0
  0
LINE
  5
116E
330
17
100
AcDbEntity
  8
LINES
100
AcDbLine
 10
733.12
 20
176.79999999999998
 30
0.0
 11
734.3199999999999
 21
176.79999999999998
 31
0.0
  0
LINE
  5
116F
330
17
100
AcDbEntity
  8
LINES
100
AcDbLine
 10
739.36
 20
176.79999999999998
 30
0.0
 11
739.36
 21
180.76
 31
0.0
  0
LINE
  5
1170
330
17
100
AcDbEntity
  8
LINES
100
AcDbLine
 10
742.12
 20
176.79999999999998
 30
0.0
 11
743.1999999999999
 21
176.79999999999998
 31
0.0
  0
LINE
  5
1171
330
17
100
AcDbEntity
  8
RECTANGLES
100
AcDbLine
 10
716.8
 20
218.07999999999998
 30
0.0
 11
719.0799999999999
 21
218.07999999999998
 31
0.0
  0
LINE
  5
1172
330
17
100
AcDbEntity
  8
RECTANGLES
100
AcDbLine
 10
719.0799999999999
 20
218.07999999999998
 30
0.0
 11
719.0799999999999
 21
221.92
 31
0.0
  0
LINE
  5
1173
330
17
100
AcDbEntity
  8
RECTANGLES
100
AcDbLine
 10
719.0799999999999
 20
221.92
 30
0.0
 11
716.8
 21
221.92
 31
0.0
  0
LINE
  5
1174
330
17
100
AcDbEntity
  8
RECTANGLES
100
AcDbLine
 10
716.8
 20
221.92
 30
0.0
 11
716.8
 21
218.07999999999998
 31
0.0
  0
LINE
  5
1175
330
17
100
AcDbEntity
  8
LINES
100
AcDbLine
 10
723.52
 20
221.92
 30
0.0
 11
725.68
 21
221.92
 31
0.0
  0
LINE
  5
1176
330
17
100
AcDbEntity
  8
LINES
100
AcDbLine
 10
724.6
 20
218.07999999999998
 30
0.0
 11
724.6
 21
221.92
 31
0.0
  0
LINE
  5
1177
330
17
100
AcDbEntity
  8
LINES
100
AcDbLine
 10
726.88
 20
218.07999999999998
 30
0.0
 11
726.88
 21
218.68
 31
0.0
  0
LINE
  5
1178
330
17
100
AcDbEntity
  8
LINES
100
AcDbLine
 10
731.3199999999999
 20
221.92
 30
0.0
 11
733.6
 21
221.92
 31
0.0
  0
LINE
  5
1179
330
17
100
AcDbEntity
  8
LINES
100
AcDbLine
 10
732.4
 20
218.07999999999998
 30
0.0
 11
732.4
 21
221.92
 31
0.0
  0
LINE
  5
117A
330
17
100
AcDbEntity
  8
RECTANGLES
100
AcDbLine
 10
734.68
 20
218.07999999999998
 30
0.0
 11
736.8399999999999
 21
218.07999999999998
 31
0.0
  0
LINE
  5
117B
330
17
100
AcDbEntity
  8
RECTANGLES
100
AcDbLine
 10
736.8399999999999
 20
218.07999999999998
 30
0.0
 11
736.8399999999999
 21
221.92
 31
0.0
  0
LINE
  5
117C
330
17
100
AcDbEntity
  8
RECTANGLES
100
AcDbLine
 10
736.8399999999999
 20
221.92
 30
0.0
 11
734.68
 21
221.92
 31
0.0
  0
LINE
  5
117D
330
17
100
AcDbEntity
  8
RECTANGLES
100
AcDbLine
 10
734.68
 20
221.92
 30
0.0
 11
734.68
 21
218.07999999999998
 31
0.0
  0
LINE
  5
117E
330
17
100
AcDbEntity
  8
LINES
100
AcDbLine
 10
716.8
 20
214.0
 30
0.0
 11
717.4
 21
215.32
 31
0.0
  0
LINE
  5
117F
330
17
100
AcDbEntity
  8
LINES
100
AcDbLine
 10
717.4
 20
214.0
 30
0.0
 11
717.88
 21
215.32
 31
0.0
  0
LINE
  5
1180
330
17
100
AcDbEntity
  8
LINES
100
AcDbLine
 10
719.0799999999999
 20
213.28
 30
0.0
 11
721.24
 21
213.28
 31
0.0
  0
LINE
  5
1181
330
17
100
AcDbEntity
  8
LINES
100
AcDbLine
 10
722.4399999999999
 20
212.68
 30
0.0
 11
724.6
 21
212.68
 31
0.0
  0
LINE
  5
1182
330
17
100
AcDbEntity
  8
LINES
100
AcDbLine
 10
726.28
 20
211.35999999999999
 30
0.0
 11
726.28
 21
215.32
 31
0.0
  0
LINE
  5
1183
330
17
100
AcDbEntity
  8
LINES
100
AcDbLine
 10
729.64
 20
211.35999999999999
 30
0.0
 11
729.64
 21
215.32
 31
0.0
  0
LINE
  5
1184
330
17
100
AcDbEntity
  8
LINES
100
AcDbLine
 10
732.4
 20
213.28
 30
0.0
 11
734.68
 21
213.28
 31
0.0
  0
LINE
  5
1185
330
17
100
AcDbEntity
  8
LINES
100
AcDbLine
 10
735.76
 20
211.35999999999999
 30
0.0
 11
736.8399999999999
 21
211.35999999999999
 31
0.0
  0
LINE
  5
1186
330
17
100
AcDbEntity
  8
LINES
100
AcDbLine
 10
741.4
 20
211.35999999999999
 30
0.0
 11
742.48
 21
211.35999999999999
 31
0.0
  0
LINE
  5
1187
330
17
100
AcDbEntity
  8
LINES
100
AcDbLine
 10
743.56
 20
213.28
 30
0.0
 11
745.8399999999999
 21
213.28
 31
0.0
  0
LINE
  5
1188
330
17
100
AcDbEntity
  8
LINES
100
AcDbLine
 10
763.12
 20
213.28
 30
0.0
 11
765.28
 21
213.28
 31
0.0
  0
LINE
  5
1189
330
17
100
AcDbEntity
  8
LINES
100
AcDbLine
 10
766.48
 20
212.68
 30
0.0
 11
768.64
 21
212.68
 31
0.0
  0
LINE
  5
118A
330
17
100
AcDbEntity
  8
LINES
100
AcDbLine
 10
769.72
 20
211.35999999999999
 30
0.0
 11
770.92
 21
211.35999999999999
 31
0.0
  0
LINE
  5
118B
330
17
100
AcDbEntity
  8
LINES
100
AcDbLine
 10
775.36
 20
212.68
 30
0.0
 11
777.52
 21
212.68
 31
0.0
  0
LINE
  5
118C
330
17
100
AcDbEntity
  8
LINES
100
AcDbLine
 10
778.72
 20
213.28
 30
0.0
 11
780.88
 21
213.28
 31
0.0
  0
LINE
  5
118D
330
17
100
AcDbEntity
  8
LINES
100
AcDbLine
 10
785.4399999999999
 20
213.28
 30
0.0
 11
787.6
 21
213.28
 31
0.0
  0
LINE
  5
118E
330
17
100
AcDbEntity
  8
LINES
100
AcDbLine
 10
789.28
 20
211.35999999999999
 30
0.0
 11
789.28
 21
215.32
 31
0.0
  0
LINE
  5
118F
330
17
100
AcDbEntity
  8
LINES
100
AcDbLine
 10
713.4399999999999
 20
206.68
 30
0.0
 11
714.64
 21
206.68
 31
0.0
  0
LINE
  5
1190
330
17
100
AcDbEntity
  8
LINES
100
AcDbLine
 10
713.4399999999999
 20
204.64
 30
0.0
 11
715.72
 21
204.64
 31
0.0
  0
LINE
  5
1191
330
17
100
AcDbEntity
  8
LINES
100
AcDbLine
 10
726.88
 20
204.64
 30
0.0
 11
727.9599999999999
 21
204.64
 31
0.0
  0
LINE
  5
1192
330
17
100
AcDbEntity
  8
LINES
100
AcDbLine
 10
732.4
 20
204.64
 30
0.0
 11
732.4
 21
205.35999999999999
 31
0.0
  0
LINE
  5
1193
330
17
100
AcDbEntity
  8
LINES
100
AcDbLine
 10
733.6
 20
198.04
 30
0.0
 11
733.6
 21
198.64
 31
0.0
  0
LINE
  5
1194
330
17
100
AcDbEntity
  8
LINES
100
AcDbLine
 10
713.4399999999999
 20
193.23999999999998
 30
0.0
 11
714.64
 21
193.23999999999998
 31
0.0
  0
LINE
  5
1195
330
17
100
AcDbEntity
  8
LINES
100
AcDbLine
 10
713.4399999999999
 20
191.32
 30
0.0
 11
715.72
 21
191.32
 31
0.0
  0
LINE
  5
1196
330
17
100
AcDbEntity
  8
LINES
100
AcDbLine
 10
724.6
 20
191.92
 30
0.0
 11
724.6
 21
194.56
 31
0.0
  0
LINE
  5
1197
330
17
100
AcDbEntity
  8
LINES
100
AcDbLine
 10
723.52
 20
193.23999999999998
 30
0.0
 11
725.68
 21
193.23999999999998
 31
0.0
  0
LINE
  5
1198
330
17
100
AcDbEntity
  8
LINES
100
AcDbLine
 10
726.88
 20
191.32
 30
0.0
 11
727.9599999999999
 21
191.32
 31
0.0
  0
LINE
  5
1199
330
17
100
AcDbEntity
  8
LINES
100
AcDbLine
 10
734.68
 20
191.32
 30
0.0
 11
734.68
 21
191.92
 31
0.0
  0
LINE
  5
119A
330
17
100
AcDbEntity
  8
LINES
100
AcDbLine
 10
341.44
 20
218.07999999999998
 30
0.0
 11
342.76
 21
218.07999999999998
 31
0.0
  0
LINE
  5
119B
330
17
100
AcDbEntity
  8
LINES
100
AcDbLine
 10
344.08
 20
211.6
 30
0.0
 11
344.08
 21
214.23999999999998
 31
0.0
  0
LINE
  5
119C
330
17
100
AcDbEntity
  8
LINES
100
AcDbLine
 10
345.28
 20
210.28
 30
0.0
 11
345.28
 21
214.23999999999998
 31
0.0
  0
LINE
  5
119D
330
17
100
AcDbEntity
  8
LINES
100
AcDbLine
 10
349.24
 20
210.28
 30
0.0
 11
349.24
 21
214.23999999999998
 31
0.0
  0
LINE
  5
119E
330
17
100
AcDbEntity
  8
LINES
100
AcDbLine
 10
357.03999999999996
 20
211.6
 30
0.0
 11
357.03999999999996
 21
214.23999999999998
 31
0.0
  0
LINE
  5
119F
330
17
100
AcDbEntity
  8
LINES
100
AcDbLine
 10
361.0
 20
214.23999999999998
 30
0.0
 11
363.52
 21
214.23999999999998
 31
0.0
  0
LINE
  5
11A0
330
17
100
AcDbEntity
  8
LINES
100
AcDbLine
 10
368.8
 20
211.6
 30
0.0
 11
368.8
 21
214.23999999999998
 31
0.0
  0
LINE
  5
11A1
330
17
100
AcDbEntity
  8
LINES
100
AcDbLine
 10
368.8
 20
214.84
 30
0.0
 11
368.8
 21
215.56
 31
0.0
  0
LINE
  5
11A2
330
17
100
AcDbEntity
  8
LINES
100
AcDbLine
 10
381.76
 20
213.51999999999998
 30
0.0
 11
383.68
 21
213.51999999999998
 31
0.0
  0
LINE
  5
11A3
330
17
100
AcDbEntity
  8
LINES
100
AcDbLine
 10
385.59999999999997
 20
213.51999999999998
 30
0.0
 11
387.64
 21
213.51999999999998
 31
0.0
  0
LINE
  5
11A4
330
17
100
AcDbEntity
  8
LINES
100
AcDbLine
 10
391.47999999999996
 20
211.6
 30
0.0
 11
391.47999999999996
 21
214.23999999999998
 31
0.0
  0
LINE
  5
11A5
330
17
100
AcDbEntity
  8
LINES
100
AcDbLine
 10
391.47999999999996
 20
214.84
 30
0.0
 11
391.47999999999996
 21
215.56
 31
0.0
  0
LINE
  5
11A6
330
17
100
AcDbEntity
  8
LINES
100
AcDbLine
 10
392.8
 20
211.6
 30
0.0
 11
392.8
 21
214.23999999999998
 31
0.0
  0
LINE
  5
11A7
330
17
100
AcDbEntity
  8
LINES
100
AcDbLine
 10
406.47999999999996
 20
211.6
 30
0.0
 11
407.08
 21
212.2
 31
0.0
  0
LINE
  5
11A8
330
17
100
AcDbEntity
  8
LINES
100
AcDbLine
 10
408.4
 20
214.23999999999998
 30
0.0
 11
411.03999999999996
 21
214.23999999999998
 31
0.0
  0
LINE
  5
11A9
330
17
100
AcDbEntity
  8
LINES
100
AcDbLine
 10
337.47999999999996
 20
207.04
 30
0.0
 11
338.8
 21
207.04
 31
0.0
  0
LINE
  5
11AA
330
17
100
AcDbEntity
  8
LINES
100
AcDbLine
 10
337.47999999999996
 20
205.12
 30
0.0
 11
340.12
 21
205.12
 31
0.0
  0
LINE
  5
11AB
330
17
100
AcDbEntity
  8
LINES
100
AcDbLine
 10
353.08
 20
205.12
 30
0.0
 11
354.4
 21
205.12
 31
0.0
  0
LINE
  5
11AC
330
17
100
AcDbEntity
  8
LINES
100
AcDbLine
 10
361.0
 20
198.64
 30
0.0
 11
362.2
 21
198.64
 31
0.0
  0
LINE
  5
11AD
330
17
100
AcDbEntity
  8
LINES
100
AcDbLine
 10
337.47999999999996
 20
194.07999999999998
 30
0.0
 11
338.8
 21
194.07999999999998
 31
0.0
  0
LINE
  5
11AE
330
17
100
AcDbEntity
  8
LINES
100
AcDbLine
 10
337.47999999999996
 20
192.04
 30
0.0
 11
340.12
 21
192.04
 31
0.0
  0
LINE
  5
11AF
330
17
100
AcDbEntity
  8
LINES
100
AcDbLine
 10
350.56
 20
192.76
 30
0.0
 11
350.56
 21
195.4
 31
0.0
  0
LINE
  5
11B0
330
17
100
AcDbEntity
  8
LINES
100
AcDbLine
 10
349.24
 20
194.07999999999998
 30
0.0
 11
351.88
 21
194.07999999999998
 31
0.0
  0
LINE
  5
11B1
330
17
100
AcDbEntity
  8
LINES
100
AcDbLine
 10
353.08
 20
192.04
 30
0.0
 11
354.4
 21
192.04
 31
0.0
  0
LINE
  5
11B2
330
17
100
AcDbEntity
  8
LINES
100
AcDbLine
 10
362.2
 20
192.04
 30
0.0
 11
363.52
 21
192.04
 31
0.0
  0
LINE
  5
11B3
330
17
100
AcDbEntity
  8
LINES
100
AcDbLine
 10
521.8
 20
277.96
 30
0.0
 11
523.0
 21
277.96
 31
0.0
  0
LINE
  5
11B4
330
17
100
AcDbEntity
  8
LINES
100
AcDbLine
 10
521.8
 20
273.4
 30
0.0
 11
524.3199999999999
 21
273.4
 31
0.0
  0
LINE
  5
11B5
330
17
100
AcDbEntity
  8
LINES
100
AcDbLine
 10
525.64
 20
271.48
 30
0.0
 11
526.96
 21
271.48
 31
0.0
  0
LINE
  5
11B6
330
17
100
AcDbEntity
  8
LINES
100
AcDbLine
 10
532.12
 20
271.48
 30
0.0
 11
533.4399999999999
 21
271.48
 31
0.0
  0
LINE
  5
11B7
330
17
100
AcDbEntity
  8
LINES
100
AcDbLine
 10
534.76
 20
273.4
 30
0.0
 11
537.4
 21
273.4
 31
0.0
  0
LINE
  5
11B8
330
17
100
AcDbEntity
  8
LINES
100
AcDbLine
 10
538.6
 20
271.48
 30
0.0
 11
539.92
 21
271.48
 31
0.0
  0
LINE
  5
11B9
330
17
100
AcDbEntity
  8
LINES
100
AcDbLine
 10
430.24
 20
267.52
 30
0.0
 11
430.47999999999996
 21
267.52
 31
0.0
  0
LINE
  5
11BA
330
17
100
AcDbEntity
  8
LINES
100
AcDbLine
 10
430.24
 20
268.36
 30
0.0
 11
430.47999999999996
 21
268.36
 31
0.0
  0
LINE
  5
11BB
330
17
100
AcDbEntity
  8
LINES
100
AcDbLine
 10
430.24
 20
269.32
 30
0.0
 11
430.47999999999996
 21
269.32
 31
0.0
  0
LINE
  5
11BC
330
17
100
AcDbEntity
  8
LINES
100
AcDbLine
 10
430.24
 20
270.28
 30
0.0
 11
430.47999999999996
 21
270.28
 31
0.0
  0
LINE
  5
11BD
330
17
100
AcDbEntity
  8
LINES
100
AcDbLine
 10
430.24
 20
271.12
 30
0.0
 11
430.47999999999996
 21
271.12
 31
0.0
  0
LINE
  5
11BE
330
17
100
AcDbEntity
  8
LINES
100
AcDbLine
 10
430.24
 20
272.08
 30
0.0
 11
430.47999999999996
 21
272.08
 31
0.0
  0
LINE
  5
11BF
330
17
100
AcDbEntity
  8
LINES
100
AcDbLine
 10
430.24
 20
273.03999999999996
 30
0.0
 11
430.47999999999996
 21
273.03999999999996
 31
0.0
  0
LINE
  5
11C0
330
17
100
AcDbEntity
  8
LINES
100
AcDbLine
 10
430.24
 20
274.0
 30
0.0
 11
430.47999999999996
 21
274.0
 31
0.0
  0
LINE
  5
11C1
330
17
100
AcDbEntity
  8
LINES
100
AcDbLine
 10
430.24
 20
274.84000000000003
 30
0.0
 11
430.47999999999996
 21
274.84000000000003
 31
0.0
  0
LINE
  5
11C2
330
17
100
AcDbEntity
  8
LINES
100
AcDbLine
 10
430.24
 20
275.79999999999995
 30
0.0
 11
430.47999999999996
 21
275.79999999999995
 31
0.0
  0
LINE
  5
11C3
330
17
100
AcDbEntity
  8
LINES
100
AcDbLine
 10
430.24
 20
276.76
 30
0.0
 11
430.47999999999996
 21
276.76
 31
0.0
  0
LINE
  5
11C4
330
17
100
AcDbEntity
  8
LINES
100
AcDbLine
 10
430.24
 20
277.72
 30
0.0
 11
430.47999999999996
 21
277.72
 31
0.0
  0
LINE
  5
11C5
330
17
100
AcDbEntity
  8
LINES
100
AcDbLine
 10
430.24
 20
278.56
 30
0.0
 11
430.47999999999996
 21
278.56
 31
0.0
  0
LINE
  5
11C6
330
17
100
AcDbEntity
  8
LINES
100
AcDbLine
 10
430.24
 20
279.52
 30
0.0
 11
430.47999999999996
 21
279.52
 31
0.0
  0
LINE
  5
11C7
330
17
100
AcDbEntity
  8
LINES
100
AcDbLine
 10
430.24
 20
280.48
 30
0.0
 11
430.47999999999996
 21
280.48
 31
0.0
  0
LINE
  5
11C8
330
17
100
AcDbEntity
  8
LINES
100
AcDbLine
 10
430.24
 20
281.44
 30
0.0
 11
430.47999999999996
 21
281.44
 31
0.0
  0
LINE
  5
11C9
330
17
100
AcDbEntity
  8
LINES
100
AcDbLine
 10
430.24
 20
282.28
 30
0.0
 11
430.47999999999996
 21
282.28
 31
0.0
  0
LINE
  5
11CA
330
17
100
AcDbEntity
  8
LINES
100
AcDbLine
 10
430.24
 20
283.24
 30
0.0
 11
430.47999999999996
 21
283.24
 31
0.0
  0
LINE
  5
11CB
330
17
100
AcDbEntity
  8
LINES
100
AcDbLine
 10
430.24
 20
284.2
 30
0.0
 11
430.47999999999996
 21
284.2
 31
0.0
  0
LINE
  5
11CC
330
17
100
AcDbEntity
  8
LINES
100
AcDbLine
 10
430.24
 20
285.15999999999997
 30
0.0
 11
430.47999999999996
 21
285.15999999999997
 31
0.0
  0
LINE
  5
11CD
330
17
100
AcDbEntity
  8
LINES
100
AcDbLine
 10
430.24
 20
286.0
 30
0.0
 11
430.47999999999996
 21
286.0
 31
0.0
  0
LINE
  5
11CE
330
17
100
AcDbEntity
  8
LINES
100
AcDbLine
 10
430.24
 20
286.96
 30
0.0
 11
430.47999999999996
 21
286.96
 31
0.0
  0
LINE
  5
11CF
330
17
100
AcDbEntity
  8
LINES
100
AcDbLine
 10
430.24
 20
287.92
 30
0.0
 11
430.47999999999996
 21
287.92
 31
0.0
  0
LINE
  5
11D0
330
17
100
AcDbEntity
  8
LINES
100
AcDbLine
 10
430.24
 20
288.88
 30
0.0
 11
430.47999999999996
 21
288.88
 31
0.0
  0
LINE
  5
11D1
330
17
100
AcDbEntity
  8
LINES
100
AcDbLine
 10
430.24
 20
289.71999999999997
 30
0.0
 11
430.47999999999996
 21
289.71999999999997
 31
0.0
  0
LINE
  5
11D2
330
17
100
AcDbEntity
  8
LINES
100
AcDbLine
 10
430.24
 20
290.68
 30
0.0
 11
430.47999999999996
 21
290.68
 31
0.0
  0
LINE
  5
11D3
330
17
100
AcDbEntity
  8
LINES
100
AcDbLine
 10
430.24
 20
291.64
 30
0.0
 11
430.47999999999996
 21
291.64
 31
0.0
  0
LINE
  5
11D4
330
17
100
AcDbEntity
  8
LINES
100
AcDbLine
 10
430.24
 20
292.59999999999997
 30
0.0
 11
430.47999999999996
 21
292.59999999999997
 31
0.0
  0
LINE
  5
11D5
330
17
100
AcDbEntity
  8
LINES
100
AcDbLine
 10
430.24
 20
292.96
 30
0.0
 11
430.47999999999996
 21
292.96
 31
0.0
  0
LINE
  5
11D6
330
17
100
AcDbEntity
  8
LINES
100
AcDbLine
 10
430.35999999999996
 20
241.6
 30
0.0
 11
430.59999999999997
 21
241.6
 31
0.0
  0
LINE
  5
11D7
330
17
100
AcDbEntity
  8
LINES
100
AcDbLine
 10
430.35999999999996
 20
242.56
 30
0.0
 11
430.47999999999996
 21
242.56
 31
0.0
  0
LINE
  5
11D8
330
17
100
AcDbEntity
  8
LINES
100
AcDbLine
 10
430.35999999999996
 20
243.4
 30
0.0
 11
430.47999999999996
 21
243.4
 31
0.0
  0
LINE
  5
11D9
330
17
100
AcDbEntity
  8
LINES
100
AcDbLine
 10
430.35999999999996
 20
244.35999999999999
 30
0.0
 11
430.47999999999996
 21
244.35999999999999
 31
0.0
  0
LINE
  5
11DA
330
17
100
AcDbEntity
  8
LINES
100
AcDbLine
 10
430.35999999999996
 20
245.32
 30
0.0
 11
430.47999999999996
 21
245.32
 31
0.0
  0
LINE
  5
11DB
330
17
100
AcDbEntity
  8
LINES
100
AcDbLine
 10
430.35999999999996
 20
246.16
 30
0.0
 11
430.47999999999996
 21
246.16
 31
0.0
  0
LINE
  5
11DC
330
17
100
AcDbEntity
  8
LINES
100
AcDbLine
 10
430.35999999999996
 20
247.12
 30
0.0
 11
430.47999999999996
 21
247.12
 31
0.0
  0
LINE
  5
11DD
330
17
100
AcDbEntity
  8
LINES
100
AcDbLine
 10
430.35999999999996
 20
248.07999999999998
 30
0.0
 11
430.47999999999996
 21
248.07999999999998
 31
0.0
  0
LINE
  5
11DE
330
17
100
AcDbEntity
  8
LINES
100
AcDbLine
 10
430.35999999999996
 20
249.04
 30
0.0
 11
430.47999999999996
 21
249.04
 31
0.0
  0
LINE
  5
11DF
330
17
100
AcDbEntity
  8
LINES
100
AcDbLine
 10
430.35999999999996
 20
249.88
 30
0.0
 11
430.47999999999996
 21
249.88
 31
0.0
  0
LINE
  5
11E0
330
17
100
AcDbEntity
  8
LINES
100
AcDbLine
 10
430.35999999999996
 20
250.84
 30
0.0
 11
430.47999999999996
 21
250.84
 31
0.0
  0
LINE
  5
11E1
330
17
100
AcDbEntity
  8
LINES
100
AcDbLine
 10
430.35999999999996
 20
251.79999999999998
 30
0.0
 11
430.47999999999996
 21
251.79999999999998
 31
0.0
  0
LINE
  5
11E2
330
17
100
AcDbEntity
  8
LINES
100
AcDbLine
 10
430.35999999999996
 20
252.76
 30
0.0
 11
430.47999999999996
 21
252.76
 31
0.0
  0
LINE
  5
11E3
330
17
100
AcDbEntity
  8
LINES
100
AcDbLine
 10
430.35999999999996
 20
253.6
 30
0.0
 11
430.47999999999996
 21
253.6
 31
0.0
  0
LINE
  5
11E4
330
17
100
AcDbEntity
  8
LINES
100
AcDbLine
 10
430.35999999999996
 20
254.56
 30
0.0
 11
430.47999999999996
 21
254.56
 31
0.0
  0
LINE
  5
11E5
330
17
100
AcDbEntity
  8
LINES
100
AcDbLine
 10
430.35999999999996
 20
255.51999999999998
 30
0.0
 11
430.47999999999996
 21
255.51999999999998
 31
0.0
  0
LINE
  5
11E6
330
17
100
AcDbEntity
  8
LINES
100
AcDbLine
 10
430.35999999999996
 20
256.48
 30
0.0
 11
430.47999999999996
 21
256.48
 31
0.0
  0
LINE
  5
11E7
330
17
100
AcDbEntity
  8
LINES
100
AcDbLine
 10
430.35999999999996
 20
257.32
 30
0.0
 11
430.47999999999996
 21
257.32
 31
0.0
  0
LINE
  5
11E8
330
17
100
AcDbEntity
  8
LINES
100
AcDbLine
 10
430.35999999999996
 20
258.28
 30
0.0
 11
430.47999999999996
 21
258.28
 31
0.0
  0
LINE
  5
11E9
330
17
100
AcDbEntity
  8
LINES
100
AcDbLine
 10
430.35999999999996
 20
259.24
 30
0.0
 11
430.47999999999996
 21
259.24
 31
0.0
  0
LINE
  5
11EA
330
17
100
AcDbEntity
  8
LINES
100
AcDbLine
 10
430.35999999999996
 20
260.2
 30
0.0
 11
430.47999999999996
 21
260.2
 31
0.0
  0
LINE
  5
11EB
330
17
100
AcDbEntity
  8
LINES
100
AcDbLine
 10
430.35999999999996
 20
261.03999999999996
 30
0.0
 11
430.47999999999996
 21
261.03999999999996
 31
0.0
  0
LINE
  5
11EC
330
17
100
AcDbEntity
  8
LINES
100
AcDbLine
 10
430.35999999999996
 20
262.0
 30
0.0
 11
430.47999999999996
 21
262.0
 31
0.0
  0
LINE
  5
11ED
330
17
100
AcDbEntity
  8
LINES
100
AcDbLine
 10
430.35999999999996
 20
262.96
 30
0.0
 11
430.47999999999996
 21
262.96
 31
0.0
  0
LINE
  5
11EE
330
17
100
AcDbEntity
  8
LINES
100
AcDbLine
 10
430.35999999999996
 20
263.91999999999996
 30
0.0
 11
430.47999999999996
 21
263.91999999999996
 31
0.0
  0
LINE
  5
11EF
330
17
100
AcDbEntity
  8
LINES
100
AcDbLine
 10
430.35999999999996
 20
264.76
 30
0.0
 11
430.47999999999996
 21
264.76
 31
0.0
  0
LINE
  5
11F0
330
17
100
AcDbEntity
  8
LINES
100
AcDbLine
 10
430.35999999999996
 20
265.72
 30
0.0
 11
430.47999999999996
 21
265.72
 31
0.0
  0
LINE
  5
11F1
330
17
100
AcDbEntity
  8
LINES
100
AcDbLine
 10
430.35999999999996
 20
266.67999999999995
 30
0.0
 11
430.47999999999996
 21
266.67999999999995
 31
0.0
  0
LINE
  5
11F2
330
17
100
AcDbEntity
  8
LINES
100
AcDbLine
 10
430.35999999999996
 20
267.15999999999997
 30
0.0
 11
430.47999999999996
 21
267.15999999999997
 31
0.0
  0
LINE
  5
11F3
330
17
100
AcDbEntity
  8
LINES
100
AcDbLine
 10
360.64
 20
218.56
 30
0.0
 11
430.59999999999997
 21
241.0
 31
0.0
  0
LINE
  5
11F4
330
17
100
AcDbEntity
  8
LINES
100
AcDbLine
 10
540.64
 20
280.6
 30
0.0
 11
542.92
 21
280.6
 31
0.0
  0
LINE
  5
11F5
330
17
100
AcDbEntity
  8
LINES
100
AcDbLine
 10
544.0
 20
278.67999999999995
 30
0.0
 11
545.1999999999999
 21
278.67999999999995
 31
0.0
  0
LINE
  5
11F6
330
17
100
AcDbEntity
  8
LINES
100
AcDbLine
 10
342.88
 20
226.72
 30
0.0
 11
345.03999999999996
 21
226.72
 31
0.0
  0
LINE
  5
11F7
330
17
100
AcDbEntity
  8
LINES
100
AcDbLine
 10
957.76
 20
333.03999999999996
 30
0.0
 11
959.56
 21
333.03999999999996
 31
0.0
  0
LINE
  5
11F8
330
17
100
AcDbEntity
  8
LINES
100
AcDbLine
 10
961.48
 20
335.8
 30
0.0
 11
965.1999999999999
 21
335.8
 31
0.0
  0
LINE
  5
11F9
330
17
100
AcDbEntity
  8
LINES
100
AcDbLine
 10
972.64
 20
336.76
 30
0.0
 11
973.5999999999999
 21
338.56
 31
0.0
  0
LINE
  5
11FA
330
17
100
AcDbEntity
  8
LINES
100
AcDbLine
 10
973.5999999999999
 20
336.76
 30
0.0
 11
974.4399999999999
 21
338.56
 31
0.0
  0
LINE
  5
11FB
330
17
100
AcDbEntity
  8
LINES
100
AcDbLine
 10
976.36
 20
335.8
 30
0.0
 11
980.0799999999999
 21
335.8
 31
0.0
  0
LINE
  5
11FC
330
17
100
AcDbEntity
  8
LINES
100
AcDbLine
 10
987.52
 20
336.76
 30
0.0
 11
988.36
 21
338.56
 31
0.0
  0
LINE
  5
11FD
330
17
100
AcDbEntity
  8
LINES
100
AcDbLine
 10
988.36
 20
336.76
 30
0.0
 11
989.3199999999999
 21
338.56
 31
0.0
  0
LINE
  5
11FE
330
17
100
AcDbEntity
  8
LINES
100
AcDbLine
 10
991.24
 20
335.8
 30
0.0
 11
994.9599999999999
 21
335.8
 31
0.0
  0
LINE
  5
11FF
330
17
100
AcDbEntity
  8
LINES
100
AcDbLine
 10
1012.5999999999999
 20
335.8
 30
0.0
 11
1016.3199999999999
 21
335.8
 31
0.0
  0
LINE
  5
1200
330
17
100
AcDbEntity
  8
LINES
100
AcDbLine
 10
1018.12
 20
338.56
 30
0.0
 11
1021.8399999999999
 21
338.56
 31
0.0
  0
LINE
  5
1201
330
17
100
AcDbEntity
  8
LINES
100
AcDbLine
 10
1020.04
 20
333.03999999999996
 30
0.0
 11
1020.04
 21
338.56
 31
0.0
  0
LINE
  5
1202
330
17
100
AcDbEntity
  8
LINES
100
AcDbLine
 10
1023.76
 20
333.03999999999996
 30
0.0
 11
1025.56
 21
333.03999999999996
 31
0.0
  0
LINE
  5
1203
330
17
100
AcDbEntity
  8
LINES
100
AcDbLine
 10
952.24
 20
326.56
 30
0.0
 11
954.04
 21
326.56
 31
0.0
  0
LINE
  5
1204
330
17
100
AcDbEntity
  8
LINES
100
AcDbLine
 10
963.28
 20
326.56
 30
0.0
 11
967.0
 21
326.56
 31
0.0
  0
LINE
  5
1205
330
17
100
AcDbEntity
  8
LINES
100
AcDbLine
 10
968.92
 20
323.68
 30
0.0
 11
970.7199999999999
 21
323.68
 31
0.0
  0
LINE
  5
1206
330
17
100
AcDbEntity
  8
LINES
100
AcDbLine
 10
822.04
 20
334.59999999999997
 30
0.0
 11
823.36
 21
334.59999999999997
 31
0.0
  0
LINE
  5
1207
330
17
100
AcDbEntity
  8
LINES
100
AcDbLine
 10
822.28
 20
326.8
 30
0.0
 11
823.48
 21
326.8
 31
0.0
  0
LINE
  5
1208
330
17
100
AcDbEntity
  8
LINES
100
AcDbLine
 10
1119.1599999999999
 20
333.76
 30
0.0
 11
1120.48
 21
333.76
 31
0.0
  0
LINE
  5
1209
330
17
100
AcDbEntity
  8
LINES
100
AcDbLine
 10
1118.92
 20
326.32
 30
0.0
 11
1120.24
 21
326.32
 31
0.0
  0
ENDSEC
  0
SECTION
  2
OBJECTS
  0
DICTIONARY
  5
A
330
0
100
AcDbDictionary
280
0
281
1
  3
ACAD_COLOR
350
B
  3
ACAD_GROUP
350
C
  3
ACAD_LAYOUT
350
D
  3
ACAD_MATERIAL
350
E
  3
ACAD_MLEADERSTYLE
350
F
  3
ACAD_MLINESTYLE
350
10
  3
ACAD_PLOTSETTINGS
350
11
  3
ACAD_PLOTSTYLENAME
350
12
  3
ACAD_SCALELIST
350
14
  3
ACAD_TABLESTYLE
350
15
  3
ACAD_VISUALSTYLE
350
16
  3
EZDXF_META
350
2D
  0
DICTIONARY
  5
B
330
A
100
AcDbDictionary
280
0
281
1
  0
DICTIONARY
  5
C
330
A
100
AcDbDictionary
280
0
281
1
  0
DICTIONARY
  5
D
330
A
100
AcDbDictionary
280
0
281
1
  3
Model
350
1A
  3
Layout1
350
1E
  0
DICTIONARY
  5
E
330
A
100
AcDbDictionary
280
0
281
1
  3
ByBlock
350
1F
  3
ByLayer
350
20
  3
Global
350
21
  0
DICTIONARY
  5
F
330
A
100
AcDbDictionary
280
0
281
1
  3
Standard
350
2C
  0
DICTIONARY
  5
10
330
A
100
AcDbDictionary
280
0
281
1
  3
Standard
350
22
  0
DICTIONARY
  5
11
330
A
100
AcDbDictionary
280
0
281
1
  0
ACDBDICTIONARYWDFLT
  5
12
330
A
100
AcDbDictionary
280
0
281
1
  3
Normal
350
13
100
AcDbDictionaryWithDefault
340
13
  0
ACDBPLACEHOLDER
  5
13
330
12
  0
DICTIONARY
  5
14
330
A
100
AcDbDictionary
280
0
281
1
  0
DICTIONARY
  5
15
330
A
100
AcDbDictionary
280
0
281
1
  0
DICTIONARY
  5
16
330
A
100
AcDbDictionary
280
0
281
1
  0
LAYOUT
  5
1A
330
D
100
AcDbPlotSettings
  1

  4
A3
  6

 40
7.5
 41
20.0
 42
7.5
 43
20.0
 44
420.0
 45
297.0
 46
0.0
 47
0.0
 48
0.0
 49
0.0
140
0.0
141
0.0
142
1.0
143
1.0
 70
1024
 72
1
 73
0
 74
5
  7

 75
16
 76
0
 77
2
 78
300
147
1.0
148
0.0
149
0.0
100
AcDbLayout
  1
Model
 70
1
 71
0
 10
0.0
 20
0.0
 11
420.0
 21
297.0
 12
0.0
 22
0.0
 32
0.0
 14
1e+20
 24
1e+20
 34
1e+20
 15
-1e+20
 25
-1e+20
 35
-1e+20
146
0.0
 13
0.0
 23
0.0
 33
0.0
 16
1.0
 26
0.0
 36
0.0
 17
0.0
 27
1.0
 37
0.0
 76
1
330
17
  0
LAYOUT
  5
1E
330
D
100
AcDbPlotSettings
  1

  4
A3
  6

 40
7.5
 41
20.0
 42
7.5
 43
20.0
 44
420.0
 45
297.0
 46
0.0
 47
0.0
 48
0.0
 49
0.0
140
0.0
141
0.0
142
1.0
143
1.0
 70
0
 72
1
 73
0
 74
5
  7

 75
16
 76
0
 77
2
 78
300
147
1.0
148
0.0
149
0.0
100
AcDbLayout
  1
Layout1
 70
1
 71
1
 10
0.0
 20
0.0
 11
420.0
 21
297.0
 12
0.0
 22
0.0
 32
0.0
 14
1e+20
 24
1e+20
 34
1e+20
 15
-1e+20
 25
-1e+20
 35
-1e+20
146
0.0
 13
0.0
 23
0.0
 33
0.0
 16
1.0
 26
0.0
 36
0.0
 17
0.0
 27
1.0
 37
0.0
 76
1
330
1B
  0
MATERIAL
  5
1F
102
{ACAD_REACTORS
330
E
102
}
330
E
100
AcDbMaterial
  1
ByBlock
  2

 70
0
 40
1.0
 71
1
 41
1.0
 91
-1023410177
 42
1.0
 72
1
  3

 73
1
 74
1
 75
1
 44
0.5
 73
0
 45
1.0
 46
1.0
 77
1
  4

 78
1
 79
1
170
1
 48
1.0
171
1
  6

172
1
173
1
174
1
140
1.0
141
1.0
175
1
  7

176
1
177
1
178
1
143
1.0
179
1
  8

270
1
271
1
272
1
145
1.0
146
1.0
273
1
  9

274
1
275
1
276
1
 42
1.0
 72
1
  3

 73
1
 74
1
 75
1
 94
63
  0
MATERIAL
  5
20
102
{ACAD_REACTORS
330
E
102
}
330
E
100
AcDbMaterial
  1
ByLayer
  2

 70
0
 40
1.0
 71
1
 41
1.0
 91
-1023410177
 42
1.0
 72
1
  3

 73
1
 74
1
 75
1
 44
0.5
 73
0
 45
1.0
 46
1.0
 77
1
  4

 78
1
 79
1
170
1
 48
1.0
171
1
  6

172
1
173
1
174
1
140
1.0
141
1.0
175
1
  7

176
1
177
1
178
1
143
1.0
179
1
  8

270
1
271
1
272
1
145
1.0
146
1.0
273
1
  9

274
1
275
1
276
1
 42
1.0
 72
1
  3

 73
1
 74
1
 75
1
 94
63
  0
MATERIAL
  5
21
102
{ACAD_REACTORS
330
E
102
}
330
E
100
AcDbMaterial
  1
Global
  2

 70
0
 40
1.0
 71
1
 41
1.0
 91
-1023410177
 42
1.0
 72
1
  3

 73
1
 74
1
 75
1
 44
0.5
 73
0
 45
1.0
 46
1.0
 77
1
  4

 78
1
 79
1
170
1
 48
1.0
171
1
  6

172
1
173
1
174
1
140
1.0
141
1.0
175
1
  7

176
1
177
1
178
1
143
1.0
179
1
  8

270
1
271
1
272
1
145
1.0
146
1.0
273
1
  9

274
1
275
1
276
1
 42
1.0
 72
1
  3

 73
1
 74
1
 75
1
 94
63
  0
MLINESTYLE
  5
22
102
{ACAD_REACTORS
330
10
102
}
330
10
100
AcDbMlineStyle
  2
Standard
 70
0
  3

 62
256
 51
90.0
 52
90.0
 71
2
 49
0.5
 62
256
  6
BYLAYER
 49
-0.5
 62
256
  6
BYLAYER
  0
MLEADERSTYLE
  5
2C
102
{ACAD_REACTORS
330
F
102
}
330
F
100
AcDbMLeaderStyle
179
2
170
2
171
1
172
0
 90
2
 40
0.0
 41
0.0
173
1
 91
-1056964608
 92
-2
290
1
 42
2.0
291
1
 43
8.0
  3
Standard
 44
4.0
300

342
29
174
1
175
1
176
0
178
1
 93
-1056964608
 45
4.0
292
0
297
0
 46
4.0
 94
-1056964608
 47
1.0
 49
1.0
140
1.0
294
1
141
0.0
177
0
142
1.0
295
0
296
0
143
3.75
271
0
272
9
273
9
  0
DICTIONARY
  5
2D
330
A
100
AcDbDictionary
281
1
  3
CREATED_BY_EZDXF
350
2E
  3
WRITTEN_BY_EZDXF
350
120C
  0
DICTIONARYVAR
  5
2E
330
2D
100
DictionaryVariables
280
0
  1
1.3.4 @ 2026-05-21T13:32:53.981126+00:00
  0
DICTIONARYVAR
  5
120C
330
2D
100
DictionaryVariables
280
0
  1
1.3.4 @ 2026-05-21T13:32:54.218326+00:00
  0
ENDSEC
  0
EOF
